:10200000F0FF0320CD0E03006BBD02001717030085
:102010003F2D0300AF3103008735030000000000AF
:10202000000000000000000000000000C165030087
:10203000CF19030000000000C11E0300E952030095
:10204000D3750300D3750300D3750300D375030064
:10205000D3750300D3750300D3750300D375030054
:10206000D3750300D3750300D3750300D375030044
:10207000D37503008D670300AD670300D3750300BC
:10208000D3750300CD670300ED6703000D680300FF
:1020900025650300496503006D650300D95E0300F3
:1020A000015F0300D3750300D3750300D3750300EC
:1020B000D3750300D3750300D3750300D3750300F4
:1020C000D3750300D3750300D3750300D3750300E4
:1020D000D3750300D3750300D3750300D3750300D4
:1020E000D3750300D375030000000000000000005A
:1020F00000000000D3750300D3750300D3750300FF
:10210000D3750300D3750300D3750300D3750300A3
:10211000D3750300D37503007D2603007D260300DD
:102120007D2603007D26030015D0020015D0020095
:1021300015D0020015D00200012403000124030081
:102140000124030001240300CD250300CD25030055
:10215000CD250300CD2503002526030025260300F9
:102160002526030025260300D5260300D5260300D7
:10217000D5260300D52603007DF9020099FC020054
:10218000D3750300D3750300D3750300D375030023
:1021900000000000D3750300D3750300D37503005E
:1021A000D3750300D3750300D3750300D375030003
:1021B000D3750300D3750300D3750300D3750300F3
:1021C000D3750300D3750300D3750300D3750300E3
:1021D000D3750300D3750300D3750300D3750300D3
:1021E000D3750300D3750300D3750300D3750300C3
:1021F00065520300D3750300D3750300D375030044
:1022000091520300D3750300D3750300D375030007
:10221000D3750300D3750300D3750300D375030092
:10222000D3750300D3750300D3750300D375030082
:10223000D3750300D3750300D3750300D375030072
:10224000D3750300D3750300D3750300D375030062
:10225000D3750300D3750300D3750300D375030052
:10226000F8B500BFF8BC08BC9E467047AD3503000A
:10227000F8B500BFF8BC08BC9E467047893503001E
:1022800094870200010000002DE9F04FEBB000241C
:102290006894699466948DF89C41ADF89441639478
:1022A000649462945F9460948DF884415C945D942E
:1022B0005E9459945A945B94569457945894CA22B5
:1022C00021460EA835F0C6FA0C940D94A64FA74CE3
:1022D000DFF8F882DFF8F8A2DFF8F892DFF8F8B25A
:1022E000EFE1A34B18682EF0D7FC0025AAF80050A8
:1022F000A9F800509F4B1D709F4B1D809F4B1D7078
:102300002A4668A99E4B18682CF014FC2A4666A938
:102310009C4B18682CF00EFC2A4665A99A4B18684D
:102320002CF008FC9DF8A731012B40F094819DF81A
:102330009A31002B40F08F819DF899316D2B24D874
:102340009DF89931632B00F28681904E5C96402374
:102350008DF87A318E4D002364225CA928682CF018
:10236000CBFA4FF47A7032F02BFB5C9600238DF899
:102370007A3164225CA928682CF0BEFA642032F01D
:102380001FFB844B01221A7065E1804E5C9640234E
:102390008DF87A317E4D002364225CA928682CF0E8
:1023A000ABFA4FF47A7032F00BFB5C9600238DF899
:1023B0007A3164225CA928682CF09EFA642032F0FD
:1023C000FFFA744B01221A700C2388F80030B7E72B
:1023D000714B599300258DF868512B46642259A9F9
:1023E0006E4800682CF088FA642032F0E9FA6C4BF1
:1023F000569301268DF85C618DF85D518DF85E5124
:102400002B46642256A9674800682CF075FA6420B0
:1024100032F0D6FA5D4B5C938DF875612B466422E1
:102420005CA95B4800682CF067FA642032F0C8FAB7
:102430002A4665A9544B18682CF07CFB9DF8943112
:10244000B34240F00881534B02221A7003E14F4D12
:102450005C9540238DF87A314D4E002364225CA9AF
:1024600030682CF049FA4FF47A7032F0A9FA5C9592
:1024700000258DF87A512B4664225CA930682CF037
:102480003BFA642032F09CFA2A4666A93D4B186854
:102490002CF050FB002800F0DE809DF89931503B75
:1024A000DBB21D2B12D8404B4FF48032C3F894207E
:1024B000092388F800303D4B01221A703C4B1B78F1
:1024C000022B37D03B4A1368013313609DF89931D2
:1024D0006D2B1BD9384B1B7893B9374B1B7823B91D
:1024E000314B4FF48032C3F89820344B18682DF0EC
:1024F00011F94FF6FF7031F067FA314B1B7853B387
:102500002A4B00221A700C2388F80030294B1B68D4
:102510001E2B40F3A080274B00221A60264B1B780D
:1025200023B9214B4FF48032C3F89820194B002275
:102530001A7090E01E4B5B789342C3D1154B032277
:102540001A702A468DF82050022308A91D480068F9
:102550002CF0D2F9B6E71A4B01221A701A4B1878F0
:102560002FF044FCCCE700BFE59B0120E89A012056
:10257000BC990120069C01201E970120DB9B0120B5
:10258000989A01209C9A0120C09A012002C4EC155F
:10259000609A0120B19B012001C4EC15449A0120EE
:1025A00002D4EC15349A012000800041D99B01200F
:1025B000C49B0120189B0120D39B0120609901201E
:1025C000129C012054990120FB9C0120A99B012011
:1025D000C29B0120D09B0120E39B01200025B74B2B
:1025E0001D60B74B599308238DF86B312B4664223D
:1025F00059A9B44800682CF07FF94FF47A7032F092
:10260000DFF9B14E5C968DF878518DF87A518DF8DE
:102610007B512B4664225CA9AC4800682CF06CF915
:102620004FF47A7032F0CCF92A4665A9A84B1868A5
:102630002CF080FA5C9602238DF875312B466422CB
:102640005CA9A24800682CF057F9642032F0B8F970
:10265000A04B04221A7098F800308DF82D30BAF88B
:102660000020ADF82A20B9F80020ADF828209BF80A
:1026700000208DF82E203A788DF82C208DF824300B
:10268000022300220AA9944800682CF035F902239D
:10269000002209A9914800682CF02EF92368012B2B
:1026A0000BD1002323608B4A13708D4B18682EF0DA
:1026B000F3FA8C4B18682DF02DF84FF4487032F077
:1026C0007FF9002204A9884B18682CF033FA28B14E
:1026D000864A9DF8103011880B4413807D4B1B787F
:1026E000DBB21E2BB7D801A252F823F0E322000080
:1026F000D12300004F240000DD25000069270000E1
:1027000057260000DD27000057260000572600004E
:1027100057260000572600005726000057260000C5
:1027200057260000572600005726000043280000C7
:102730005726000011290000372B0000312C000023
:1027400057260000A92E000057260000572600003B
:102750005726000057260000572600005726000085
:102760005726000001390000002266A9604B186856
:102770002CF0E0F9002265A9554B18682CF0DAF925
:102780009DF89A31012B1FD09DF89431FA2B02D07D
:10279000FC2B00D013B94F4B00221A709DF89931D1
:1027A0006D2B7FF658AF534B1B7823B9524B4FF428
:1027B0008032C3F898200023504A13700C2288F806
:1027C0000020444A137046E79DF89931503BDBB234
:1027D0001D2BD9D83F4B06221A70D5E70022484B53
:1027E0001A7065A93A4B18682CF0A4F99DF8943139
:1027F000312B02D9374A10211170FA2B02D0FC2B51
:1028000000D013B9334A002111700A2B7FF423AF93
:102810003C4B1B780133DBB2F02B02D0394A1370EA
:1028200019E70023374A13702A4A1370364B40F2D7
:1028300033121A80354B02221A7011202FF0D6FA6B
:1028400009E700252F4B1D701F4B5C9301238DF86A
:102850007A312B4664225CA91C4800682CF04CF8A5
:10286000642032F0ADF81A4E2A4665A930682CF083
:1028700061F9184B12221A700E202FF0B7FA2A466F
:1028800065A930682CF056F99DF89431FA2B04D0E4
:10289000FC2B02D0002B7FF4DEAE0E4B00221A7010
:1028A000194B4FF49A721A80184B02221A700620A4
:1028B00032F064FE11202FF099FACCE6189B01202B
:1028C00001C4EC15449A012002C4EC15609A012061
:1028D000C09A0120B19B012040990120009901205C
:1028E000849901204C9A0120809901201E97012093
:1028F0009C9A0120D39B012000800041D99B01209C
:10290000129C0120209C01206E980120E99B01204F
:10291000B24B4FF40012C3F8182100235393B04B6D
:10292000549301238DF8543102238DF85531002240
:1029300053A9AC4800682BF0DFFFAB4B18682EF0B2
:10294000ABF9002263A9A94B18682CF0F3F8002812
:1029500000F0D6809DF88C319DF88D2102EB03228A
:10296000A34981FB0232931007EE903AF8EEE77A22
:102970009DF88E219DF88F3103EB022381FB032309
:102980009B1007EE103AB8EEC77ABDEEC77A17EE85
:10299000103A4EF6602292FBF3F303EB83035B00E5
:1029A00007EE103AB8EEC77A924B83ED007AB2EE9A
:1029B000047A67EE877A93ED007AF4EEC77AF1EE47
:1029C00010FA48BFC3ED007A8B4B5C9300258DF85D
:1029D0007A512B4664225CA9884800682BF08CFF52
:1029E000642031F0EDFF864B5993824AD2ED007A94
:1029F000FCEEE77A17EE903A8DF86831D2ED007A66
:102A0000FCEEE77A17EE903AC3F307238DF86931AD
:102A100070238DF86A3117238DF86B314FF0100257
:102A20008DF86C2127238DF86D3114268DF86E6199
:102A30008DF86F512B46642259A9724800682BF01B
:102A40005BFF4FF4967031F0BBFF8DF868618DF835
:102A50006951C8238DF86A318DF86B518DF86C611E
:102A60008DF86D5164268DF86E618DF86F51664B4F
:102A700059932B46324659A9624800682BF03CFF17
:102A80004FF4967031F09CFF02238DF87A315A4B47
:102A90005C932B4632465CA9584800682BF02CFF0B
:102AA000304631F08DFF10202FF0A0F92A4665A99D
:102AB000564B18682CF03EF89DF89421A2F15B0368
:102AC000DBB2092B08D8524B13221A70434B4FF438
:102AD0008012C3F8142113E0FA2A01D0FC2A27D16E
:102AE0004B4B00221A704B4B40F235121A804A4B66
:102AF00002221A70082032F041FD11202FF076F9E1
:102B000000250595ADF8185002232A4605A943482B
:102B100000682BF0F1FE8DF81C5002232A4607A90D
:102B20003F4800682BF0E8FE3E4B1D809D7092E50B
:102B3000002AD5D0E4E7002266A93B4B18682BF0A9
:102B4000F9FF9DF89931312B7FF685AD374B1B7816
:102B5000012B2CD1214BD3F8203113F0807F15D1DC
:102B600001238DF878310C238DF87A31224B5C9358
:102B7000002364225CA9214800682BF0BDFE64207C
:102B800031F01EFF224B14221A7064E5204B002204
:102B90001A70204B40F235121A801F4B02221A7015
:102BA000072032F0EBFC11202FF020F953E5012330
:102BB0008DF878310C238DF87A310F4B5C9300231C
:102BC00064225CA90D4800682BF096FE642031F069
:102BD000F7FE0F4B14221A703DE500BF0080004144
:102BE00000004843F4990120F8990120B09A01208F
:102BF00067666666C899012002C4EC15609A0120D8
:102C000003C4EC15449A012004C0EC15C09A0120BD
:102C1000B19B01206E980120E99B01204899012079
:102C200044990120C49B01209C9A01201B9D0120F6
:102C3000002262A9824B18682BF07CFF9DF8883136
:102C40009DF8892102EB03227E4981FB023292101A
:102C500007EE902AF8EEE77A7B4BC3ED007A9DF8F9
:102C60008A219DF88B3103EB022381FB03239B1008
:102C700007EE103AB8EEC77A744B83ED007A4FF046
:102C800080435393CDED547A01238DF854310223C0
:102C90008DF85531002253A96D4800682BF02CFEA9
:102CA0006C4B18682DF0F8FF9DF889318DF8743160
:102CB0009DF888318DF87531674B5C930023642251
:102CC0005CA9664800682BF017FE642031F078FE9E
:102CD000002265A9624B18682BF02CFF00283FF4F6
:102CE000BAAC9DF89431782B19D09DF89431FA2B19
:102CF00004D0FC2B02D0002B7FF4ADAC594B1E222C
:102D00001A70594B4FF49B721A80584B02221A705A
:102D1000082032F033FC11202FF068F89BE4544B6C
:102D20001E6834F025FF4EF660250095002302460C
:102D30000121304630F088FD4E4B1E6834F018FFFC
:102D40000095002302460121304630F07DFD4A4BBC
:102D50001E6834F00DFF0095002302460121304625
:102D600030F072FD454B1E6834F002FF00950023E1
:102D700002460121304630F067FD414B1E6834F0B9
:102D8000F7FE0095002302460121304630F05CFD3D
:102D90003C4B1E6834F0ECFE0095002302460121F6
:102DA000304630F051FD12202FF020F803202FF094
:102DB0000FFE2C4B16221A70334B187831F088FB1B
:102DC000642031F0FDFD314D287831F09DFB642009
:102DD00031F0F6FD2E4E308831F0B2FB642031F038
:102DE000EFFD2C49087831F0E3FB642031F0E8FD79
:102DF0002948007831F0C0FB642031F0E1FD274A1A
:102E0000107831F0F1FB642031F0DAFD244B1A68C0
:102E1000244B1A6031882B781B4A12781B0243EA34
:102E20000143134344931C4801781A4B1B781B4AF7
:102E300012781B0243EA01431343459355E700BF51
:102E4000B89A012067666666909B0120F89A012077
:102E5000F4990120F899012005C4EC15609A01202D
:102E6000C09A0120B19B01206E980120E99B0120AE
:102E7000D89A0120509B0120549B0120589B01208F
:102E80005C9B012094990120F79B0120109C01205C
:102E9000FA8C01200F9C0120009C01201E9C012027
:102EA000B4990120209A0120BB4B18682DF0F4FE44
:102EB000BA4B188831F064FAB94B1B78072B00F035
:102EC000F181002262A9B74B18682BF033FE00286D
:102ED00000F014819DF88A319DF88B2102EB0322CA
:102EE000B14981FB0232920807EE902AB8EE677A68
:102EF000AE4B83ED007A9DF888219DF8893103EB74
:102F0000022381FB03239B0807EE903AF8EE677AD1
:102F1000A74BC3ED007AA74BD3ED006AB4EEE67A77
:102F2000F1EE10FA02DD1A68A04B1A609F4B93ED88
:102F3000007A67EE877AA04BC3ED007AB5EE407A4F
:102F4000F1EE10FA07D19D4A136801331360B3F50F
:102F5000967F00F3AC819A4B1B78002B40F0918058
:102F6000984B1A68984B1A60D3ED007A924B93ED08
:102F7000007AB4EEE77AF1EE10FA3BD5934B1B786A
:102F800063BB8B4BD3ED007A9FED917A77EE877A16
:102F9000CDED547A8C4BD3ED006A8E4B93ED007AD5
:102FA000C6EE877A814B93ED007AF4EEC77AF1EEA4
:102FB00010FA00F29581B6EE007A67EE877ACDEDD1
:102FC000537A03238DF8553101238DF854310223B0
:102FD000002253A9804800682BF08EFC7B4B1B78A5
:102FE000DBB2012B00F08981784B1B78DBB2012B1F
:102FF00000F0BE81744BD3ED007A6F4B93ED007AF5
:10300000B4EEE77AF1EE10FA3BDD704B1B7863BB50
:10301000674BD3ED007A9FED6E7A77EE877ACDED30
:10302000547A694BD3ED006A6A4B93ED007AC6EE91
:10303000877A5E4B93ED007AF4EEC77AF1EE10FAE0
:1030400000F2D581B6EE007A67EE877ACDED537A3D
:1030500003238DF8553101238DF8543102230022CA
:1030600053A95D4800682BF047FC584B1B78DBB236
:10307000012B00F0C981554B1B78DBB2012B00F00E
:10308000FE814F4B1B78DBB2012B00F05D829DF877
:103090008A019DF88B51514E32784FEA820C50498B
:1030A000614405EB0023DFF800E18EFB03E39B089E
:1030B00007EE903AF8EE677AC1ED007A494B9C44EE
:1030C000444B1B68CCF80030013232709DF88931D6
:1030D0008DF874319DF888318DF875318DF8765101
:1030E0008DF87701404B5C93002364225CA93F4834
:1030F00000682BF001FC322031F062FC00225FA955
:103100003B4B18682BF016FDA0B13A4A13789DF896
:103110007E013949C854062188F800100133137024
:103120001F4B1B78042B40F2DA821D4B1B78052BBA
:1031300000F0E082294B1B78052B00F0E3822D4B39
:103140001B78052B00F03683204B1B782BB92B4BBB
:103150001B78DBB2012B00F04B831C4B1B78DBB2DE
:10316000012B00F04F834FF4FA6268A9244B1868D2
:103170002BF0E0FC30B19DF8A6311BB103F52F73A5
:10318000204A1380002265A91F4B18682BF0D2FC3F
:10319000002856D03AE000BF609901201E97012018
:1031A000069C0120B89A012067666666F89A01209D
:1031B000909B0120E89D0120489B0120E09A01207E
:1031C000E19B0120F89D0120E0990120D39B012083
:1031D00000000000009E0120F49901200B9C0120BA
:1031E000649601208C96012005C4EC15609A01209C
:1031F000B49A0120039C012070980120D99B0120E2
:10320000989A0120DE8F0120C09A01209DF8943108
:10321000292B03D0FA2B01D0FC2B12D1B74B1E2245
:103220001A70092388F80030B54BCA221A80B54BB2
:1032300002221A700A2032F0A1F9B34B1A68B34B7C
:103240001A609DF87C31012B00F0F282002266A901
:10325000AF4B18682BF06EFC68B19DF89931463B76
:10326000DBB23B2B07D8AB4A13780133DBB21370C8
:103270000A2B00F22183A84B1B78022B00F02C8331
:10328000A64B1B88B3F5397F05D0A3F2E72292B293
:10329000012A3FF6E0A99A4A1380A04B00221A8027
:1032A000FFF7D9B99E4B187831F07AFE09E6934BB7
:1032B0001E221A70092088F80000914BC9221A803A
:1032C000904B02221A7032F059F9934A002313806E
:1032D00093708D4A11688D4A1160924A13603AE6E4
:1032E000F4EEC77AF1EE10FA7FF76BAEF6EE007AE5
:1032F00027EE277A8DED537A63E68B4B1B78DBB292
:10330000112B7FF671AE894B4FF40012C3F81821D0
:10331000874BD3ED007A9FED877A77EE877ACDEDF4
:10332000547A854BD3ED006A844BD3ED007A86EE58
:10333000A77A834BD3ED007AB4EEE77AF1EE10FA78
:103340000ED88DED537A02238DF8553101228DF878
:103350005421002253A97B4800682BF0CDFA49E69E
:10336000B4EEE77AF1EE10FAC8BFCDED537AEAE792
:103370006D4B1B78DBB2112B3FF63CAE6C4BD3EDA3
:10338000007A9FED6C7A77EE877ACDED547A6A4BAE
:10339000D3ED006A694BD3ED007A86EEA77A684BCD
:1033A000D3ED007AB4EEE77AF1EE10FA13D8F6EE28
:1033B000007A27EE277A8DED537A03238DF8553165
:1033C00001238DF854310223002253A95D4800687F
:1033D0002BF092FA0EE6B4EEE77AF1EE10FAECDD9D
:1033E000B6EE007A67EE877ACDED537AE5E7F4EE34
:1033F000C77AF1EE10FA7FF72BAEF6EE007A27EEE1
:10340000277A8DED537A23E6474B1B78DBB2112BDD
:103410007FF631AE454B4FF40012C3F81821444BF0
:10342000D3ED007A9FED437A77EE877ACDED547A2B
:10343000414BD3ED006A414BD3ED007A86EEA77A7B
:103440003F4BD3ED007AB4EEE77AF1EE10FA0ED8E6
:103450008DED537A02238DF8553101228DF85421D8
:10346000002253A9374800682BF046FA09E6B4EE6B
:10347000E77AF1EE10FAC8BFCDED537AEAE72A4BAE
:103480001B78DBB2112B3FF6FCAD294BD3ED007A54
:103490009FED287A77EE877ACDED547A264BD3EDDF
:1034A000006A264BD3ED007A86EEA77A244BD3ED43
:1034B000007AB4EEE77AF1EE10FA13D8F6EE007A5D
:1034C00027EE277A8DED537A03238DF855310123AA
:1034D0008DF854310223002253A91A4800682BF0BA
:1034E0000BFACEE5B4EEE77AF1EE10FAECDDB6EECB
:1034F000007A67EE877ACDED537AE5E7B19B01203C
:103500006E980120E99B0120B4990120289A01209E
:103510009C9A0120F69B0120C49B0120DE8F012094
:10352000B99B0120E09A0120AD9B01200080004161
:10353000909B012000000000E0990120009E0120E6
:10354000F89A0120F4990120C34B1B785BBBC34B55
:10355000D3ED007A9FEDC27A77EE877ACDED547A7B
:10356000C04BD3ED006AC04B93ED007AC6EE877A6C
:10357000BE4B93ED007AF4EEC77AF1EE10FA50D814
:10358000B6EE007A67EE877ACDED537A03238DF895
:10359000553101238DF854310223002253A9B44838
:1035A00000682BF0A9F9AC4B1B78DBB2012B44D09F
:1035B000A94B1B78DBB2012B7FF469ADAD4B1B78B7
:1035C000DBB2112B3FF663ADA44BD3ED007A9FED38
:1035D000A47A77EE877ACDED547AA24BD3ED006AC8
:1035E000A14BD3ED007A86EEA77AA04BD3ED007AFB
:1035F000B4EEE77AF1EE10FA65D8F6EE007A27EE2F
:10360000277A8DED537A03238DF8553101238DF8F8
:1036100054310223002253A9954800682BF06CF91D
:1036200035E5F4EEC77AF1EE10FAAFDDF6EE007A8A
:1036300027EE277A8DED537AA8E78E4B1B78DBB205
:10364000112BB5D98C4B4FF40012C3F81821854BC0
:1036500093ED007ADFED897AB4EEE77AF1EE10FAB5
:10366000C8BFC3ED007A7D4BD3ED007A9FED7C7A25
:1036700077EE877ACDED547A7A4BD3ED006A7A4BA8
:10368000D3ED007A86EEA77A784BD3ED007AB4EECC
:10369000E77AF1EE10FA0ED88DED537A02238DF809
:1036A000553101228DF85421002253A97048006839
:1036B0002BF022F9EBE4B4EEE77AF1EE10FAC8BF92
:1036C000CDED537AEAE7B4EEE77AF1EE10FA9ADD3F
:1036D000B6EE007A67EE877ACDED537A93E731F054
:1036E0005FFC9DF87E21664B1A70664A13780133A1
:1036F00013701AE5634B07221A709DF87E318BF820
:10370000003017E54FF0000C5F4B83F800C0BAF8AB
:103710000010B9F800005D4B5D4A03F1140ECDF8BE
:103720000CC01E461546029101E0734525D0F3EC0E
:10373000017A96ED007AB4EEE77AF1EE10FA09D844
:10374000C6ED007AFCEEE77A17EE901A89B2029184
:103750004FF0010CF2EC017A95ED007AB4EEE77AC5
:10376000F1EE10FAE1D8C5ED007AFCEEE77A17EE3B
:10377000901A88B201210391D7E70299BCF1000F9A
:1037800001D0AAF80010039B0BB1A9F800003F4B31
:10379000D3ED007AFCEEE77A17EE900A30F028FEBF
:1037A0003B4BD3ED007AFCEEE77A17EE900A30F04F
:1037B00003FEC4E40025374B1D7097F800C0364B5C
:1037C0005E1D18464FF0010E01E0B34208D013F819
:1037D000012B01789142F8D8027094467546F4E7BF
:1037E0000DB187F800C02C4B187831F0C1FBABE469
:1037F00000228DF82020022308A9284800682BF019
:103800007BF8AAE4264B1B78DBB2012B7FF4ABAC30
:10381000184B1B78DBB2132B7FF6A5AC00228DF87A
:103820002020022308A91D4800682BF065F89AE4BF
:103830001C4B1E221A70092388F800301A4BC9222B
:103840001A801A4B02221A700A2031F097FE184B88
:103850001A68184B1A60F9E4D39B0120909B012051
:1038600000000000E8990120009E0120F89A012044
:10387000F4990120AD9B0120008000410060EA46E0
:10388000B99B0120069C01200B9C0120649601201D
:103890008C960120039C01207098012054990120EE
:1038A000D99B0120B19B01206E980120E99B01204A
:1038B000B4990120289A0120B64B1E221A700920C3
:1038C00088F80000B44B02221A7031F057FEB34B57
:1038D0001A68B34B1A60CEE4B24B9B78012B7FF48D
:1038E000CFACAC4B1E221A70092388F80030AD4BC8
:1038F00000221A809A70A94B1A68A94B1A60BFE47B
:10390000A94B1B78DBB2012B00F00C81A74B1B7875
:10391000DBB2012B00F01C814FF003038DF87531F1
:10392000A34B5C93A34E002364225CA930682AF069
:10393000E3FF322031F044F800258DF874518DF802
:1039400075519D4A5C922B4664225CA930682AF02E
:10395000D3FF322031F034F898494FF48010C1F889
:1039600018018E4B1A688E4B1A608F4B1D708DF8A4
:10397000545102238DF855312A4653A990480068C6
:103980002AF0BAFF40F6B83031F01AF84FF00300D1
:103990008DF87501864B5C932B4664225CA801462A
:1039A00030682AF0A9FF322031F00AF88DF87451FE
:1039B0008DF87551804A5C922B4664225CA80146C2
:1039C00030682AF099FF322030F0FAFF7B494FF43B
:1039D0008013C1F818310A2300932B462A4603218D
:1039E000784800682FF030FF774B187830F018FED9
:1039F000764B187830F030FE754B188830F048FE62
:103A0000744B187830F07CFE734B187830F05CFE05
:103A1000724B187830F090FE714B186830F0C4FE8D
:103A2000704B1B78DBB2012B00F0A8806D4B1B782C
:103A3000DBB2022B00F0A6806A4B1B78DBB2032BB3
:103A400000F0A480564BD3ED007AFCEEE77A664B8B
:103A500093ED007ABCEEC77A17EE903A17EE102A73
:103A60009B1A07EE903AF8EE677A604DC5ED007A42
:103A7000FCEEE77A17EE900A30F07AFE5C4B1522E6
:103A80001A7005202EF0A4FF554B1B684393504B32
:103A900019884E4B1B784C4A12781B0243EA0143AB
:103AA000134346934C4B19784A4B1B784B4A127878
:103AB0001B0243EA0143134347934E4B1A783B786A
:103AC00043EA02434893D5ED007AFCEEE77A17EE1D
:103AD000903A43F400334993424B1A78464D2B8871
:103AE00043EA02434A9302238DF8043100236422FF
:103AF00041A9424800682AF0FFFE414B18682DF0AA
:103B0000CBF80122226000232B803E490B703E49F6
:103B10000A703E490A703E490A70224A1380937027
:103B2000FEF799BD214B1B78002B7FF4EFAE0022EE
:103B30008DF8542103238DF85531022353A92048D1
:103B400000682AF0D9FE40F6B83030F039FFDDE6E3
:103B5000154B1B78DBB2012B7FF4DEAE00228DF813
:103B6000542102238DF8553153A9154800682AF0D5
:103B7000C3FE40F6B83030F023FFCDE6012031F02F
:103B8000FDFC53E7022031F0F9FC55E7032031F04A
:103B9000F5FC57E7B19B0120E99B0120B499012076
:103BA000289A0120C49B0120D99B0120D39B01208E
:103BB00002C4EC15609A012005C4EC150080004198
:103BC000F499012094990120F79B0120109C012079
:103BD000FA8C01200F9C0120009C01201E9C0120DA
:103BE000EC980120E89B0120209A012014990120E3
:103BF000FB9C0120B99B01201E9701206C9901209C
:103C000070990120F69B0120D89B0120D79B0120B1
:103C1000D69B01202DE9F04FEBB000246894699405
:103C200066948DF89C41ADF89441639464946294D9
:103C30005F9460948DF884415C945D945E94599493
:103C40005A945B945694579458945394549455941E
:103C5000CA2221460EA833F0FDFD0C940D94A64E09
:103C6000A64FDFF8F882DFF8F892DFF8F8B2DFF855
:103C7000F8A2EAE1A24B18682DF00EF80024A14B3F
:103C80001C70A9F80040ABF800409F4B1C709F4B84
:103C90001C80224668A99E4B18682AF04BFF2246DA
:103CA00066A99C4B18682AF045FF224665A99A4BE5
:103CB00018682AF03FFF9DF8A731012B40F08D8155
:103CC0009DF89A31002B40F088819DF899316D2B39
:103CD00024D89DF89931632B00F27F818F4D5C953C
:103CE00040238DF87A318E4C002364225CA9206831
:103CF0002AF002FE4FF47A7030F062FE5C950023E9
:103D00008DF87A3164225CA920682AF0F5FD6420E0
:103D100030F056FE834B01221A705EE17F4D5C95B8
:103D200040238DF87A317E4C002364225CA9206800
:103D30002AF0E2FD4FF47A7030F042FE5C950023E9
:103D40008DF87A3164225CA920682AF0D5FD6420C0
:103D500030F036FE734B01221A700C2388F80030C5
:103D6000B7E7714B599300248DF8684123466422CC
:103D700059A96E4800682AF0BFFD642030F020FE8B
:103D80006B4B569301258DF85C518DF85D418DF894
:103D90005E412346642256A9664800682AF0ACFDBD
:103DA000642030F00DFE5D4B5C938DF87551234619
:103DB00064225CA95A4800682AF09EFD642030F015
:103DC000FFFD224665A9544B18682AF0B3FE9DF802
:103DD0009431AB4240F00181524B02221A70FCE058
:103DE0004E4C5C9440238DF87A314D4D0023642273
:103DF0005CA928682AF080FD4FF47A7030F0E0FD6D
:103E00005C9400248DF87A41234664225CA92868DA
:103E10002AF072FD642030F0D3FD224666A93D4BA6
:103E200018682AF087FE002800F0D7809DF89931A5
:103E3000503BDBB21D2B12D83F4B4FF48032C3F8FE
:103E40009420092388F800303C4B01221A703C4B27
:103E50001B78934237D03B4A1368013313609DF8B7
:103E600099316D2B1BD9384B1B7893B9364B1B7886
:103E700023B9314B4FF48032C3F89820334B186884
:103E80002BF048FC4FF6FF702FF09EFD304B1B7857
:103E900053B32A4B00221A700C2388F80030294BA8
:103EA0001B681E2B40F39980264B00221A60264B7C
:103EB0001B7823B9204B4FF48032C3F89820194B5C
:103EC00000221A7089E01E4B5B789342C3D1154BD8
:103ED00003221A7022468DF82040022308A91D48AB
:103EE00000682AF009FDB6E7194B01221A701A4B37
:103EF00018782DF07BFFCCE7E49B0120E49A0120A9
:103F0000BC990120059C0120D59B01206E950120C4
:103F1000689A01206C9A0120909A012002C0EC1549
:103F2000609A0120AD9B012001C0EC15449A01204C
:103F300002D0EC15349A012000800041D39B01206F
:103F4000C89B0120149B0120D99B0120609901206E
:103F5000119C012054990120FB9C0120759801209F
:103F6000BE9B0120CE9B0120E29B01200024B04B90
:103F70001C60B04B599308238DF86B3123466422A3
:103F800059A9AD4800682AF0B7FC4FF47A7030F0B8
:103F900017FDAA4D5C958DF878418DF87A418DF822
:103FA0007B41234664225CA9A54800682AF0A4FC52
:103FB0004FF47A7030F004FD5C9502238DF8753172
:103FC000234664225CA99E4800682AF095FC642080
:103FD00030F0F6FC9B4B04221A7098F800308DF8F4
:103FE0002D30B9F80030ADF82A30BBF80030ADF80C
:103FF00028309AF800308DF82E3033788DF82C3038
:10400000022300220AA9904800682AF075FC98F85B
:1040100000308DF824300223002209A98B48006863
:104020002AF06AFC3B68012B0BD100233B60854AD8
:104030001370874B18682CF02FFE864B18682BF0F6
:1040400069FB4FF4FA7030F0BBFC7E4B1B78DBB29F
:104050001E2BC2D801A252F823F000BF753C00000D
:10406000633D0000E13D00006D3F0000D9400000CD
:10407000DB3F00004D410000DB3F0000DB3F000064
:10408000DB3F0000DB3F0000DB3F0000DB3F0000C8
:10409000DB3F0000DB3F0000DB3F0000B3410000DE
:1040A000DB3F00007D420000AF440000AD45000052
:1040B000DB3F000031480000DB3F0000DB3F000039
:1040C000DB3F0000DB3F0000DB3F0000DB3F000088
:1040D000DB3F00002D520000002266A95E4B1868ED
:1040E0002AF028FD002265A95C4B18682AF022FD01
:1040F0009DF89A31012B1FD09DF89431FA2B02D0F4
:10410000FC2B00D013B94F4B00221A709DF8993147
:104110006D2B7FF662AF524B1B7823B9514B4FF496
:104120008032C3F8982000234F4A13700C2288F87D
:104130000020444A137050E79DF89931503BDBB2A0
:104140001D2BD9D83F4B06221A70D5E70022474BCA
:104150001A7065A9414B18682AF0ECFC9DF894315F
:10416000312B02D9374A10211170FA2B02D0FC2BC7
:1041700000D013B9334A002111700A2B7FF42DAF00
:104180003B4B1B780133DBB2F02B02D0384A137063
:1041900023E70023364A13702A4A1370354B40F246
:1041A00033121A80344B01221A7008202DF01EFEA3
:1041B00013E700242E4B1C70204B5C9301238DF8D9
:1041C0007A31234664225CA91D4800682AF094FBDA
:1041D000642030F0F5FB214D4FF47A7265A9286810
:1041E0002AF0A8FC174B12221A7005202DF0FEFDB4
:1041F000224665A928682AF09DFC9DF89431FA2B87
:1042000004D0FC2B02D0002B7FF4E7AE0D4B002234
:104210001A70184B4FF49A721A80174B01221A70B9
:10422000062031F095F908202DF0E0FDD5E600BF1D
:10423000149B012001C0EC15449A012002C0EC152A
:10424000609A0120AD9B01203C990120FC9801203F
:10425000789901203C9A01206C9A0120909A0120C3
:10426000D99B012000800041D39B0120119C01209B
:104270001F9C01206E980120E99B0120B64B4FF452
:104280000012C3F8182100235393B44B5493012315
:104290008DF854318DF855310023642253A9B0486C
:1042A00000682AF029FBAF4B18682CF0F5FC0022BF
:1042B00063A9AD4B18682AF03DFC002800F0D280BD
:1042C0009DF88C319DF88D2102EB0322A74981FBDB
:1042D0000232931007EE903AF8EEE77A9DF88E21BD
:1042E0009DF88F3103EB022381FB03239B1007EE24
:1042F000103AB8EEC77ABDEEC77A17EE103A4EF60E
:10430000602292FBF3F303EB83035B0007EE103AAA
:10431000B8EEC77A964B83ED007AB2EE047A67EE78
:10432000877A93ED007AF4EEC77AF1EE10FA48BF7F
:10433000C3ED007A8F4B5C9300248DF87A412346BD
:1043400064225CA98C4800682AF0D6FA642030F018
:1043500037FB8A4B5993864AD2ED007AFCEEE77A16
:1043600017EE903A8DF86831D2ED007AFCEEE77ADC
:1043700017EE903AC3F307238DF8693170238DF857
:104380006A3117238DF86B3110238DF86C31272398
:104390008DF86D3114258DF86E518DF86F412346DF
:1043A000642259A9764800682AF0A6FA4FF4FA70F8
:1043B00030F006FB8DF868518DF86941C8238DF8FF
:1043C0006A318DF86B418DF86C518DF86D41642523
:1043D0008DF86E518DF86F416A4B599323462A46EA
:1043E00059A9674800682AF087FA4FF4FA7030F04C
:1043F000E7FA02238DF87A3103F1AF5303F54C232A
:104400005C9323462A465CA95B4800682AF074FA4C
:104410004FF4FA7030F0D4FA07202DF0E7FC224672
:1044200065A9594B18682AF085FB9DF894315B3BD0
:10443000DBB2092B2ED99DF89431FA2B02D0FC2B3C
:1044400000D07BB9514B00221A70514B40F235120B
:104450001A80504B01221A70082031F079F8082098
:104460002DF0C4FC00240594ADF818408DF81C40D4
:104470000223224607A9484800682AF03DFA022391
:10448000224605A9454800682AF036FA444B1C80AC
:104490009C70A2E53D4B13221A704FF47A7030F0F5
:1044A0008FFA2D4B4FF40022C3F81421C3E70022EA
:1044B00066A93C4B18682AF03DFB9DF89931312BD9
:1044C00045D9394B1B78012B2CD1234BD3F8A03085
:1044D00013F4000F15D101238DF878310C238DF8DA
:1044E0007A31244B5C93002364225CA92248006843
:1044F0002AF002FA642030F063FA244B14221A7076
:1045000025E0224B00221A70214B40F235121A800E
:10451000204B01221A70072031F01AF808202DF0E4
:1045200065FC14E001238DF878310C238DF87A3185
:10453000104B5C93002364225CA90F4800682AF0AA
:10454000DBF9642030F03CFA104B14221A704FF45F
:104550007A7030F035FA40E50080004100004843B1
:10456000F4990120F8990120809A01206766666617
:10457000C499012002C0EC15609A012003C0EC151B
:10458000449A012004C0EC15909A0120AD9B0120B3
:104590006E980120E99B012044990120489901204F
:1045A000C89B01206C9A01201A9D0120002262A95B
:1045B000844B18682AF0BEFA9DF888319DF889214D
:1045C00002EB0322804981FB0232921007EE902A0F
:1045D000F8EEE77A7D4BC3ED007A9DF88A219DF8CD
:1045E0008B3103EB022381FB03239B1007EE103A70
:1045F000B8EEC77A764B83ED007A4FF08043539341
:10460000CDED547A01238DF854318DF855310023C6
:10461000642253A96F4800682AF06EF96E4B18683F
:104620002CF03AFB9DF889318DF874319DF8883172
:104630008DF87531694B5C93002364225CA968484E
:1046400000682AF059F90A2030F0BAF9002265A969
:10465000644B18682AF06EFA00283FF4BEAC9DF84F
:104660009431782B1DD09DF89431FA2B04D0FC2B7B
:1046700002D0002B7FF4B1AC5B4B1E221A705B4B57
:104680004FF49B721A805A4B01221A70082030F0A6
:104690005FFF08202DF0AAFB564B1A68564B1A6094
:1046A0009BE4564B1D6833F063FA4EF66024009489
:1046B00000230246012128462FF0C6F8504B1D6802
:1046C00033F056FA009400230246012128462FF0C9
:1046D000BBF84C4B1D6833F04BFA009400230246A4
:1046E000012128462FF0B0F8474B1D6833F040FAFF
:1046F000009400230246012128462FF0A5F8434BE1
:104700001D6833F035FA0094002302460121284643
:104710002FF09AF83E4B1D6833F02AFA00940023DC
:104720000246012128462FF08FF809202DF05EFB6C
:10473000032030F047FE2C4B16221A70354B1878A8
:104740002FF096FC642030F03BF9334C20782FF0AA
:10475000ABFC642030F034F9304D28882FF0C0FCD9
:10476000642030F02DF92E4908782FF0F1FC6420F8
:1047700030F026F92B4800782FF0CEFC642030F082
:104780001FF9294A10782FF0FFFC642030F018F947
:10479000184B1A68254B1A60298823781D4A12780D
:1047A0001B0243EA0143134344931E4801781C4B08
:1047B0001B781D4A12781B0243EA014313434593B9
:1047C00051E700BF889A0120676666668C9B0120CE
:1047D000F49A0120F4990120F899012005C0EC1504
:1047E000609A0120909A0120AD9B01206E980120D3
:1047F000E99B0120B0990120249A01209099012081
:10480000D89A0120509B0120549B0120589B0120E5
:104810005C9B0120F79B0120109C0120FA8C012059
:104820000F9C0120009C01201E9C01201C9A01204D
:10483000002204A9BB4B18682AF07CF928B1BA4AB7
:104840009DF8103011880B441380B84B18682CF079
:1048500023FAB54B18882FF063FBB54B1B78072B59
:1048600000F0D981002262A9B24B18682AF062F9DF
:10487000002800F0FC809DF88A319DF88B2102EB26
:104880000322AD4981FB0232920807EE902AB8EE6E
:10489000677AAA4B83ED007A9DF888219DF88931CB
:1048A00003EB022381FB03239B0807EE903AF8EE0B
:1048B000677AA34BC3ED007AA24BD3ED006AB4EE46
:1048C000E67AF1EE10FA02DD1A689C4B1A609B4BF7
:1048D000D3ED006A27EEA67A9B4B83ED007A9B4BC3
:1048E0001B78002B40F08880994B1A68994B1A600E
:1048F00093ED006AB4EEC67AF1EE10FA35D5964B18
:104900001B7833BB9FED957A77EE877ACDED547A9D
:10491000904B93ED006A924B93ED007AC6EE077AC6
:10492000F4EEE76AF1EE10FAC0F27A81B6EE007AA0
:1049300067EE877ACDED537A03238DF85531012345
:104940008DF854310223002253A98648006829F0CB
:10495000D3FF814B1B78DBB2012B00F06E817E4BC5
:104960001B78DBB2012B00F0A3817A4BD3ED007AE8
:10497000754B93ED007AB4EEE77AF1EE10FA3BDD79
:10498000754B1B7863BB6E4BD3ED007A9FED737A4A
:1049900077EE877ACDED547A6E4BD3ED006A704B8B
:1049A00093ED007AC6EE877A644B93ED007AF4EECD
:1049B000C77AF1EE10FA00F2BA81B6EE007A67EE2D
:1049C000877ACDED537A03238DF8553101238DF885
:1049D00054310223002253A96248006829F08CFF59
:1049E0005D4B1B78DBB2012B00F0AE815A4B1B787C
:1049F000DBB2012B00F0E381544B1B78DBB2012BBF
:104A000000F03E82584C22789500584B2B44544974
:104A1000096819609DF88A119DF88B01544B1D445B
:104A200000EB0123DFF810C18CFB03C39B0807EEEA
:104A3000903AF8EE677AC5ED007A013222709DF85F
:104A400089318DF874319DF888318DF875318DF884
:104A500076018DF87711474B5C93002364225CA9A3
:104A60004548006829F048FF32202FF0A9FF0022B6
:104A70005FA9424B18682AF05DF8A0B1404A13784C
:104A80009DF87E013F49C854062188F80010013383
:104A90001370274B1B78042B40F2BD82244B1B78EC
:104AA000052B00F0C382304B1B78052B00F0C6822B
:104AB000334B1B78052B00F01983334B1B78DBB28B
:104AC000012B00F03183304B1B78DBB2012B00F05F
:104AD0003A834FF47A7268A92C4B18682AF02AF8A6
:104AE00030B19DF8A6311BB103F52F73284A13800E
:104AF000002265A9274B18682AF01CF8002859D015
:104B00009DF89431292B03D0FA2B01D0FC2B51D1E5
:104B1000214B1E221A70092388F800301F4BCA222D
:104B20001A803DE0749901206E9501206099012062
:104B3000059C0120889A012067666666F49A012028
:104B40008C9B0120E49D0120449B0120E09B0120DF
:104B5000F89D0120E0990120D99B01200000000070
:104B6000FC9D0120F49901200A9C012078960120E7
:104B70005096012005C0EC15609A0120849A01200E
:104B8000029C012068980120D39B0120689A012093
:104B9000328F0120909A0120AD9B01206E98012058
:104BA000A64B01221A700A2030F0D2FCA44B1A68DE
:104BB000A44B1A609DF87C31012B00F0FF8200228B
:104BC00066A9A14B186829F0B5FF68B19DF8993125
:104BD000463BDBB23B2B07D89C4A13780133DBB250
:104BE00013700A2B00F2FD82994B1B78012B00F009
:104BF0000983984B1B88B3F5397F05D0A3F2E722D0
:104C000092B2012A3FF6E9A9934A1380914B002200
:104C10001A80FFF7E2B9914B187830F061F921E67C
:104C2000F4EEE76AF1EE10FA7FF586AEF6EE007A62
:104C300066EEA76ACDED536A7EE6894B1B78DBB240
:104C4000112B7FF68CAE874B4FF40012C3F818215E
:104C5000854BD3ED007A9FED857A77EE877ACDED9F
:104C6000547A834BD3ED006A824BD3ED007A86EE03
:104C7000A77A814BD3ED007AB4EEE77AF1EE10FA21
:104C80000ED88DED537A01238DF855318DF85431BE
:104C90000223002253A97948006829F02DFE64E61A
:104CA000B4EEE77AF1EE10FAC8BFCDED537AEAE739
:104CB0006B4B1B78DBB2112B3FF657AE6A4BD3ED33
:104CC000007A9FED6A7A77EE877ACDED547A684B59
:104CD000D3ED006A674BD3ED007A86EEA77A664B78
:104CE000D3ED007AB4EEE77AF1EE10FA13D8F6EECF
:104CF000007A27EE277A8DED537A03238DF855310C
:104D000001238DF854310223002253A95B48006827
:104D100029F0F2FD29E6B4EEE77AF1EE10FAECDDC7
:104D2000B6EE007A67EE877ACDED537AE5E7F4EEDA
:104D3000C77AF1EE10FA7FF746AEF6EE007A27EE6C
:104D4000277A8DED537A3EE6454B1B78DBB2112B6B
:104D50007FF64CAE434B4FF40012C3F81821424B80
:104D6000D3ED007A9FED417A77EE877ACDED547AD4
:104D70003F4BD3ED006A3F4BD3ED007A86EEA77A26
:104D80003D4BD3ED007AB4EEE77AF1EE10FA0ED88F
:104D90008DED537A01238DF855318DF8543102236E
:104DA000002253A93548006829F0A6FD24E6B4EE98
:104DB000E77AF1EE10FAC8BFCDED537AEAE7284B57
:104DC0001B78DBB2112B3FF617AE274BD3ED007AE1
:104DD0009FED267A77EE877ACDED547A244BD3ED8A
:104DE000006A244BD3ED007A86EEA77A224BD3EDEE
:104DF000007AB4EEE77AF1EE10FA13D8F6EE007A04
:104E000027EE277A8DED537A03238DF85531012350
:104E10008DF854310223002253A91848006829F064
:104E20006BFDE9E5B4EEE77AF1EE10FAECDDB6EEF3
:104E3000007A67EE877ACDED537AE5E7E99B0120AA
:104E4000B0990120249A01206C9A0120F59B012041
:104E5000C89B0120328F01206E980120CB9B01203E
:104E6000B19B0120008000418C9B012000000000CC
:104E7000E0990120FC9D0120F49A0120F499012081
:104E8000BC4B1B785BBBBC4BD3ED007A9FEDBB7A70
:104E900077EE877ACDED547AB94BD3ED006AB94BF2
:104EA00093ED007AC6EE877AB74B93ED007AF4EE75
:104EB000C77AF1EE10FA50D8B6EE007A67EE877A2C
:104EC000CDED537A03238DF8553101238DF85431FC
:104ED0000223002253A9AD48006829F00DFDA54B1F
:104EE0001B78DBB2012B44D0A24B1B78DBB2012B29
:104EF0007FF488ADA64B1B78DBB2112B3FF682AD59
:104F00009D4BD3ED007A9FED9D7A77EE877ACDEDBC
:104F1000547A9B4BD3ED006A9A4BD3ED007A86EE20
:104F2000A77A994BD3ED007AB4EEE77AF1EE10FA56
:104F300065D8F6EE007A27EE277A8DED537A0323B3
:104F40008DF8553101238DF854310223002253A9E5
:104F50008E48006829F0D0FC54E5F4EEC77AF1EEF3
:104F600010FAAFDDF6EE007A27EE277A8DED537A50
:104F7000A8E7874B1B78DBB2112BB5D9854B4FF4D3
:104F80000012C3F818217E4B93ED007ADFED827A90
:104F9000B4EEE77AF1EE10FAC8BFC3ED007A764BB3
:104FA000D3ED007A9FED757A77EE877ACDED547A5E
:104FB000734BD3ED006A734BD3ED007A86EEA77A7C
:104FC000714BD3ED007AB4EEE77AF1EE10FA0ED819
:104FD0008DED537A01238DF855318DF8543102232C
:104FE000002253A96948006829F086FC0AE5B4EE5E
:104FF000E77AF1EE10FAC8BFCDED537AEAE7B4EEE6
:10500000E77AF1EE10FA9ADDB6EE007A67EE877A6B
:10501000CDED537A93E72FF063FF604A13780133A5
:1050200013709DF87E215E4B1A7037E59DF87E3136
:105030008AF80030594B07221A7034E54FF0000C03
:10504000584B83F800C0B9F80010BBF80000564B6D
:10505000564A03F1140ECDF80CC01D4614460291B9
:1050600001E0734525D0F3EC017A95ED007AB4EEBA
:10507000E77AF1EE10FA09D8C5ED007AFCEEE77A8E
:1050800017EE901A89B202914FF0010CF2EC017AFE
:1050900094ED007AB4EEE77AF1EE10FAE1D8C4EDBF
:1050A000007AFCEEE77A17EE901A88B2012103919C
:1050B000D7E70299BCF1000F01D0A9F80010039BBB
:1050C0000BB1ABF80000384BD3ED007AFCEEE77A79
:1050D00017EE900A2EF05CFF344BD3ED007AFCEE15
:1050E000E77A17EE900A2EF037FFE1E40024304B08
:1050F0001C7096F800C02F4B5D1D18464FF0010E36
:1051000001E0AB4208D013F8012B01789142F8D8A6
:10511000027094467446F4E70CB186F800C0254B43
:1051200018782FF0C5FEC8E4124B1B78002B7FF4D3
:10513000CAAC00228DF82020022308A91E4800686E
:1051400029F0DAFBBFE40B4B1B78DBB2012B7FF4B9
:10515000C0AC0F4B1B78DBB2132B7FF6BAAC00222E
:105160008DF82020022308A91348006829F0C4FB09
:10517000AFE400BFD99B01208C9B01200000000000
:10518000E4990120FC9D0120F49A0120F49901206A
:10519000B19B0120008000410060EA46059C01208F
:1051A000CB9B01200A9C012050960120789601207B
:1051B000029C01206898012054990120AB4B1E22CB
:1051C0001A70092088F80000A94BC9221A80A94B3F
:1051D00001221A7030F0BCF9A74B1A68A74B1A606D
:1051E000EDE4A24B1E221A70092388F80030A14B6F
:1051F00001221A700A2030F0ABF99F4B1A689F4BBE
:105200001A60F1E49E4B9B78012B7FF4F2AC974B34
:105210001E221A70092388F80030994B00221A8048
:105220009A70954B1A68954B1A60E2E4954B1B787F
:10523000DBB2012B00F00481924B1B78DBB2012B17
:1052400000F058814FF003038DF875318E4B5C935D
:105250008E4D002364225CA9286829F04DFB322082
:105260002FF0AEFB00248DF874418DF87541884A0B
:105270005C92234664225CA9286829F03DFB322019
:105280002FF09EFB83494FF40020C1F818017A4BA0
:105290001B687A4803607B4B1C708DF854410123D6
:1052A0008DF855310223224653A97B48006829F026
:1052B00023FB40F6B8302FF083FB4FF0030C8DF842
:1052C00075C1714B5C93234664220DF5B87C614631
:1052D000286829F011FB32202FF072FB8DF8744101
:1052E0008DF875416A4A5C92234664220DF5B87CBC
:1052F0006146286829F000FB32202FF061FB6549E8
:105300004FF40023C1F818310A23009323462246A4
:105310000321624800682EF097FA614B18782EF04E
:105320004FFF604B18782EF067FF5F4B18882EF008
:105330007FFF5E4B18782EF0B3FF5D4B18782EF090
:1053400093FF5C4B18782EF0C7FF5B4B18682EF06C
:10535000FBFF4A48D0ED007AFCEEE77A574B93ED1D
:10536000007ABCEEC77A17EE100A17EE903A181AB8
:10537000534B18602EF0CCFF524B1B78DBB2012B45
:1053800000F0CE804F4B1B78DBB2022B00F0CC80BC
:105390004C4B1B78DBB2032B00F0CA804A4B0C222B
:1053A0001A70052030F00EF8434B1B6843933E4BB8
:1053B00019883C4B1B783A4A12781B0243EA014396
:1053C000134346933A4B1978384B1B78394A127875
:1053D0001B0243EA0143134347933C4B1A7833784B
:1053E00043EA02434893364B1B6843F480334993A6
:1053F000344B1A78364C238843EA02434A930223FB
:105400008DF804310023642241A93248006829F054
:1054100073FA314B18682BF03FFC01233B600022EC
:1054200022802E490B702E490B702E490B702E498D
:105430000B702E4B1A70124B1A809A70FEF7CDBD6E
:105440002B4B1B78002B7FF4F7AE00228DF85421F4
:1054500003238DF85531022353A90F48006829F022
:105460004BFA40F6B8302FF0ABFAE5E6AD9B0120E1
:105470006E980120E99B0120B0990120249A012017
:10548000C89B0120D39B012002C0EC15609A01202B
:1054900005C0EC1500800041F4990120909901208D
:1054A000F79B0120109C0120FA8C01200F9C012009
:1054B000009C01201E9C0120E89801201C9A0120DC
:1054C00010990120E89B0120FB9C0120CB9B01202F
:1054D0006E9501206C99012070990120BD9B0120DF
:1054E000D29B0120CD9B0120C19B0120F59B012077
:1054F000D99B0120104B1B78DBB2012B7FF4A2AEAD
:1055000000228DF854218DF85531022353A90B4800
:10551000006829F0F1F940F6B8302FF051FA91E621
:10552000012030F015F82DE7022030F011F82FE7B8
:10553000032030F00DF831E7D99B0120F4990120C8
:10554000D49D0120040000000100000000000000C4
:10555000709501201C000000000000002097012031
:1055600008000000000000008C9501201C000000D5
:1055700000000000A09601201000000000000000C4
:10558000289701201800000000000000A8950120C5
:105590001C00000000000000B09601201000000078
:1055A00000000000409701201000000000000000F3
:1055B000C88D0120C000000000000000BA9B01203F
:1055C00002000000000000005C9401202C0000009C
:1055D000000000006C930120F000000000000000BB
:1055E000509701201000000000000000D89D01200D
:1055F0000400000001000000AAAAAAAA78980120CD
:105600000400000000000000A0010020608A0100EA
:10561000000000007C980120100000000000000045
:105620006097012008000000000000008C98012015
:105630000800000000000000C495012028000000C0
:1056400000000000949801201800000000000000F5
:10565000249101206400000000000000AC980120AB
:105660001400000000000000EC950120280000005C
:1056700000000000C09801201000000000000000A1
:10568000149601201400000000000000D0980120B2
:1056900004000000000000002896012028000000FF
:1056A00000000000D4980120080000000000000065
:1056B000DC9D012004000000010000000400000047
:1056C000100000209001000000000000DC98012084
:1056D0001400000000000000DB9101200100000028
:1056E00000000000B79B0120010000000000000046
:1056F000F09801200400000000000000C79B01207A
:105700000100000000000000F498012004000000E7
:10571000000000006D980120010000000000000062
:10572000F89801200C00000000000000759801208E
:105730000100000000000000A99B01200100000002
:1057400000000000AD9B01200100000000000000EF
:10575000B19B01200100000000000000049901201D
:105760001400000000000000BE9B012002000000A9
:10577000000000005096012014000000000000000E
:10578000C29B01200200000000000000649601207E
:105790001400000000000000CE9B01200200000069
:1057A00000000000789601201400000000000000B6
:1057B000D09B012002000000000000008C96012018
:1057C00014000000000000001899012004000000EF
:1057D00000000000B892012040000000000000001E
:1057E000889401205000000000000000E08F01209C
:1057F000A4000000000000001C9901200800000027
:10580000000000002C920120460000000000000073
:10581000CC9B012001000000000000002499012021
:105820003C00000000000000729201200200000015
:10583000000000003693012002000000000000007C
:105840006A9301200200000000000000609901201E
:105850000400000000000000CB9B012001000000BC
:1058600000000000B99B01200100000000000000C2
:10587000649901201000000000000000BD9B012081
:105880000100000000000000C19B01200100000099
:1058900000000000CD9B012001000000000000007E
:1058A000D29B012001000000000000006E95012045
:1058B00002000000000000007499012004000000B4
:1058C00000000000D39B0120010000000000000048
:1058D000789901200800000000000000D49B0120FE
:1058E00005000000000000001E97012002000000DB
:1058F000000000008099012004000000000000006A
:10590000D99B0120010000000000000084990120C3
:105910000800000000000000DA9B012002000000E7
:10592000000000008C99012004000000000000002D
:10593000DC9B012001000000000000009099012084
:105940003000000000000000DD9B0120030000008B
:1059500000000000C09901200C00000000000000C1
:10596000889101205300000000000000CC99012024
:1059700038000000000000003893012032000000D1
:1059800000000000049A0120140000000000000044
:10599000E09B01200200000000000000189A012096
:1059A0000400000000000000E29B01200300000052
:1059B00000000000689801200500000000000000C1
:1059C000E59B01200100000000000000709801200C
:1059D00005000000000000001C9A012008000000E3
:1059E00000000000E69B0120020000000000000013
:1059F000C89B01200300000000000000C49B0120A0
:105A00000300000000000000249A012008000000AC
:105A100000000000E89B01200100000000000000E1
:105A2000149701200A000000000000006E98012079
:105A30000200000000000000E99B012001000000BE
:105A4000000000002C9A012004000000000000006B
:105A5000EA9B012001000000000000007698012070
:105A60000200000000000000AA9B012002000000CC
:105A700000000000AE9B01200200000000000000BA
:105A8000689701206800000000000000309A0120A3
:105A90002000000000000000D097012068000000F6
:105AA00000000000509A012080000000000000006B
:105AB000389801203000000000000000EB9B01201E
:105AC0000100000000000000D09A01200400000046
:105AD00000000000EC9B012002000000000000001C
:105AE000D49A01200400000000000000EE9B012079
:105AF0000100000000000000D89A0120040000000E
:105B000000000000F89201203E00000000000000AC
:105B1000B29B01200200000000000000D894012088
:105B20005000000000000000008C0120FA0000007E
:105B300000000000EF9B01200100000000000000B9
:105B4000DC9A01200800000000000000F09B01200A
:105B50000300000000000000E49A0120080000009B
:105B600000000000F39B0120020000000000000084
:105B7000EC9A01200400000000000000F59B0120C9
:105B80000200000000000000F09A01200C0000005C
:105B900000000000F79B0120020000000000000050
:105BA000FC9A01200400000000000000F99B012085
:105BB0000100000000000000009B01200800000020
:105BC00000000000888E0120AA00000000000000F4
:105BD000089B01200400000000000000FA9B012047
:105BE0000300000000000000C09B01200100000035
:105BF00000000000FD9B01200100000000000000EB
:105C00000C9B0120040000000000000074920120A1
:105C10004400000000000000109B01200C00000068
:105C200000000000FE9B01200200000000000000B8
:105C3000BC9B01200100000000000000B89B012077
:105C400001000000000000001C9B01200800000073
:105C500000000000009C0120050000000000000082
:105C6000249B01200400000000000000059C01208E
:105C70000700000000000000289B01200400000035
:105C8000000000000C9C0120030000000000000048
:105C90002C9B01200800000000000000348F012030
:105CA000AA00000000000000349B01200400000056
:105CB000000000000F9C0120010000000000000017
:105CC000389B01200400000000000000109C01200F
:105CD0000100000000000000328F012002000000DF
:105CE00000000000DE8F0120020000000000000024
:105CF000B49B01200300000000000000119C012063
:105D000006000000000000003C9B01200400000091
:105D100000000000179C01200200000000000000AD
:105D2000409B01200C00000000000000199C012095
:105D300001000000000000004C9B01200400000056
:105D4000000000001A9C012001000000000000007B
:105D5000509B012004000000000000001B9C01205B
:105D60000100000000000000549B0120040000001E
:105D7000000000001C9C0120010000000000000049
:105D8000589B012004000000000000001D9C012021
:105D900001000000000000005C9B012008000000E2
:105DA00000000000B09B0120010000000000000086
:105DB000AC9B01200100000000000000A89B012016
:105DC0000100000000000000649B01201C00000096
:105DD0000000000084900120A000000000000000EE
:105DE000C096012010000000000000001E9C012051
:105DF0000100000000000000F096012024000000D7
:105E000000000000809B0120040000000000000052
:105E10001F9C01200200000000000000849B012064
:105E20000400000000000000D096012010000000D7
:105E300000000000FC8C0120CC00000000000000ED
:105E4000889B01200C00000000000000FA8C01205B
:105E500002000000000000006A9C01200200000017
:105E600001000000040100008A9C012002000000E3
:105E700001000000B40000006C9C01201E00000026
:105E8000010000005AA51B82524068747470733A76
:105E90002F2F7777772E7374617469712E696E2F47
:105EA000FFFF0000C39C0120010000000100000072
:105EB0000C000000D79C0120010000000100000040
:105EC0000C000000FB9C012001000000010000000C
:105ED00003000000739D012001000000010000008C
:105EE0000F0000007F9D0120010000000100000064
:105EF000460000008B9D0120010000000100000011
:105F000050000000EA9C0120020000000100000097
:105F10003C4100000A9D0120020000000100000039
:105F20003C4100001A9D0120020000000100000019
:105F3000010100002A9D0120020000000100000074
:105F4000011400003A9D0120020000000100000041
:105F5000010100004A9D0120020000000100000034
:105F6000010100008C9C01201E00000001000000C7
:105F7000454D455247454E43595F425554544F4E47
:105F80005F505245535345442F4F4E0D0A000000B9
:105F9000AC9C01201700000001000000454D455257
:105FA00047454E435920425554544F4E204F464684
:105FB0000D0A0000E09D0120040000000100000027
:105FC00033335340FC9C01200E0000000100000010
:105FD00047464349204E4F54204F4B0D0A000000C6
:105FE0008C9D01200A000000010000004746434943
:105FF000204F4B0D0A000000E49D0120040000002A
:106000000100000000004843969D012001000000AF
:106010000100000001000000E89D012004000000D4
:106020000100000000004843979D0120010000008E
:1060300001000000010000000C9D01200E00000086
:1060400001000000494D4431204E4F54204F4B0D6C
:106050000A000000989D01200A00000001000000D5
:10606000494D4431204F4B0D0A0000001C9D01207A
:106070000E00000001000000494D4432204E4F54F4
:10608000204F4B0D0A000000A49D01200A000000D3
:1060900001000000494D4432204F4B0D0A00000022
:1060A0005C9D01200C0000000100000047415445A8
:1060B000204F50454E0D0A002C9D01200E0000007F
:1060C000010000004741544520434C4F5345440DC7
:1060D0000A000000EC9D0120040000000100000007
:1060E000CDCCCC3FEC9C01200F0000000100000053
:1060F0005048415345204E4F54204F4B0D0A00004D
:10610000689D01200B000000010000005048415331
:10611000455F4F4B0D0A0000F09D01200C00000070
:1061200001000000000000400000004000606A47DD
:10613000749D01200B000000010000005247423115
:10614000204F46460D0A0000B09D01200A000000C5
:1061500001000000524742315F4F4E0D0A0000001F
:10616000809D01200B0000000100000052474232D8
:10617000204F46460D0A0000BC9D01200A00000089
:1061800001000000524742325F4F4E0D0A000000EE
:10619000AA9C01200200000001000000AF4A00009C
:1061A000C49C01201300000001000000534D4F4B20
:1061B000452049532050524553454E540D0A000086
:1061C000D89C01201200000001000000534D4F4BED
:1061D00045204E4F542054484552450D0A000000BA
:1061E0004C9D01200D000000010000005350442090
:1061F0004E4F54204F4B0D0A00000000C89D012057
:106200000900000001000000535044204F4B0D0ACC
:1062100000000000FC9D01200800000001000000BB
:106220000000484300004843249C01204600000031
:10623000010000004170706C69636174696F6E20C9
:1062400072756E2061667465722072656369657629
:10625000696E6720636F6D6D616E64207468726F24
:1062600075676820626F6F746C6F6164657220641B
:106270006F6E652E2E2E2E0D0A0000003C9D012013
:106280000E00000001000000494E54455252555086
:106290005445440D0A000000049E01200400000043
:1062A0000100000000004843949B0120080000000A
:1062B00000000000E0960120100000000000000037
:1062C0002895012046000000000000009C9B012052
:1062D0000400000000000000DC91012050000000DC
:1062E00000000000A09B012008000000000000004A
:1062F000089E0120040000000100000000000000D2
:10630000000000000000000066666666666666665D
:10631000666666666666666666666666666666661D
:0463200066666666E1
:106E100038B50446D4485A230370A523437007238A
:106E200083708223C3701423037102234371D4F847
:106E300000311A0E82711A0CC2711A0A0272437260
:106E4000CA4B4FF400229A610A212AF09FFC30F0CD
:106E500071FC0028FBD0C54B4FF400225A61C24898
:106E60005A210170A5214170052181708221C170D4
:106E7000142101710621417100218171B4F81E11A4
:106E8000C1719A6108212AF081FC30F053FC00287E
:106E9000FBD0B64B4FF400225A61B3485A2101701F
:106EA000A5214170052181708221C17014210171D9
:106EB0000821417100258571D4F80451C5719A618A
:106EC0002AF064FC30F036FC0028FBD0A74A4FF4CF
:106ED00000215161A4485A230370A5234370052360
:106EE00083708223C370142303710A234371002328
:106EF0008371D4F804311B0AC371916108212AF00F
:106F000045FC30F017FC0028FBD0984B4FF40022D2
:106F10005A6195485A210170A5214170052181705F
:106F20008221C170142101710C21417100218171F4
:106F3000B4F80611C1719A6108212AF027FC30F0DB
:106F4000F9FB0028FBD0894B4FF400225A61864898
:106F50005A210170A5214170052181708221C170E3
:106F6000142101710E21417100218171B4F80E11BB
:106F7000C1719A6108212AF009FC30F0DBFB00287E
:106F8000FBD07A4A4FF40021516177485A230370AD
:106F9000A5234370052383708223C37014230371D8
:106FA0001023437100238371D4F80C311B0AC37181
:106FB000916108212AF0EAFB30F0BCFB0028FBD0ED
:106FC0006A4B4FF400225A6167485A210170A5218B
:106FD0004170052181708221C1701421017112213B
:106FE000417100218171D4F80C11C1719A6108219D
:106FF0002AF0CCFB30F09EFB0028FBD05B4A4FF41C
:107000000021516158485A230370A5234370072378
:1070100083708223C3701423037116234371D4F841
:1070200020311D0E85711D0CC5711D0A057243723C
:1070300091610A212AF0AAFB30F07CFB0028FBD0EA
:107040004A4B4FF400225A6147485A210170A5214A
:107050004170052181708221C170142101711A21B2
:10706000417100218171B4F83E11C1719A6108210A
:107070002AF08CFB30F05EFB0028FBD03B4B4FF43A
:1070800000225A6138485A210170A521417005211A
:1070900081708221C170142101711C214171002174
:1070A0008171D4F82411C1719A6108212AF06EFB14
:1070B00030F040FB0028FBD02C4A4FF400215161F6
:1070C00029485A230370A523437005238370822324
:1070D000C370142303711E23437100238371D4F8FA
:1070E00024311B0AC371916108212AF04FFB30F053
:1070F00021FB0028FBD01D4B4FF400225A611A4897
:107100005A210170A5214170052181708221C17031
:10711000142101712021417100218171B4F82611DF
:10712000C1719A6108212AF031FB30F003FB00287D
:10713000FBD00E4B4FF400225A610B485A210170CC
:10714000A5214170052181708221C1701421017136
:107150002221417100218171B4F82E11C1719A610F
:1071600008212AF013FB03E0509501200080004124
:1071700030F0E0FA0028FBD0D54A4FF400215161ED
:10718000D4485A230370A5234370052383708223B8
:10719000C370142303712423437100238371D4F833
:1071A0002C311B0AC371916108212AF0EFFA30F0EB
:1071B000C1FA0028FBD0C64B4FF400225A61C548E3
:1071C0005A210170A5214170052181708221C17071
:1071D000142101712621417100218171D4F82C11F3
:1071E000C1719A6108212AF0D1FA30F0A3FA00287F
:1071F000FBD0B74A4FF400215161B6485A230370BF
:10720000A5234370072383708223C3701423037163
:107210002A234371D4F840311D0E85711D0CC571B0
:107220001D0A0572437291610A212AF0AFFA30F00B
:1072300081FA0028FBD0A64B4FF400225A61A548E2
:107240005A210170A5214170052181708221C170F0
:10725000142101712E21417100218171B4F85E1158
:10726000C1719A6108212AF091FA30F063FA00287E
:10727000FBD0974B4FF400225A6196485A21017077
:10728000A5214170052181708221C17014210171F5
:107290003021417100218171D4F84411C1719A618A
:1072A00008212AF073FA30F045FA0028FBD0884A0A
:1072B0004FF40021516187485A230370A52343707E
:1072C000052383708223C370142303713223437117
:1072D00000238371D4F844311B0AC37191610821E2
:1072E0002AF054FA30F026FA0028FBD0784B4FF4FD
:1072F00000225A6177485A210170A5214170052169
:1073000081708221C17014210171342141710021E9
:107310008171B4F84611C1719A6108212AF036FAD8
:1073200030F008FA0028FBD0694B4FF400225A6174
:1073300068485A210170A521417005218170822180
:10734000C170142101713621417100218171B4F89D
:107350004E11C1719A6108212AF018FA30F0EAF949
:107360000028FBD05A4A4FF40021516159485A2352
:107370000370A5234370052383708223C3701423F5
:1073800003713823437100238371D4F84C311B0AF5
:10739000C371916108212AF0F9F930F0CBF9002886
:1073A000FBD04B4B4FF400225A614A485A210170DE
:1073B000A5214170052181708221C17014210171C4
:1073C0003A21417100218171D4F84C11C1719A6147
:1073D00008212AF0DBF930F0ADF90028FBD03C4A57
:1073E0004FF4002151613B485A230370A523437099
:1073F000072383708223C3701423037140234371D6
:10740000D4F860311D0E85711D0CC5711D0A057201
:10741000437291610A212AF0B9F930F08BF9002802
:10742000FBD02B4B4FF400225A612A485A2101709D
:10743000A5214170052181708221C1701421017143
:107440004421417100218171B4F87E11C1719A61AA
:1074500008212AF09BF930F06DF90028FBD01C4B75
:107460004FF400225A611B485A210170A521417036
:10747000052181708221C170142101714621417161
:1074800000218171D4F86411C1719A6108212AF038
:107490007DF930F04FF90028FBD00D4A4FF4002160
:1074A00051610C485A230370A52343700523837050
:1074B0008223C37014230371482343710023837113
:1074C000D4F864311B0AC3719161082104E000BF44
:1074D00000800041509501202AF058F930F02AF937
:1074E0000028FBD0D54B4FF400225A61D4485A21D2
:1074F0000170A5214170052181708221C170142184
:1075000001714A21417100218171B4F86611C17184
:107510009A6108212AF03AF930F00CF90028FBD0E2
:10752000C64B4FF400225A61C5485A210170A5216B
:107530004170052181708221C170142101714C219B
:10754000417100218171B4F86E11C1719A610821F5
:107550002AF01CF930F0EEF80028FBD0B74A4FF4BF
:1075600000215161B6485A230370A52343700523B7
:1075700083708223C370142303714E23437100234D
:107580008371D4F86C311B0AC371916108212AF010
:10759000FDF830F0CFF80028FBD0A84B4FF40022C4
:1075A0005A61A7485A210170A521417005218170B7
:1075B0008221C1701421017150214171002181711A
:1075C000D4F86C11C1719A6108212AF0DFF830F00B
:1075D000B1F80028FBD0994A4FF400215161984836
:1075E0005A230370A5234370072383708223C3703B
:1075F0001423037156234371D4F880311D0E857115
:107600001D0CC5711D0A0572437291610A212AF091
:10761000BDF830F08FF80028FBD0884B4FF40022E3
:107620005A6187485A210170A52545700525857046
:107630008225C57014250571417100218171B4F84E
:107640009E11C1719A6108212AF0A0F830F072F8F9
:107650000028FBD0794B4FF400225A6178485A2118
:107660000170A5214170052181708221C170142112
:1076700001715C21417100218171D4F88411C171C3
:107680009A6108212AF082F830F054F80028FBD0E3
:107690006A4A4FF40021516169485A230370A523B7
:1076A0004370052383708223C370142303715E2308
:1076B000437100238371D4F884311B0AC371916133
:1076C00008212AF063F830F035F80028FBD05B4B36
:1076D0004FF400225A615A485A210170A521417085
:1076E000052181708221C1701421017160214171D5
:1076F00000218171B4F88611C1719A6108212AF0C4
:1077000045F830F017F80028FBD04C4B4FF400221E
:107710005A614B485A210170A521417005218170A1
:107720008221C17014210171622141710021817196
:10773000B4F88E11C1719A6108212AF027F82FF050
:10774000F9FF0028FBD03D4A4FF4002151613C482D
:107750005A230370A5234370052383708223C370CB
:10776000142303716423437100238371D4F88C3193
:107770001B0AC371916108212AF008F82FF0DAFF83
:107780000028FBD02D4B4FF400225A612C485A217F
:107790000170A5214170052181708221C1701421E1
:1077A00001716621417100218171D4F88C11C17180
:1077B0009A61082129F0EAFF2FF0BCFF0028FBD0D6
:1077C0001E4A4FF4002151611D485A230370A5231E
:1077D0004370072383708223C370142303716C23C7
:1077E0004371D4F8A0311D0E85711D0CC5711D0AA1
:1077F0000572437291610A2129F0C8FF2FF09AFFA8
:107800000028FBD00D4B4FF400225A610C485A213E
:107810000170A5214170052181708221C170142160
:1078200001717021417100218171B4F8BE11C171E3
:107830009A61082129F0AAFF04E000BF00800041FE
:10784000509501202FF076FF0028FBD0D44B4FF449
:1078500000225A61D3485A210170A52141700521A7
:1078600081708221C1701421017172214171002146
:107870008171D4F8A411C1719A61082129F086FFA1
:107880002FF058FF0028FBD0C54A4FF4002151616A
:10789000C4485A230370A5234370052383708223B1
:1078A000C370142303717423437100238371D4F8CC
:1078B000A4311B0AC3719161082129F067FF2FF0E1
:1078C00039FF0028FBD0B64B4FF400225A61B5486F
:1078D0005A210170A5214170052181708221C1705A
:1078E000142101717621417100218171B4F8A61132
:1078F000C1719A61082129F049FF2FF01BFF002870
:10790000FBD0A74B4FF400225A61A6485A210170C0
:10791000A5214170052181708221C170142101715E
:107920007821417100218171B4F8AE11C1719A6161
:10793000082129F02BFF2FF0FDFE0028FBD0984AEC
:107940004FF40021516197485A230370A5234370D7
:10795000052383708223C370142303717A23437138
:1079600000238371D4F8AC311B0AC37191610821E3
:1079700029F00CFF2FF0DEFE0028FBD0884B4FF4DF
:1079800000225A6187485A210170A52141700521C2
:1079900081708221C170142101717C21417100210B
:1079A0008171D4F8AC11C1719A61082129F0EEFE01
:1079B0002FF0C0FE0028FBD0794A4FF4002151611E
:1079C00078485A230370A5234370072383708223CA
:1079D000C3701423037180234371D4F8C0311D0E8A
:1079E00085711D0CC5711D0A0572437291610A21D2
:1079F00029F0CCFE2FF09EFE0028FBD0684B4FF400
:107A000000225A6167485A210170A5214170052161
:107A100081708221C1701421017184214171002182
:107A20008171B4F8DE11C1719A61082129F0AEFEAE
:107A30002FF080FE0028FBD0594B4FF400225A61F2
:107A400058485A210170A521417005218170822179
:107A5000C170142101718621417100218171D4F816
:107A6000C411C1719A61082129F090FE2FF062FEC5
:107A70000028FBD04A4A4FF40021516149485A235B
:107A80000370A5234370052383708223C3701423DE
:107A900003718823437100238371D4F8C4311B0A16
:107AA000C3719161082129F071FE2FF043FE002877
:107AB000FBD03B4B4FF400225A613A485A210170E7
:107AC000A5214170052181708221C17014210171AD
:107AD0008A21417100218171B4F8C611C1719A6186
:107AE000082129F053FE2FF025FE0028FBD02C4B57
:107AF0004FF400225A612B485A210170A521417090
:107B0000052181708221C170142101718C21417184
:107B100000218171B4F8CE11C1719A61082129F058
:107B200035FE2FF007FE0028FBD01D4A4FF4002140
:107B300051611C485A230370A523437005238370A9
:107B40008223C370142303718E2343710023837136
:107B5000D4F8CC311B0AC3719161082129F016FEBB
:107B60002FF0E8FD0028FBD00D4B4FF400225A61A6
:107B70000C485A210170A521417005218170822194
:107B8000C170142101719021417100218171D4F8DB
:107B9000CC11C1719A61082129F0F8FD04E000BF01
:107BA00000800041509501202FF0C4FD0028FBD03B
:107BB0007D4A4FF4002151617C485A230370A5236C
:107BC0004370072383708223C370142303719423AB
:107BD0004371D4F8E0311D0E85711D0CC5711D0A6D
:107BE0000572437291610A2129F0D0FD2FF0A2FDA8
:107BF0000028FBD06C4B4FF400225A616B485A218D
:107C00000170A5214170052181708221C17014216C
:107C100001719821417100218171B4F8FE11C17187
:107C20009A61082129F0B2FD2FF084FD0028FBD0D5
:107C30005D4B4FF400225A615C485A210170A52126
:107C40004170052181708221C170142101719A2136
:107C5000417100218171D4F8E411C1719A61082148
:107C600029F094FD2FF066FD0028FBD04E4A4FF41A
:107C7000002151614D485A230370A5234370052309
:107C800083708223C370142303719C2343710023E8
:107C90008371D4F8E4311B0AC3719161082129F082
:107CA00075FD2FF047FD0028FBD03F4B4FF400221D
:107CB0005A613E485A210170A52141700521817009
:107CC0008221C170142101719E21417100218171B5
:107CD000B4F8E611C1719A61082129F057FD2FF01F
:107CE00029FD0028FBD0304B4FF400225A612F4869
:107CF0005A210170A5214170052181708221C17036
:107D000014210171A021417100218171B4F8EE119B
:107D1000C1719A61082129F039FD2FF00BFD00286F
:107D2000FBD0214A4FF40021516120485A230370AF
:107D3000A5234370052383708223C370142303712A
:107D4000A223437100238371D4F8EC311B0AC37161
:107D50009161082129F01AFD2FF0ECFC0028FBD0DE
:107D6000114B4FF400225A6110485A210170A5218D
:107D70004170052181708221C17014210171A421FB
:107D8000417100218171D4F8EC11C1719A6108210F
:107D900029F0FCFC2FF0CEFC0028FBD0024B4FF466
:107DA00000225A6138BD00BF00800041509501207B
:107DB00038B50446D4485A230370A52343700723DB
:107DC00083708223C3701423037102234371D4F898
:107DD00000311A0E82711A0CC2711A0A02724372B1
:107DE000CA4B4FF400229A610A2129F0CFFC2FF0F0
:107DF000A1FC0028FBD0C54B4FF400225A61C248B9
:107E00005A210170A5214170052181708221C17024
:107E1000142101710621417100218171B4F81E11F4
:107E2000C1719A61082129F0B1FC2FF083FC002870
:107E3000FBD0B64B4FF400225A61B3485A2101706F
:107E4000A5214170052181708221C1701421017129
:107E50000821417100258571D4F80451C5719A61DA
:107E600029F094FC2FF066FC0028FBD0A74A4FF4C1
:107E700000215161A4485A230370A52343700523B0
:107E800083708223C370142303710A234371002378
:107E90008371D4F804311B0AC3719161082129F060
:107EA00075FC2FF047FC0028FBD0984B4FF40022C4
:107EB0005A6195485A210170A521417005218170B0
:107EC0008221C170142101710C2141710021817145
:107ED000B4F80611C1719A61082129F057FC2FF0FE
:107EE00029FC0028FBD0894B4FF400225A618648B8
:107EF0005A210170A5214170052181708221C17034
:107F0000142101710E21417100218171B4F80E110B
:107F1000C1719A61082129F039FC2FF00BFC00286F
:107F2000FBD07A4A4FF40021516177485A230370FD
:107F3000A5234370052383708223C3701423037128
:107F40001023437100238371D4F80C311B0AC371D1
:107F50009161082129F01AFC2FF0ECFB0028FBD0DE
:107F60006A4B4FF400225A6167485A210170A521DB
:107F70004170052181708221C1701421017112218B
:107F8000417100218171D4F80C11C1719A610821ED
:107F900029F0FCFB2FF0CEFB0028FBD05B4A4FF40E
:107FA0000021516158485A230370A52343700723C9
:107FB00083708223C3701423037116234371D4F892
:107FC00020311D0E85711D0CC5711D0A057243728D
:107FD00091610A2129F0DAFB2FF0ACFB0028FBD0DD
:107FE0004A4B4FF400225A6147485A210170A5219B
:107FF0004170052181708221C170142101711A2103
:10800000417100218171B4F83E11C1719A6108215A
:1080100029F0BCFB2FF08EFB0028FBD03B4B4FF42C
:1080200000225A6138485A210170A521417005216A
:1080300081708221C170142101711C2141710021C4
:108040008171D4F82411C1719A61082129F09EFB35
:108050002FF070FB0028FBD02C4A4FF40021516117
:1080600029485A230370A523437005238370822374
:10807000C370142303711E23437100238371D4F84A
:1080800024311B0AC3719161082129F07FFB2FF075
:1080900051FB0028FBD01D4B4FF400225A611A48B7
:1080A0005A210170A5214170052181708221C17082
:1080B000142101712021417100218171B4F8261130
:1080C000C1719A61082129F061FB2FF033FB002870
:1080D000FBD00E4B4FF400225A610B485A2101701D
:1080E000A5214170052181708221C1701421017187
:1080F0002221417100218171B4F82E11C1719A6160
:10810000082129F043FB03E0509501200080004145
:108110002FF010FB0028FBD0D54A4FF4002151610D
:10812000D4485A230370A523437005238370822308
:10813000C370142303712423437100238371D4F883
:108140002C311B0AC3719161082129F01FFB2FF00C
:10815000F1FA0028FBD0C64B4FF400225A61C54803
:108160005A210170A5214170052181708221C170C1
:10817000142101712621417100218171D4F82C1143
:10818000C1719A61082129F001FB2FF0D3FA002870
:10819000FBD0B74A4FF400215161B6485A2303700F
:1081A000A5234370072383708223C37014230371B4
:1081B0002A234371D4F840311D0E85711D0CC57101
:1081C0001D0A0572437291610A2129F0DFFA2FF02E
:1081D000B1FA0028FBD0A64B4FF400225A61A54803
:1081E0005A210170A5214170052181708221C17041
:1081F000142101712E21417100218171B4F85E11A9
:10820000C1719A61082129F0C1FA2FF093FA002870
:10821000FBD0974B4FF400225A6196485A210170C7
:10822000A5214170052181708221C1701421017145
:108230003021417100218171D4F84411C1719A61DA
:10824000082129F0A3FA2FF075FA0028FBD0884AFC
:108250004FF40021516187485A230370A5234370CE
:10826000052383708223C370142303713223437167
:1082700000238371D4F844311B0AC3719161082132
:1082800029F084FA2FF056FA0028FBD0784B4FF4EF
:1082900000225A6177485A210170A52141700521B9
:1082A00081708221C170142101713421417100213A
:1082B0008171B4F84611C1719A61082129F066FAFA
:1082C0002FF038FA0028FBD0694B4FF400225A6196
:1082D00068485A210170A5214170052181708221D1
:1082E000C170142101713621417100218171B4F8EE
:1082F0004E11C1719A61082129F048FA2FF01AFA3B
:108300000028FBD05A4A4FF40021516159485A23A2
:108310000370A5234370052383708223C370142345
:1083200003713823437100238371D4F84C311B0A45
:10833000C3719161082129F029FA2FF0FBF9002877
:10834000FBD04B4B4FF400225A614A485A2101702E
:10835000A5214170052181708221C1701421017114
:108360003A21417100218171D4F84C11C1719A6197
:10837000082129F00BFA2FF0DDF90028FBD03C4A48
:108380004FF4002151613B485A230370A5234370E9
:10839000072383708223C370142303714023437126
:1083A000D4F860311D0E85711D0CC5711D0A057252
:1083B000437291610A2129F0E9F92FF0BBF90028F5
:1083C000FBD02B4B4FF400225A612A485A210170EE
:1083D000A5214170052181708221C1701421017194
:1083E0004421417100218171B4F87E11C1719A61FB
:1083F000082129F0CBF92FF09DF90028FBD01C4B68
:108400004FF400225A611B485A210170A521417086
:10841000052181708221C1701421017146214171B1
:1084200000218171D4F86411C1719A61082129F089
:10843000ADF92FF07FF90028FBD00D4A4FF4002151
:1084400051610C485A230370A523437005238370A0
:108450008223C37014230371482343710023837163
:10846000D4F864311B0AC3719161082104E000BF94
:10847000008000415095012029F088F92FF05AF929
:108480000028FBD0D54B4FF400225A61D4485A2122
:108490000170A5214170052181708221C1701421D4
:1084A00001714A21417100218171B4F86611C171D5
:1084B0009A61082129F06AF92FF03CF90028FBD0D5
:1084C000C64B4FF400225A61C5485A210170A521BC
:1084D0004170052181708221C170142101714C21EC
:1084E000417100218171B4F86E11C1719A61082146
:1084F00029F04CF92FF01EF90028FBD0B74A4FF4B1
:1085000000215161B6485A230370A5234370052307
:1085100083708223C370142303714E23437100239D
:108520008371D4F86C311B0AC3719161082129F061
:108530002DF92FF0FFF80028FBD0A84B4FF40022B4
:108540005A61A7485A210170A52141700521817007
:108550008221C1701421017150214171002181716A
:10856000D4F86C11C1719A61082129F00FF92FF02C
:10857000E1F80028FBD0994A4FF400215161984856
:108580005A230370A5234370072383708223C3708B
:108590001423037156234371D4F880311D0E857165
:1085A0001D0CC5711D0A0572437291610A2129F0E3
:1085B000EDF82FF0BFF80028FBD0884B4FF40022D5
:1085C0005A6187485A210170A52545700525857097
:1085D0008225C57014250571417100218171B4F89F
:1085E0009E11C1719A61082129F0D0F82FF0A2F8EC
:1085F0000028FBD0794B4FF400225A6178485A2169
:108600000170A5214170052181708221C170142162
:1086100001715C21417100218171D4F88411C17113
:108620009A61082129F0B2F82FF084F80028FBD0D5
:108630006A4A4FF40021516169485A230370A52307
:108640004370052383708223C370142303715E2358
:10865000437100238371D4F884311B0AC371916183
:10866000082129F093F82FF065F80028FBD05B4B28
:108670004FF400225A615A485A210170A5214170D5
:10868000052181708221C170142101716021417125
:1086900000218171B4F88611C1719A61082129F015
:1086A00075F82FF047F80028FBD04C4B4FF4002210
:1086B0005A614B485A210170A521417005218170F2
:1086C0008221C170142101716221417100218171E7
:1086D000B4F88E11C1719A61082129F057F82FF072
:1086E00029F80028FBD03D4A4FF4002151613C4855
:1086F0005A230370A5234370052383708223C3701C
:10870000142303716423437100238371D4F88C31E3
:108710001B0AC3719161082129F038F82FF00AF87B
:108720000028FBD02D4B4FF400225A612C485A21CF
:108730000170A5214170052181708221C170142131
:1087400001716621417100218171D4F88C11C171D0
:108750009A61082129F01AF82EF0ECFF0028FBD0CE
:108760001E4A4FF4002151611D485A230370A5236E
:108770004370072383708223C370142303716C2317
:108780004371D4F8A0311D0E85711D0CC5711D0AF1
:108790000572437291610A2128F0F8FF2EF0CAFF9A
:1087A0000028FBD00D4B4FF400225A610C485A218F
:1087B0000170A5214170052181708221C1701421B1
:1087C00001717021417100218171B4F8BE11C17134
:1087D0009A61082128F0DAFF04E000BF0080004120
:1087E000509501202EF0A6FF0028FBD0D44B4FF46B
:1087F00000225A61D3485A210170A52141700521F8
:1088000081708221C1701421017172214171002196
:108810008171D4F8A411C1719A61082128F0B6FFC2
:108820002EF088FF0028FBD0C54A4FF4002151618B
:10883000C4485A230370A523437005238370822301
:10884000C370142303717423437100238371D4F81C
:10885000A4311B0AC3719161082128F097FF2EF003
:1088600069FF0028FBD0B64B4FF400225A61B5488F
:108870005A210170A5214170052181708221C170AA
:10888000142101717621417100218171B4F8A61182
:10889000C1719A61082128F079FF2EF04BFF002862
:1088A000FBD0A74B4FF400225A61A6485A21017011
:1088B000A5214170052181708221C17014210171AF
:1088C0007821417100218171B4F8AE11C1719A61B2
:1088D000082128F05BFF2EF02DFF0028FBD0984ADE
:1088E0004FF40021516197485A230370A523437028
:1088F000052383708223C370142303717A23437189
:1089000000238371D4F8AC311B0AC3719161082133
:1089100028F03CFF2EF00EFF0028FBD0884B4FF4D0
:1089200000225A6187485A210170A5214170052112
:1089300081708221C170142101717C21417100215B
:108940008171D4F8AC11C1719A61082128F01EFF21
:108950002EF0F0FE0028FBD0794A4FF4002151613F
:1089600078485A230370A52343700723837082231A
:10897000C3701423037180234371D4F8C0311D0EDA
:1089800085711D0CC5711D0A0572437291610A2122
:1089900028F0FCFE2EF0CEFE0028FBD0684B4FF4F2
:1089A00000225A6167485A210170A52141700521B2
:1089B00081708221C17014210171842141710021D3
:1089C0008171B4F8DE11C1719A61082128F0DEFED0
:1089D0002EF0B0FE0028FBD0594B4FF400225A6114
:1089E00058485A210170A5214170052181708221CA
:1089F000C170142101718621417100218171D4F867
:108A0000C411C1719A61082128F0C0FE2EF092FEB7
:108A10000028FBD04A4A4FF40021516149485A23AB
:108A20000370A5234370052383708223C37014232E
:108A300003718823437100238371D4F8C4311B0A66
:108A4000C3719161082128F0A1FE2EF073FE002869
:108A5000FBD03B4B4FF400225A613A485A21017037
:108A6000A5214170052181708221C17014210171FD
:108A70008A21417100218171B4F8C611C1719A61D6
:108A8000082128F083FE2EF055FE0028FBD02C4B49
:108A90004FF400225A612B485A210170A5214170E0
:108AA000052181708221C170142101718C214171D5
:108AB00000218171B4F8CE11C1719A61082128F0AA
:108AC00065FE2EF037FE0028FBD01D4A4FF4002132
:108AD00051611C485A230370A523437005238370FA
:108AE0008223C370142303718E2343710023837187
:108AF000D4F8CC311B0AC3719161082128F046FEDD
:108B00002EF018FE0028FBD00D4B4FF400225A61C6
:108B10000C485A210170A5214170052181708221E4
:108B2000C170142101719021417100218171D4F82B
:108B3000CC11C1719A61082128F028FE04E000BF21
:108B400000800041509501202EF0F4FD0028FBD05C
:108B50007D4A4FF4002151617C485A230370A523BC
:108B60004370072383708223C370142303719423FB
:108B70004371D4F8E0311D0E85711D0CC5711D0ABD
:108B80000572437291610A2128F000FE2EF0D2FD99
:108B90000028FBD06C4B4FF400225A616B485A21DD
:108BA0000170A5214170052181708221C1701421BD
:108BB00001719821417100218171B4F8FE11C171D8
:108BC0009A61082128F0E2FD2EF0B4FD0028FBD0C8
:108BD0005D4B4FF400225A615C485A210170A52177
:108BE0004170052181708221C170142101719A2187
:108BF000417100218171D4F8E411C1719A61082199
:108C000028F0C4FD2EF096FD0028FBD04E4A4FF40C
:108C1000002151614D485A230370A5234370052359
:108C200083708223C370142303719C234371002338
:108C30008371D4F8E4311B0AC3719161082128F0D3
:108C4000A5FD2EF077FD0028FBD03F4B4FF400220E
:108C50005A613E485A210170A52141700521817059
:108C60008221C170142101719E2141710021817105
:108C7000B4F8E611C1719A61082128F087FD2EF041
:108C800059FD0028FBD0304B4FF400225A612F4889
:108C90005A210170A5214170052181708221C17086
:108CA00014210171A021417100218171B4F8EE11EC
:108CB000C1719A61082128F069FD2EF03BFD002862
:108CC000FBD0214A4FF40021516120485A23037000
:108CD000A5234370052383708223C370142303717B
:108CE000A223437100238371D4F8EC311B0AC371B2
:108CF0009161082128F04AFD2EF01CFD0028FBD0D0
:108D0000114B4FF400225A6110485A210170A521DD
:108D10004170052181708221C17014210171A4214B
:108D2000417100218171D4F8EC11C1719A6108215F
:108D300028F02CFD2EF0FEFC0028FBD0024B4FF457
:108D400000225A6138BD00BF0080004150950120CB
:108D500038B50446D4485A230370A523437007232B
:108D600083708223C3701423037102234371D4F8E8
:108D700000311A0E82711A0CC2711A0A0272437201
:108D8000CA4B4FF400229A610A2128F0FFFC2EF012
:108D9000D1FC0028FBD0C54B4FF400225A61C248D9
:108DA0005A210170A5214170052181708221C17075
:108DB000142101710621417100218171B4F81E1145
:108DC000C1719A61082128F0E1FC2EF0B3FC002863
:108DD000FBD0B64B4FF400225A61B3485A210170C0
:108DE000A5214170052181708221C170142101717A
:108DF0000821417100258571D4F80451C5719A612B
:108E000028F0C4FC2EF096FC0028FBD0A74A4FF4B3
:108E100000215161A4485A230370A5234370052300
:108E200083708223C370142303710A2343710023C8
:108E30008371D4F804311B0AC3719161082128F0B1
:108E4000A5FC2EF077FC0028FBD0984B4FF40022B5
:108E50005A6195485A210170A52141700521817000
:108E60008221C170142101710C2141710021817195
:108E7000B4F80611C1719A61082128F087FC2EF020
:108E800059FC0028FBD0894B4FF400225A618648D8
:108E90005A210170A5214170052181708221C17084
:108EA000142101710E21417100218171B4F80E115C
:108EB000C1719A61082128F069FC2EF03BFC002862
:108EC000FBD07A4A4FF40021516177485A2303704E
:108ED000A5234370052383708223C3701423037179
:108EE0001023437100238371D4F80C311B0AC37122
:108EF0009161082128F04AFC2EF01CFC0028FBD0D0
:108F00006A4B4FF400225A6167485A210170A5212B
:108F10004170052181708221C170142101711221DB
:108F2000417100218171D4F80C11C1719A6108213D
:108F300028F02CFC2EF0FEFB0028FBD05B4A4FF4FF
:108F40000021516158485A230370A5234370072319
:108F500083708223C3701423037116234371D4F8E2
:108F600020311D0E85711D0CC5711D0A05724372DD
:108F700091610A2128F00AFC2EF0DCFB0028FBD0CE
:108F80004A4B4FF400225A6147485A210170A521EB
:108F90004170052181708221C170142101711A2153
:108FA000417100218171B4F83E11C1719A610821AB
:108FB00028F0ECFB2EF0BEFB0028FBD03B4B4FF41F
:108FC00000225A6138485A210170A52141700521BB
:108FD00081708221C170142101711C214171002115
:108FE0008171D4F82411C1719A61082128F0CEFB57
:108FF0002EF0A0FB0028FBD02C4A4FF40021516139
:1090000029485A230370A5234370052383708223C4
:10901000C370142303711E23437100238371D4F89A
:1090200024311B0AC3719161082128F0AFFB2EF097
:1090300081FB0028FBD01D4B4FF400225A611A48D7
:109040005A210170A5214170052181708221C170D2
:10905000142101712021417100218171B4F8261180
:10906000C1719A61082128F091FB2EF063FB002862
:10907000FBD00E4B4FF400225A610B485A2101706D
:10908000A5214170052181708221C17014210171D7
:109090002221417100218171B4F82E11C1719A61B0
:1090A000082128F073FB03E0509501200080004167
:1090B0002EF040FB0028FBD0D54A4FF4002151612F
:1090C000D4485A230370A523437005238370822359
:1090D000C370142303712423437100238371D4F8D4
:1090E0002C311B0AC3719161082128F04FFB2EF02F
:1090F00021FB0028FBD0C64B4FF400225A61C54823
:109100005A210170A5214170052181708221C17011
:10911000142101712621417100218171D4F82C1193
:10912000C1719A61082128F031FB2EF003FB002861
:10913000FBD0B74A4FF400215161B6485A2303705F
:10914000A5234370072383708223C3701423037104
:109150002A234371D4F840311D0E85711D0CC57151
:109160001D0A0572437291610A2128F00FFB2EF04F
:10917000E1FA0028FBD0A64B4FF400225A61A54823
:109180005A210170A5214170052181708221C17091
:10919000142101712E21417100218171B4F85E11F9
:1091A000C1719A61082128F0F1FA2EF0C3FA002863
:1091B000FBD0974B4FF400225A6196485A21017018
:1091C000A5214170052181708221C1701421017196
:1091D0003021417100218171D4F84411C1719A612B
:1091E000082128F0D3FA2EF0A5FA0028FBD0884AEF
:1091F0004FF40021516187485A230370A52343701F
:10920000052383708223C3701423037132234371B7
:1092100000238371D4F844311B0AC3719161082182
:1092200028F0B4FA2EF086FA0028FBD0784B4FF4E1
:1092300000225A6177485A210170A5214170052109
:1092400081708221C170142101713421417100218A
:109250008171B4F84611C1719A61082128F096FA1B
:109260002EF068FA0028FBD0694B4FF400225A61B7
:1092700068485A210170A521417005218170822121
:10928000C170142101713621417100218171B4F83E
:109290004E11C1719A61082128F078FA2EF04AFA2D
:1092A0000028FBD05A4A4FF40021516159485A23F3
:1092B0000370A5234370052383708223C370142396
:1092C00003713823437100238371D4F84C311B0A96
:1092D000C3719161082128F059FA2EF02BFA002869
:1092E000FBD04B4B4FF400225A614A485A2101707F
:1092F000A5214170052181708221C1701421017165
:109300003A21417100218171D4F84C11C1719A61E7
:10931000082128F03BFA2EF00DFA0028FBD03C4A39
:109320004FF4002151613B485A230370A523437039
:10933000072383708223C370142303714023437176
:10934000D4F860311D0E85711D0CC5711D0A0572A2
:10935000437291610A2128F019FA2EF0EBF90028E6
:10936000FBD02B4B4FF400225A612A485A2101703E
:10937000A5214170052181708221C17014210171E4
:109380004421417100218171B4F87E11C1719A614B
:10939000082128F0FBF92EF0CDF90028FBD01C4B5A
:1093A0004FF400225A611B485A210170A5214170D7
:1093B000052181708221C170142101714621417102
:1093C00000218171D4F86411C1719A61082128F0DB
:1093D000DDF92EF0AFF90028FBD00D4A4FF4002143
:1093E00051610C485A230370A523437005238370F1
:1093F0008223C370142303714823437100238371B4
:10940000D4F864311B0AC3719161082104E000BFE4
:10941000008000415095012028F0B8F92EF08AF91B
:109420000028FBD0D54B4FF400225A61D4485A2172
:109430000170A5214170052181708221C170142124
:1094400001714A21417100218171B4F86611C17125
:109450009A61082128F09AF92EF06CF90028FBD0C7
:10946000C64B4FF400225A61C5485A210170A5210C
:109470004170052181708221C170142101714C213C
:10948000417100218171B4F86E11C1719A61082196
:1094900028F07CF92EF04EF90028FBD0B74A4FF4A3
:1094A00000215161B6485A230370A5234370052358
:1094B00083708223C370142303714E2343710023EE
:1094C0008371D4F86C311B0AC3719161082128F0B3
:1094D0005DF92EF02FF90028FBD0A84B4FF40022A5
:1094E0005A61A7485A210170A52141700521817058
:1094F0008221C170142101715021417100218171BB
:10950000D4F86C11C1719A61082128F03FF92EF04E
:1095100011F90028FBD0994A4FF400215161984875
:109520005A230370A5234370072383708223C370DB
:109530001423037156234371D4F880311D0E8571B5
:109540001D0CC5711D0A0572437291610A2128F034
:109550001DF92EF0EFF80028FBD0884B4FF40022C5
:109560005A6187485A210170A525457005258570E7
:109570008225C57014250571417100218171B4F8EF
:109580009E11C1719A61082128F000F92EF0D2F8DD
:109590000028FBD0794B4FF400225A6178485A21B9
:1095A0000170A5214170052181708221C1701421B3
:1095B00001715C21417100218171D4F88411C17164
:1095C0009A61082128F0E2F82EF0B4F80028FBD0C8
:1095D0006A4A4FF40021516169485A230370A52358
:1095E0004370052383708223C370142303715E23A9
:1095F000437100238371D4F884311B0AC3719161D4
:10960000082128F0C3F82EF095F80028FBD05B4B1A
:109610004FF400225A615A485A210170A521417025
:10962000052181708221C170142101716021417175
:1096300000218171B4F88611C1719A61082128F066
:10964000A5F82EF077F80028FBD04C4B4FF4002201
:109650005A614B485A210170A52141700521817042
:109660008221C17014210171622141710021817137
:10967000B4F88E11C1719A61082128F087F82EF094
:1096800059F80028FBD03D4A4FF4002151613C4875
:109690005A230370A5234370052383708223C3706C
:1096A000142303716423437100238371D4F88C3134
:1096B0001B0AC3719161082128F068F82EF03AF86E
:1096C0000028FBD02D4B4FF400225A612C485A2120
:1096D0000170A5214170052181708221C170142182
:1096E00001716621417100218171D4F88C11C17121
:1096F0009A61082128F04AF82EF01CF80028FBD0C7
:109700001E4A4FF4002151611D485A230370A523BE
:109710004370072383708223C370142303716C2367
:109720004371D4F8A0311D0E85711D0CC5711D0A41
:109730000572437291610A2128F028F82DF0FAFF92
:109740000028FBD00D4B4FF400225A610C485A21DF
:109750000170A5214170052181708221C170142101
:1097600001717021417100218171B4F8BE11C17184
:109770009A61082128F00AF804E000BF0080004147
:10978000509501202DF0D6FF0028FBD0D44B4FF48C
:1097900000225A61D3485A210170A5214170052148
:1097A00081708221C17014210171722141710021E7
:1097B0008171D4F8A411C1719A61082127F0E6FFE4
:1097C0002DF0B8FF0028FBD0C54A4FF400215161AD
:1097D000C4485A230370A523437005238370822352
:1097E000C370142303717423437100238371D4F86D
:1097F000A4311B0AC3719161082127F0C7FF2DF026
:1098000099FF0028FBD0B64B4FF400225A61B548AF
:109810005A210170A5214170052181708221C170FA
:10982000142101717621417100218171B4F8A611D2
:10983000C1719A61082127F0A9FF2DF07BFF002854
:10984000FBD0A74B4FF400225A61A6485A21017061
:10985000A5214170052181708221C17014210171FF
:109860007821417100218171B4F8AE11C1719A6102
:10987000082127F08BFF2DF05DFF0028FBD0984AD0
:109880004FF40021516197485A230370A523437078
:10989000052383708223C370142303717A234371D9
:1098A00000238371D4F8AC311B0AC3719161082184
:1098B00027F06CFF2DF03EFF0028FBD0884B4FF4C3
:1098C00000225A6187485A210170A5214170052163
:1098D00081708221C170142101717C2141710021AC
:1098E0008171D4F8AC11C1719A61082127F04EFF43
:1098F0002DF020FF0028FBD0794A4FF40021516160
:1099000078485A230370A52343700723837082236A
:10991000C3701423037180234371D4F8C0311D0E2A
:1099200085711D0CC5711D0A0572437291610A2172
:1099300027F02CFF2DF0FEFE0028FBD0684B4FF4E3
:1099400000225A6167485A210170A5214170052102
:1099500081708221C1701421017184214171002123
:109960008171B4F8DE11C1719A61082127F00EFFF0
:109970002DF0E0FE0028FBD0594B4FF400225A6135
:1099800058485A210170A52141700521817082211A
:10999000C170142101718621417100218171D4F8B7
:1099A000C411C1719A61082127F0F0FE2DF0C2FEAA
:1099B0000028FBD04A4A4FF40021516149485A23FC
:1099C0000370A5234370052383708223C37014237F
:1099D00003718823437100238371D4F8C4311B0AB7
:1099E000C3719161082127F0D1FE2DF0A3FE00285C
:1099F000FBD03B4B4FF400225A613A485A21017088
:109A0000A5214170052181708221C170142101714D
:109A10008A21417100218171B4F8C611C1719A6126
:109A2000082127F0B3FE2DF085FE0028FBD02C4B3B
:109A30004FF400225A612B485A210170A521417030
:109A4000052181708221C170142101718C21417125
:109A500000218171B4F8CE11C1719A61082127F0FB
:109A600095FE2DF067FE0028FBD01D4A4FF4002123
:109A700051611C485A230370A5234370052383704A
:109A80008223C370142303718E23437100238371D7
:109A9000D4F8CC311B0AC3719161082127F076FEFE
:109AA0002DF048FE0028FBD00D4B4FF400225A61E8
:109AB0000C485A210170A521417005218170822135
:109AC000C170142101719021417100218171D4F87C
:109AD000CC11C1719A61082127F058FE04E000BF43
:109AE00000800041509501202DF024FE0028FBD07D
:109AF0007D4A4FF4002151617C485A230370A5230D
:109B00004370072383708223C3701423037194234B
:109B10004371D4F8E0311D0E85711D0CC5711D0A0D
:109B20000572437291610A2127F030FE2DF002FE8A
:109B30000028FBD06C4B4FF400225A616B485A212D
:109B40000170A5214170052181708221C17014210D
:109B500001719821417100218171B4F8FE11C17128
:109B60009A61082127F012FE2DF0E4FD0028FBD0B9
:109B70005D4B4FF400225A615C485A210170A521C7
:109B80004170052181708221C170142101719A21D7
:109B9000417100218171D4F8E411C1719A610821E9
:109BA00027F0F4FD2DF0C6FD0028FBD04E4A4FF4FF
:109BB000002151614D485A230370A52343700523AA
:109BC00083708223C370142303719C234371002389
:109BD0008371D4F8E4311B0AC3719161082127F025
:109BE000D5FD2DF0A7FD0028FBD03F4B4FF4002200
:109BF0005A613E485A210170A521417005218170AA
:109C00008221C170142101719E2141710021817155
:109C1000B4F8E611C1719A61082127F0B7FD2DF063
:109C200089FD0028FBD0304B4FF400225A612F48A9
:109C30005A210170A5214170052181708221C170D6
:109C400014210171A021417100218171B4F8EE113C
:109C5000C1719A61082127F099FD2DF06BFD002854
:109C6000FBD0214A4FF40021516120485A23037050
:109C7000A5234370052383708223C37014230371CB
:109C8000A223437100238371D4F8EC311B0AC37102
:109C90009161082127F07AFD2DF04CFD0028FBD0C2
:109CA000114B4FF400225A6110485A210170A5212E
:109CB0004170052181708221C17014210171A4219C
:109CC000417100218171D4F8EC11C1719A610821B0
:109CD00027F05CFD2DF02EFD0028FBD0024B4FF449
:109CE00000225A6138BD00BF00800041509501201C
:109CF00038B50446CD485A230370A5234370072383
:109D000083708223C3701423037102234371E378A9
:109D100083716388C37123681B0A037223684372CB
:109D2000C34B4FF400229A610A2127F02FFD2DF03A
:109D300001FD0028FBD0BE4B4FF400225A61BB4806
:109D40005A210170A5214170052181708221C170C5
:109D5000142101710621417100218171E18BC171D2
:109D60009A61082127F012FD2DF0E4FC0028FBD0B9
:109D7000AF4B4FF400225A61AC485A210170A52123
:109D80004170052181708221C17014210171082167
:109D90004171002585716568C5719A6127F0F6FCEF
:109DA0002DF0C8FC0028FBD0A14A4FF400215161DE
:109DB0009E485A230370A523437005238370822392
:109DC000C370142303710A234371002383716368F2
:109DD0001B0AC3719161082127F0D8FC2DF0AAFC61
:109DE0000028FBD0924B4FF400225A618F485A2131
:109DF0000170A5214170052181708221C17014215B
:109E000001710C21417100218171E188C1719A6158
:109E1000082127F0BBFC2DF08DFC0028FBD0844BE3
:109E20004FF400225A6181485A210170A5214170E6
:109E3000052181708221C170142101710E214171AF
:109E400000218171E189C1719A61082127F09EFC8E
:109E50002DF070FC0028FBD0754A4FF400215161B1
:109E600072485A230370A52343700523837082230D
:109E7000C370142303711023437100238371E368BB
:109E80001B0AC3719161082127F080FC2DF052FC60
:109E90000028FBD0664B4FF400225A6163485A21D8
:109EA0000170A5214170052181708221C1701421AA
:109EB00001711221417100218171E168C1719A61C2
:109EC000082127F063FC2DF035FC0028FBD0584A10
:109ED0004FF40021516155485A230370A523437064
:109EE000072383708223C3701423037116234371E5
:109EF000236A1D0E85711D0CC5711D0A0572437202
:109F000091610A2127F042FC2DF014FC0028FBD0BF
:109F1000474B4FF400225A6144485A210170A52151
:109F20004170052181708221C170142101711A21B3
:109F3000417100218171E18FC1719A61082127F07F
:109F400025FC2DF0F7FB0028FBD0394B4FF4002205
:109F50005A6136485A210170A5214170052181704E
:109F60008221C170142101711C2141710021817174
:109F7000616AC1719A61082127F008FC2DF0DAFBB3
:109F80000028FBD02A4A4FF40021516127485A2368
:109F90000370A5234370052383708223C3701423A9
:109FA00003711E23437100238371636A1B0AC3710B
:109FB0009161082127F0EAFB2DF0BCFB0028FBD0C3
:109FC0001B4B4FF400225A6118485A210170A521F9
:109FD0004170052181708221C170142101712021FD
:109FE000417100218171E18CC1719A61082127F0D2
:109FF000CDFB2DF09FFB0028FBD00D4B4FF4002232
:10A000005A610A485A210170A521417005218170C9
:10A010008221C170142101712221417100218171BD
:10A02000E18DC1719A61082104E000BF50950120C3
:10A030000080004127F0AAFB2DF07CFB0028FBD01C
:10A04000D04A4FF400215161CF485A230370A52311
:10A050004370052383708223C37014230371242368
:10A06000437100238371E36A1B0AC3719161082164
:10A0700027F08CFB2DF05EFB0028FBD0C14B4FF48A
:10A0800000225A61C0485A210170A5214170052162
:10A0900081708221C170142101712621417100213A
:10A0A0008171E16AC1719A61082127F06FFB2DF07F
:10A0B00041FB0028FBD0B34A4FF400215161B24864
:10A0C0005A230370A5234370072383708223C37030
:10A0D000142303712A234371236C1D0E85711D0CFB
:10A0E000C5711D0A0572437291610A2127F04EFB6A
:10A0F0002DF020FB0028FBD0A24B4FF400225A6128
:10A10000A1485A210170A521417005218170822149
:10A11000C170142101712E21417100218171B4F8A7
:10A120005E10C1719A61082127F030FB2DF002FB0F
:10A130000028FBD0934B4FF400225A6192485A21D9
:10A140000170A5214170052181708221C170142107
:10A1500001713021417100218171616CC1719A617D
:10A16000082127F013FB2DF0E5FA0028FBD0854AE3
:10A170004FF40021516184485A230370A523437092
:10A18000052383708223C370142303713223437128
:10A1900000238371636C1B0AC3719161082127F04E
:10A1A000F5FA2DF0C7FA0028FBD0764B4FF40022C9
:10A1B0005A6175485A210170A521417005218170AD
:10A1C0008221C170142101713421417100218171FA
:10A1D000B4F84610C1719A61082127F0D7FA2DF022
:10A1E000A9FA0028FBD0674B4FF400225A61664859
:10A1F0005A210170A5214170052181708221C17011
:10A20000142101713621417100218171B4F84E1081
:10A21000C1719A61082127F0B9FA2DF08BFA002854
:10A22000FBD0584A4FF40021516157485A2303701C
:10A23000A5234370052383708223C3701423037105
:10A240003823437100238371E36C1B0AC37191614E
:10A25000082127F09BFA2DF06DFA0028FBD0494B1E
:10A260004FF400225A6148485A210170A5214170DB
:10A27000052181708221C170142101713A2141713F
:10A2800000218171E16CC1719A61082127F07EFA89
:10A290002DF050FA0028FBD03A4A4FF400215161CA
:10A2A00039485A230370A523437007238370822300
:10A2B000C3701423037140234371236E1D0E8571F7
:10A2C0001D0CC5711D0A0572437291610A2127F0A8
:10A2D0005DFA2DF02FFA0028FBD02A4B4FF4002214
:10A2E0005A6129485A210170A521417005218170C8
:10A2F0008221C170142101714421417100218171B9
:10A30000B4F87E10C1719A61082127F03FFA2DF050
:10A3100011FA0028FBD01B4B4FF400225A611A4857
:10A320005A210170A5214170052181708221C170DF
:10A33000142101714621417100218171616EC17149
:10A340009A61082127F022FA2DF0F4F90028FBD0B9
:10A350000C4A4FF4002151610B485A230370A52386
:10A360004370052383708223C37014230371482331
:10A37000437100238371636E1B0AC37191610821CD
:10A3800004E000BF008000415095012027F0FEF955
:10A390002DF0D0F90028FBD0D44B4FF400225A61A5
:10A3A000D3485A210170A521417005218170822175
:10A3B000C170142101714A21417100218171B4F8E9
:10A3C0006610C1719A61082127F0E0F92DF0B2F909
:10A3D0000028FBD0C54B4FF400225A61C4485A21D3
:10A3E0000170A5214170052181708221C170142165
:10A3F00001714C21417100218171B4F86E10C1715D
:10A400009A61082127F0C2F92DF094F90028FBD0B9
:10A41000B64A4FF400215161B5485A230370A52371
:10A420004370052383708223C370142303714E236A
:10A43000437100238371E36E1B0AC371916108218C
:10A4400027F0A4F92DF076F90028FBD0A74B4FF4A4
:10A4500000225A61A6485A210170A52141700521A8
:10A4600081708221C170142101715021417100213C
:10A470008171E16EC1719A61082127F087F92DF091
:10A4800059F90028FBD0994A4FF4002151619848AE
:10A490005A230370A5234370072383708223C3705C
:10A4A0001423037156234371D4F880301D0E857137
:10A4B0001D0CC5711D0A0572437291610A2127F0B6
:10A4C00065F92DF037F90028FBD0884B4FF40022B6
:10A4D0005A6187485A210170A52545700525857068
:10A4E0008225C57014250571417100218171B4F870
:10A4F0009E10C1719A61082127F048F92DF01AF9D0
:10A500000028FBD0794B4FF400225A6178485A2139
:10A510000170A5214170052181708221C170142133
:10A5200001715C21417100218171D4F88410C171E5
:10A530009A61082127F02AF92DF0FCF80028FBD0B9
:10A540006A4A4FF40021516169485A230370A523D8
:10A550004370052383708223C370142303715E2329
:10A56000437100238371D4F884301B0AC371916155
:10A57000082127F00BF92DF0DDF80028FBD05B4B0C
:10A580004FF400225A615A485A210170A5214170A6
:10A59000052181708221C1701421017160214171F6
:10A5A00000218171B4F88610C1719A61082127F0E9
:10A5B000EDF82DF0BFF80028FBD04C4B4FF40022F3
:10A5C0005A614B485A210170A521417005218170C3
:10A5D0008221C170142101716221417100218171B8
:10A5E000B4F88E10C1719A61082127F0CFF82DF0D0
:10A5F000A1F80028FBD03D4A4FF4002151613C48AE
:10A600005A230370A5234370052383708223C370EC
:10A61000142303716423437100238371D4F88C30B5
:10A620001B0AC3719161082127F0B0F82DF082F860
:10A630000028FBD02D4B4FF400225A612C485A21A0
:10A640000170A5214170052181708221C170142102
:10A6500001716621417100218171D4F88C10C171A2
:10A660009A61082127F092F82DF064F80028FBD0B9
:10A670001E4A4FF4002151611D485A230370A5233F
:10A680004370072383708223C370142303716C23E8
:10A690004371D4F8A0301D0E85711D0CC5711D0AC3
:10A6A0000572437291610A2127F070F82DF042F88B
:10A6B0000028FBD00D4B4FF400225A610C485A2160
:10A6C0000170A5214170052181708221C170142182
:10A6D00001717021417100218171B4F8BE10C17106
:10A6E0009A61082127F052F804E000BF0080004181
:10A6F000509501202DF01EF80028FBD0D44B4FF4CC
:10A7000000225A61D3485A210170A52141700521C8
:10A7100081708221C1701421017172214171002167
:10A720008171D4F8A410C1719A61082127F02EF824
:10A730002DF000F80028FBD0C54A4FF400215161EC
:10A74000C4485A230370A5234370052383708223D2
:10A75000C370142303717423437100238371D4F8ED
:10A76000A4301B0AC3719161082127F00FF82CF067
:10A77000E1FF0028FBD0B64B4FF400225A61B548E8
:10A780005A210170A5214170052181708221C1707B
:10A79000142101717621417100218171B4F8A61054
:10A7A000C1719A61082126F0F1FF2CF0C3FF002847
:10A7B000FBD0A74B4FF400225A61A6485A210170E2
:10A7C000A5214170052181708221C1701421017180
:10A7D0007821417100218171B4F8AE10C1719A6184
:10A7E000082126F0D3FF2CF0A5FF0028FBD0984AC3
:10A7F0004FF40021516197485A230370A5234370F9
:10A80000052383708223C370142303717A23437159
:10A8100000238371D4F8AC301B0AC3719161082105
:10A8200026F0B4FF2CF086FF0028FBD0884B4FF4B5
:10A8300000225A6187485A210170A52141700521E3
:10A8400081708221C170142101717C21417100212C
:10A850008171D4F8AC10C1719A61082126F096FF7D
:10A860002CF068FF0028FBD0794A4FF40021516199
:10A8700078485A230370A5234370072383708223EB
:10A88000C3701423037180234371D4F8C0301D0EAC
:10A8900085711D0CC5711D0A0572437291610A21F3
:10A8A00026F074FF2CF046FF0028FBD0684B4FF4D5
:10A8B00000225A6167485A210170A5214170052183
:10A8C00081708221C17014210171842141710021A4
:10A8D0008171B4F8DE10C1719A61082126F056FF2B
:10A8E0002CF028FF0028FBD0594B4FF400225A616E
:10A8F00058485A210170A52141700521817082219B
:10A90000C170142101718621417100218171D4F837
:10A91000C410C1719A61082126F038FF2CF00AFF9B
:10A920000028FBD04A4A4FF40021516149485A237C
:10A930000370A5234370052383708223C3701423FF
:10A9400003718823437100238371D4F8C4301B0A38
:10A95000C3719161082126F019FF2CF0EBFE00284D
:10A96000FBD03B4B4FF400225A613A485A21017008
:10A97000A5214170052181708221C17014210171CE
:10A980008A21417100218171B4F8C610C1719A61A8
:10A99000082126F0FBFE2CF0CDFE0028FBD02C4B2E
:10A9A0004FF400225A612B485A210170A5214170B1
:10A9B000052181708221C170142101718C214171A6
:10A9C00000218171B4F8CE10C1719A61082126F07E
:10A9D000DDFE2CF0AFFE0028FBD01D4A4FF4002115
:10A9E00051611C485A230370A523437005238370CB
:10A9F0008223C370142303718E2343710023837158
:10AA0000D4F8CC301B0AC3719161082126F0BEFE38
:10AA10002CF090FE0028FBD00D4B4FF400225A6121
:10AA20000C485A210170A5214170052181708221B5
:10AA3000C170142101719021417100218171D4F8FC
:10AA4000CC10C1719A61082126F0A0FE04E000BF7D
:10AA500000800041509501202CF06CFE0028FBD0B6
:10AA60007D4A4FF4002151617C485A230370A5238D
:10AA70004370072383708223C370142303719423CC
:10AA80004371D4F8E0301D0E85711D0CC5711D0A8F
:10AA90000572437291610A2126F078FE2CF04AFE7D
:10AAA0000028FBD06C4B4FF400225A616B485A21AE
:10AAB0000170A5214170052181708221C17014218E
:10AAC00001719821417100218171B4F8FE10C171AA
:10AAD0009A61082126F05AFE2CF02CFE0028FBD0AB
:10AAE0005D4B4FF400225A615C485A210170A52148
:10AAF0004170052181708221C170142101719A2158
:10AB0000417100218171D4F8E410C1719A6108216A
:10AB100026F03CFE2CF00EFE0028FBD04E4A4FF4EF
:10AB2000002151614D485A230370A523437005232A
:10AB300083708223C370142303719C234371002309
:10AB40008371D4F8E4301B0AC3719161082126F0A7
:10AB50001DFE2CF0EFFD0028FBD03F4B4FF40022F0
:10AB60005A613E485A210170A5214170052181702A
:10AB70008221C170142101719E21417100218171D6
:10AB8000B4F8E610C1719A61082126F0FFFD2CF09F
:10AB9000D1FD0028FBD0304B4FF400225A612F48E2
:10ABA0005A210170A5214170052181708221C17057
:10ABB00014210171A021417100218171B4F8EE10BE
:10ABC000C1719A61082126F0E1FD2CF0B3FD002847
:10ABD000FBD0214A4FF40021516120485A230370D1
:10ABE000A5234370052383708223C370142303714C
:10ABF000A223437100238371D4F8EC301B0AC37184
:10AC00009161082126F0C2FD2CF094FD0028FBD0B4
:10AC1000114B4FF400225A6110485A210170A521AE
:10AC20004170052181708221C17014210171A4211C
:10AC3000417100218171D4F8EC10C1719A61082131
:10AC400026F0A4FD2CF076FD0028FBD0024B4FF43B
:10AC500000225A6138BD00BF00800041509501209C
:10AC600038B50446CD485A230370A5234370072303
:10AC700083708223C3701423037102234371E3782A
:10AC800083716388C37123681B0A0372236843724C
:10AC9000C34B4FF400229A610A2126F077FD2CF075
:10ACA00049FD0028FBD0BE4B4FF400225A61BB483F
:10ACB0005A210170A5214170052181708221C17046
:10ACC000142101710621417100218171E18BC17153
:10ACD0009A61082126F05AFD2CF02CFD0028FBD0AB
:10ACE000AF4B4FF400225A61AC485A210170A521A4
:10ACF0004170052181708221C170142101710821E8
:10AD00004171002585716568C5719A6126F03EFD27
:10AD10002CF010FD0028FBD0A14A4FF40021516116
:10AD20009E485A230370A523437005238370822312
:10AD3000C370142303710A23437100238371636872
:10AD40001B0AC3719161082126F020FD2CF0F2FC52
:10AD50000028FBD0924B4FF400225A618F485A21B1
:10AD60000170A5214170052181708221C1701421DB
:10AD700001710C21417100218171E188C1719A61D9
:10AD8000082126F003FD2CF0D5FC0028FBD0844BD5
:10AD90004FF400225A6181485A210170A521417067
:10ADA000052181708221C170142101710E21417130
:10ADB00000218171E189C1719A61082126F0E6FCC8
:10ADC0002CF0B8FC0028FBD0754A4FF400215161EB
:10ADD00072485A230370A52343700523837082238E
:10ADE000C370142303711023437100238371E3683C
:10ADF0001B0AC3719161082126F0C8FC2CF09AFC53
:10AE00000028FBD0664B4FF400225A6163485A2158
:10AE10000170A5214170052181708221C17014212A
:10AE200001711221417100218171E168C1719A6142
:10AE3000082126F0ABFC2CF07DFC0028FBD0584A02
:10AE40004FF40021516155485A230370A5234370E4
:10AE5000072383708223C370142303711623437165
:10AE6000236A1D0E85711D0CC5711D0A0572437282
:10AE700091610A2126F08AFC2CF05CFC0028FBD0B2
:10AE8000474B4FF400225A6144485A210170A521D2
:10AE90004170052181708221C170142101711A2134
:10AEA000417100218171E18FC1719A61082126F001
:10AEB0006DFC2CF03FFC0028FBD0394B4FF40022F6
:10AEC0005A6136485A210170A521417005218170CF
:10AED0008221C170142101711C21417100218171F5
:10AEE000616AC1719A61082126F050FC2CF022FCA5
:10AEF0000028FBD02A4A4FF40021516127485A23E9
:10AF00000370A5234370052383708223C370142329
:10AF100003711E23437100238371636A1B0AC3718B
:10AF20009161082126F032FC2CF004FC0028FBD0B3
:10AF30001B4B4FF400225A6118485A210170A52179
:10AF40004170052181708221C1701421017120217D
:10AF5000417100218171E18CC1719A61082126F053
:10AF600015FC2CF0E7FB0028FBD00D4B4FF4002222
:10AF70005A610A485A210170A5214170052181704A
:10AF80008221C1701421017122214171002181713E
:10AF9000E18DC1719A61082104E000BF5095012044
:10AFA0000080004126F0F2FB2CF0C4FB0028FBD00F
:10AFB000D04A4FF400215161CF485A230370A52392
:10AFC0004370052383708223C370142303712423E9
:10AFD000437100238371E36A1B0AC37191610821E5
:10AFE00026F0D4FB2CF0A6FB0028FBD0C14B4FF47D
:10AFF00000225A61C0485A210170A52141700521E3
:10B0000081708221C17014210171262141710021BA
:10B010008171E16AC1719A61082126F0B7FB2CF0B9
:10B0200089FB0028FBD0B34A4FF400215161B2489C
:10B030005A230370A5234370072383708223C370B0
:10B04000142303712A234371236C1D0E85711D0C7B
:10B05000C5711D0A0572437291610A2126F096FBA3
:10B060002CF068FB0028FBD0A24B4FF400225A6161
:10B07000A1485A210170A5214170052181708221CA
:10B08000C170142101712E21417100218171B4F828
:10B090005E10C1719A61082126F078FB2CF04AFB02
:10B0A0000028FBD0934B4FF400225A6192485A215A
:10B0B0000170A5214170052181708221C170142188
:10B0C00001713021417100218171616CC1719A61FE
:10B0D000082126F05BFB2CF02DFB0028FBD0854AD5
:10B0E0004FF40021516184485A230370A523437013
:10B0F000052383708223C3701423037132234371A9
:10B1000000238371636C1B0AC3719161082126F0CF
:10B110003DFB2CF00FFB0028FBD0764B4FF40022B8
:10B120005A6175485A210170A5214170052181702D
:10B130008221C1701421017134214171002181717A
:10B14000B4F84610C1719A61082126F01FFB2CF05B
:10B15000F1FA0028FBD0674B4FF400225A61664891
:10B160005A210170A5214170052181708221C17091
:10B17000142101713621417100218171B4F84E1002
:10B18000C1719A61082126F001FB2CF0D3FA002846
:10B19000FBD0584A4FF40021516157485A2303709D
:10B1A000A5234370052383708223C3701423037186
:10B1B0003823437100238371E36C1B0AC3719161CF
:10B1C000082126F0E3FA2CF0B5FA0028FBD0494B11
:10B1D0004FF400225A6148485A210170A52141705C
:10B1E000052181708221C170142101713A214171C0
:10B1F00000218171E16CC1719A61082126F0C6FAC3
:10B200002CF098FA0028FBD03A4A4FF40021516103
:10B2100039485A230370A523437007238370822380
:10B22000C3701423037140234371236E1D0E857177
:10B230001D0CC5711D0A0572437291610A2126F029
:10B24000A5FA2CF077FA0028FBD02A4B4FF4002205
:10B250005A6129485A210170A52141700521817048
:10B260008221C17014210171442141710021817139
:10B27000B4F87E10C1719A61082126F087FA2CF08B
:10B2800059FA0028FBD01B4B4FF400225A611A4890
:10B290005A210170A5214170052181708221C17060
:10B2A000142101714621417100218171616EC171CA
:10B2B0009A61082126F06AFA2CF03CFA0028FBD0AB
:10B2C0000C4A4FF4002151610B485A230370A52307
:10B2D0004370052383708223C370142303714823B2
:10B2E000437100238371636E1B0AC371916108214E
:10B2F00004E000BF008000415095012026F046FA8E
:10B300002CF018FA0028FBD0D44B4FF400225A61DD
:10B31000D3485A210170A5214170052181708221F5
:10B32000C170142101714A21417100218171B4F869
:10B330006610C1719A61082126F028FA2CF0FAF9FA
:10B340000028FBD0C54B4FF400225A61C4485A2153
:10B350000170A5214170052181708221C1701421E5
:10B3600001714C21417100218171B4F86E10C171DD
:10B370009A61082126F00AFA2CF0DCF90028FBD0AB
:10B38000B64A4FF400215161B5485A230370A523F2
:10B390004370052383708223C370142303714E23EB
:10B3A000437100238371E36E1B0AC371916108210D
:10B3B00026F0ECF92CF0BEF90028FBD0A74B4FF497
:10B3C00000225A61A6485A210170A5214170052129
:10B3D00081708221C17014210171502141710021BD
:10B3E0008171E16EC1719A61082126F0CFF92CF0CC
:10B3F000A1F90028FBD0994A4FF4002151619848E7
:10B400005A230370A5234370072383708223C370DC
:10B410001423037156234371D4F880301D0E8571B7
:10B420001D0CC5711D0A0572437291610A2126F037
:10B43000ADF92CF07FF90028FBD0884B4FF40022A7
:10B440005A6187485A210170A525457005258570E8
:10B450008225C57014250571417100218171B4F8F0
:10B460009E10C1719A61082126F090F92CF062F9C2
:10B470000028FBD0794B4FF400225A6178485A21BA
:10B480000170A5214170052181708221C1701421B4
:10B4900001715C21417100218171D4F88410C17166
:10B4A0009A61082126F072F92CF044F90028FBD0AB
:10B4B0006A4A4FF40021516169485A230370A52359
:10B4C0004370052383708223C370142303715E23AA
:10B4D000437100238371D4F884301B0AC3719161D6
:10B4E000082126F053F92CF025F90028FBD05B4BFE
:10B4F0004FF400225A615A485A210170A521417027
:10B50000052181708221C170142101716021417176
:10B5100000218171B4F88610C1719A61082126F06A
:10B5200035F92CF007F90028FBD04C4B4FF40022E2
:10B530005A614B485A210170A52141700521817043
:10B540008221C17014210171622141710021817138
:10B55000B4F88E10C1719A61082126F017F92CF009
:10B56000E9F80028FBD03D4A4FF4002151613C48E6
:10B570005A230370A5234370052383708223C3706D
:10B58000142303716423437100238371D4F88C3036
:10B590001B0AC3719161082126F0F8F82CF0CAF853
:10B5A0000028FBD02D4B4FF400225A612C485A2121
:10B5B0000170A5214170052181708221C170142183
:10B5C00001716621417100218171D4F88C10C17123
:10B5D0009A61082126F0DAF82CF0ACF80028FBD0AC
:10B5E0001E4A4FF4002151611D485A230370A523C0
:10B5F0004370072383708223C370142303716C2369
:10B600004371D4F8A0301D0E85711D0CC5711D0A43
:10B610000572437291610A2126F0B8F82CF08AF87D
:10B620000028FBD00D4B4FF400225A610C485A21E0
:10B630000170A5214170052181708221C170142102
:10B6400001717021417100218171B4F8BE10C17186
:10B650009A61082126F09AF804E000BF00800041BA
:10B66000509501202CF066F80028FBD0D44B4FF405
:10B6700000225A61D3485A210170A5214170052149
:10B6800081708221C17014210171722141710021E8
:10B690008171D4F8A410C1719A61082126F076F85E
:10B6A0002CF048F80028FBD0C54A4FF40021516126
:10B6B000C4485A230370A523437005238370822353
:10B6C000C370142303717423437100238371D4F86E
:10B6D000A4301B0AC3719161082126F057F82CF0A1
:10B6E00029F80028FBD0B64B4FF400225A61B54828
:10B6F0005A210170A5214170052181708221C170FC
:10B70000142101717621417100218171B4F8A610D4
:10B71000C1719A61082126F039F82CF00BF8002845
:10B72000FBD0A74B4FF400225A61A6485A21017062
:10B73000A5214170052181708221C1701421017100
:10B740007821417100218171B4F8AE10C1719A6104
:10B75000082126F01BF82BF0EDFF0028FBD0984ABB
:10B760004FF40021516197485A230370A523437079
:10B77000052383708223C370142303717A234371DA
:10B7800000238371D4F8AC301B0AC3719161082186
:10B7900025F0FCFF2BF0CEFF0028FBD0884B4FF4A8
:10B7A00000225A6187485A210170A5214170052164
:10B7B00081708221C170142101717C2141710021AD
:10B7C0008171D4F8AC10C1719A61082125F0DEFFB7
:10B7D0002BF0B0FF0028FBD0794A4FF400215161D3
:10B7E00078485A230370A52343700723837082236C
:10B7F000C3701423037180234371D4F8C0301D0E2D
:10B8000085711D0CC5711D0A0572437291610A2173
:10B8100025F0BCFF2BF08EFF0028FBD0684B4FF4C7
:10B8200000225A6167485A210170A5214170052103
:10B8300081708221C1701421017184214171002124
:10B840008171B4F8DE10C1719A61082125F09EFF64
:10B850002BF070FF0028FBD0594B4FF400225A61A7
:10B8600058485A210170A52141700521817082211B
:10B87000C170142101718621417100218171D4F8B8
:10B88000C410C1719A61082125F080FF2BF052FF8E
:10B890000028FBD04A4A4FF40021516149485A23FD
:10B8A0000370A5234370052383708223C370142380
:10B8B00003718823437100238371D4F8C4301B0AB9
:10B8C000C3719161082125F061FF2BF033FF00283F
:10B8D000FBD03B4B4FF400225A613A485A21017089
:10B8E000A5214170052181708221C170142101714F
:10B8F0008A21417100218171B4F8C610C1719A6129
:10B90000082125F043FF2BF015FF0028FBD02C4B1E
:10B910004FF400225A612B485A210170A521417031
:10B92000052181708221C170142101718C21417126
:10B9300000218171B4F8CE10C1719A61082125F0FF
:10B9400025FF2BF0F7FE0028FBD01D4A4FF4002105
:10B9500051611C485A230370A5234370052383704B
:10B960008223C370142303718E23437100238371D8
:10B97000D4F8CC301B0AC3719161082125F006FF71
:10B980002BF0D8FE0028FBD00D4B4FF400225A615B
:10B990000C485A210170A521417005218170822136
:10B9A000C170142101719021417100218171D4F87D
:10B9B000CC10C1719A61082125F0E8FE04E000BFB7
:10B9C00000800041509501202BF0B4FE0028FBD0F0
:10B9D0007D4A4FF4002151617C485A230370A5230E
:10B9E0004370072383708223C3701423037194234D
:10B9F0004371D4F8E0301D0E85711D0CC5711D0A10
:10BA00000572437291610A2125F0C0FE2BF092FE6F
:10BA10000028FBD06C4B4FF400225A616B485A212E
:10BA20000170A5214170052181708221C17014210E
:10BA300001719821417100218171B4F8FE10C1712A
:10BA40009A61082125F0A2FE2BF074FE0028FBD09D
:10BA50005D4B4FF400225A615C485A210170A521C8
:10BA60004170052181708221C170142101719A21D8
:10BA7000417100218171D4F8E410C1719A610821EB
:10BA800025F084FE2BF056FE0028FBD04E4A4FF4E2
:10BA9000002151614D485A230370A52343700523AB
:10BAA00083708223C370142303719C23437100238A
:10BAB0008371D4F8E4301B0AC3719161082125F029
:10BAC00065FE2BF037FE0028FBD03F4B4FF40022E1
:10BAD0005A613E485A210170A521417005218170AB
:10BAE0008221C170142101719E2141710021817157
:10BAF000B4F8E610C1719A61082125F047FE2BF0D9
:10BB000019FE0028FBD0304B4FF400225A612F4819
:10BB10005A210170A5214170052181708221C170D7
:10BB200014210171A021417100218171B4F8EE103E
:10BB3000C1719A61082125F029FE2BF0FBFD002838
:10BB4000FBD0214A4FF40021516120485A23037051
:10BB5000A5234370052383708223C37014230371CC
:10BB6000A223437100238371D4F8EC301B0AC37104
:10BB70009161082125F00AFE2BF0DCFD0028FBD0A6
:10BB8000114B4FF400225A6110485A210170A5212F
:10BB90004170052181708221C17014210171A4219D
:10BBA000417100218171D4F8EC10C1719A610821B2
:10BBB00025F0ECFD2BF0BEFD0028FBD0024B4FF42E
:10BBC00000225A6138BD00BF00800041509501201D
:10BBD00038B50446CD485A230370A5234370072384
:10BBE00083708223C3701423037102234371E378AB
:10BBF00083716388C37123681B0A037223684372CD
:10BC0000C34B4FF400229A610A2125F0BFFD2BF0AF
:10BC100091FD0028FBD0BE4B4FF400225A61BB4877
:10BC20005A210170A5214170052181708221C170C6
:10BC3000142101710621417100218171E18BC171D3
:10BC40009A61082125F0A2FD2BF074FD0028FBD09D
:10BC5000AF4B4FF400225A61AC485A210170A52124
:10BC60004170052181708221C17014210171082168
:10BC70004171002585716568C5719A6125F086FD61
:10BC80002BF058FD0028FBD0A14A4FF40021516150
:10BC90009E485A230370A523437005238370822393
:10BCA000C370142303710A234371002383716368F3
:10BCB0001B0AC3719161082125F068FD2BF03AFD44
:10BCC0000028FBD0924B4FF400225A618F485A2132
:10BCD0000170A5214170052181708221C17014215C
:10BCE00001710C21417100218171E188C1719A615A
:10BCF000082125F04BFD2BF01DFD0028FBD0844BC7
:10BD00004FF400225A6181485A210170A5214170E7
:10BD1000052181708221C170142101710E214171B0
:10BD200000218171E189C1719A61082125F02EFD00
:10BD30002BF000FD0028FBD0754A4FF40021516123
:10BD400072485A230370A52343700523837082230E
:10BD5000C370142303711023437100238371E368BC
:10BD60001B0AC3719161082125F010FD2BF0E2FC44
:10BD70000028FBD0664B4FF400225A6163485A21D9
:10BD80000170A5214170052181708221C1701421AB
:10BD900001711221417100218171E168C1719A61C3
:10BDA000082125F0F3FC2BF0C5FC0028FBD0584AF5
:10BDB0004FF40021516155485A230370A523437065
:10BDC000072383708223C3701423037116234371E6
:10BDD000236A1D0E85711D0CC5711D0A0572437203
:10BDE00091610A2125F0D2FC2BF0A4FC0028FBD0A5
:10BDF000474B4FF400225A6144485A210170A52153
:10BE00004170052181708221C170142101711A21B4
:10BE1000417100218171E18FC1719A61082125F082
:10BE2000B5FC2BF087FC0028FBD0394B4FF40022E7
:10BE30005A6136485A210170A5214170052181704F
:10BE40008221C170142101711C2141710021817175
:10BE5000616AC1719A61082125F098FC2BF06AFC97
:10BE60000028FBD02A4A4FF40021516127485A2369
:10BE70000370A5234370052383708223C3701423AA
:10BE800003711E23437100238371636A1B0AC3710C
:10BE90009161082125F07AFC2BF04CFC0028FBD0A6
:10BEA0001B4B4FF400225A6118485A210170A521FA
:10BEB0004170052181708221C170142101712021FE
:10BEC000417100218171E18CC1719A61082125F0D5
:10BED0005DFC2BF02FFC0028FBD00D4B4FF4002213
:10BEE0005A610A485A210170A521417005218170CB
:10BEF0008221C170142101712221417100218171BF
:10BF0000E18DC1719A61082104E000BF50950120C4
:10BF10000080004125F03AFC2BF00CFC0028FBD0FF
:10BF2000D04A4FF400215161CF485A230370A52312
:10BF30004370052383708223C37014230371242369
:10BF4000437100238371E36A1B0AC3719161082165
:10BF500025F01CFC2BF0EEFB0028FBD0C14B4FF46E
:10BF600000225A61C0485A210170A5214170052163
:10BF700081708221C170142101712621417100213B
:10BF80008171E16AC1719A61082125F0FFFB2BF0F4
:10BF9000D1FB0028FBD0B34A4FF400215161B248D5
:10BFA0005A230370A5234370072383708223C37031
:10BFB000142303712A234371236C1D0E85711D0CFC
:10BFC000C5711D0A0572437291610A2125F0DEFBDD
:10BFD0002BF0B0FB0028FBD0A24B4FF400225A619B
:10BFE000A1485A210170A52141700521817082214B
:10BFF000C170142101712E21417100218171B4F8A9
:10C000005E10C1719A61082125F0C0FB2BF092FBF4
:10C010000028FBD0934B4FF400225A6192485A21DA
:10C020000170A5214170052181708221C170142108
:10C0300001713021417100218171616CC1719A617E
:10C04000082125F0A3FB2BF075FB0028FBD0854AC7
:10C050004FF40021516184485A230370A523437093
:10C06000052383708223C370142303713223437129
:10C0700000238371636C1B0AC3719161082125F051
:10C0800085FB2BF057FB0028FBD0764B4FF40022AA
:10C090005A6175485A210170A521417005218170AE
:10C0A0008221C170142101713421417100218171FB
:10C0B000B4F84610C1719A61082125F067FB2BF096
:10C0C00039FB0028FBD0674B4FF400225A616648C9
:10C0D0005A210170A5214170052181708221C17012
:10C0E000142101713621417100218171B4F84E1083
:10C0F000C1719A61082125F049FB2BF01BFB002838
:10C10000FBD0584A4FF40021516157485A2303701D
:10C11000A5234370052383708223C3701423037106
:10C120003823437100238371E36C1B0AC37191614F
:10C13000082125F02BFB2BF0FDFA0028FBD0494B02
:10C140004FF400225A6148485A210170A5214170DC
:10C15000052181708221C170142101713A21417140
:10C1600000218171E16CC1719A61082125F00EFBFB
:10C170002BF0E0FA0028FBD03A4A4FF4002151613D
:10C1800039485A230370A523437007238370822301
:10C19000C3701423037140234371236E1D0E8571F8
:10C1A0001D0CC5711D0A0572437291610A2125F0AB
:10C1B000EDFA2BF0BFFA0028FBD02A4B4FF40022F7
:10C1C0005A6129485A210170A521417005218170C9
:10C1D0008221C170142101714421417100218171BA
:10C1E000B4F87E10C1719A61082125F0CFFA2BF0C6
:10C1F000A1FA0028FBD01B4B4FF400225A611A48C9
:10C200005A210170A5214170052181708221C170E0
:10C21000142101714621417100218171616EC1714A
:10C220009A61082125F0B2FA2BF084FA0028FBD09D
:10C230000C4A4FF4002151610B485A230370A52387
:10C240004370052383708223C37014230371482332
:10C25000437100238371636E1B0AC37191610821CE
:10C2600004E000BF008000415095012025F08EFAC7
:10C270002BF060FA0028FBD0D44B4FF400225A6117
:10C28000D3485A210170A521417005218170822176
:10C29000C170142101714A21417100218171B4F8EA
:10C2A0006610C1719A61082125F070FA2BF042FAEC
:10C2B0000028FBD0C54B4FF400225A61C4485A21D4
:10C2C0000170A5214170052181708221C170142166
:10C2D00001714C21417100218171B4F86E10C1715E
:10C2E0009A61082125F052FA2BF024FA0028FBD09D
:10C2F000B64A4FF400215161B5485A230370A52373
:10C300004370052383708223C370142303714E236B
:10C31000437100238371E36E1B0AC371916108218D
:10C3200025F034FA2BF006FA0028FBD0A74B4FF487
:10C3300000225A61A6485A210170A52141700521A9
:10C3400081708221C170142101715021417100213D
:10C350008171E16EC1719A61082125F017FA2BF005
:10C36000E9F90028FBD0994A4FF40021516198481F
:10C370005A230370A5234370072383708223C3705D
:10C380001423037156234371D4F880301D0E857138
:10C390001D0CC5711D0A0572437291610A2125F0B9
:10C3A000F5F92BF0C7F90028FBD0884B4FF4002299
:10C3B0005A6187485A210170A52545700525857069
:10C3C0008225C57014250571417100218171B4F871
:10C3D0009E10C1719A61082125F0D8F92BF0AAF9B5
:10C3E0000028FBD0794B4FF400225A6178485A213B
:10C3F0000170A5214170052181708221C170142135
:10C4000001715C21417100218171D4F88410C171E6
:10C410009A61082125F0BAF92BF08CF90028FBD09D
:10C420006A4A4FF40021516169485A230370A523D9
:10C430004370052383708223C370142303715E232A
:10C44000437100238371D4F884301B0AC371916156
:10C45000082125F09BF92BF06DF90028FBD05B4BF0
:10C460004FF400225A615A485A210170A5214170A7
:10C47000052181708221C1701421017160214171F7
:10C4800000218171B4F88610C1719A61082125F0EC
:10C490007DF92BF04FF90028FBD04C4B4FF40022D4
:10C4A0005A614B485A210170A521417005218170C4
:10C4B0008221C170142101716221417100218171B9
:10C4C000B4F88E10C1719A61082125F05FF92BF044
:10C4D00031F90028FBD03D4A4FF4002151613C481E
:10C4E0005A230370A5234370052383708223C370EE
:10C4F000142303716423437100238371D4F88C30B7
:10C500001B0AC3719161082125F040F92BF012F943
:10C510000028FBD02D4B4FF400225A612C485A21A1
:10C520000170A5214170052181708221C170142103
:10C5300001716621417100218171D4F88C10C171A3
:10C540009A61082125F022F92BF0F4F80028FBD09D
:10C550001E4A4FF4002151611D485A230370A52340
:10C560004370072383708223C370142303716C23E9
:10C570004371D4F8A0301D0E85711D0CC5711D0AC4
:10C580000572437291610A2125F000F92BF0D2F86F
:10C590000028FBD00D4B4FF400225A610C485A2161
:10C5A0000170A5214170052181708221C170142183
:10C5B00001717021417100218171B4F8BE10C17107
:10C5C0009A61082125F0E2F804E000BF00800041F4
:10C5D000509501202BF0AEF80028FBD0D44B4FF43F
:10C5E00000225A61D3485A210170A52141700521CA
:10C5F00081708221C1701421017172214171002169
:10C600008171D4F8A410C1719A61082125F0BEF897
:10C610002BF090F80028FBD0C54A4FF4002151615F
:10C62000C4485A230370A5234370052383708223D3
:10C63000C370142303717423437100238371D4F8EE
:10C64000A4301B0AC3719161082125F09FF82BF0DB
:10C6500071F80028FBD0B64B4FF400225A61B54860
:10C660005A210170A5214170052181708221C1707C
:10C67000142101717621417100218171B4F8A61055
:10C68000C1719A61082125F081F82BF053F8002838
:10C69000FBD0A74B4FF400225A61A6485A210170E3
:10C6A000A5214170052181708221C1701421017181
:10C6B0007821417100218171B4F8AE10C1719A6185
:10C6C000082125F063F82BF035F80028FBD0984AB4
:10C6D0004FF40021516197485A230370A5234370FA
:10C6E000052383708223C370142303717A2343715B
:10C6F00000238371D4F8AC301B0AC3719161082107
:10C7000025F044F82BF016F80028FBD0884B4FF4A6
:10C7100000225A6187485A210170A52141700521E4
:10C7200081708221C170142101717C21417100212D
:10C730008171D4F8AC10C1719A61082125F026F8F6
:10C740002AF0F8FF0028FBD0794A4FF4002151610C
:10C7500078485A230370A5234370072383708223EC
:10C76000C3701423037180234371D4F8C0301D0EAD
:10C7700085711D0CC5711D0A0572437291610A21F4
:10C7800025F004F82AF0D6FF0028FBD0684B4FF4C0
:10C7900000225A6167485A210170A5214170052184
:10C7A00081708221C17014210171842141710021A5
:10C7B0008171B4F8DE10C1719A61082124F0E6FF9E
:10C7C0002AF0B8FF0028FBD0594B4FF400225A61E1
:10C7D00058485A210170A52141700521817082219C
:10C7E000C170142101718621417100218171D4F839
:10C7F000C410C1719A61082124F0C8FF2AF09AFF81
:10C800000028FBD04A4A4FF40021516149485A237D
:10C810000370A5234370052383708223C370142300
:10C8200003718823437100238371D4F8C4301B0A39
:10C83000C3719161082124F0A9FF2AF07BFF002831
:10C84000FBD03B4B4FF400225A613A485A21017009
:10C85000A5214170052181708221C17014210171CF
:10C860008A21417100218171B4F8C610C1719A61A9
:10C87000082124F08BFF2AF05DFF0028FBD02C4B11
:10C880004FF400225A612B485A210170A5214170B2
:10C89000052181708221C170142101718C214171A7
:10C8A00000218171B4F8CE10C1719A61082124F081
:10C8B0006DFF2AF03FFF0028FBD01D4A4FF40021F6
:10C8C00051611C485A230370A523437005238370CC
:10C8D0008223C370142303718E2343710023837159
:10C8E000D4F8CC301B0AC3719161082124F04EFFAB
:10C8F0002AF020FF0028FBD00D4B4FF400225A6194
:10C900000C485A210170A5214170052181708221B6
:10C91000C170142101719021417100218171D4F8FD
:10C92000CC10C1719A61082124F030FF04E000BFEF
:10C9300000800041509501202AF0FCFE0028FBD029
:10C940007D4A4FF4002151617C485A230370A5238E
:10C950004370072383708223C370142303719423CD
:10C960004371D4F8E0301D0E85711D0CC5711D0A90
:10C970000572437291610A2124F008FF2AF0DAFE61
:10C980000028FBD06C4B4FF400225A616B485A21AF
:10C990000170A5214170052181708221C17014218F
:10C9A00001719821417100218171B4F8FE10C171AB
:10C9B0009A61082124F0EAFE2AF0BCFE0028FBD090
:10C9C0005D4B4FF400225A615C485A210170A52149
:10C9D0004170052181708221C170142101719A2159
:10C9E000417100218171D4F8E410C1719A6108216C
:10C9F00024F0CCFE2AF09EFE0028FBD04E4A4FF4D5
:10CA0000002151614D485A230370A523437005232B
:10CA100083708223C370142303719C23437100230A
:10CA20008371D4F8E4301B0AC3719161082124F0AA
:10CA3000ADFE2AF07FFE0028FBD03F4B4FF40022D2
:10CA40005A613E485A210170A5214170052181702B
:10CA50008221C170142101719E21417100218171D7
:10CA6000B4F8E610C1719A61082124F08FFE2AF013
:10CA700061FE0028FBD0304B4FF400225A612F4852
:10CA80005A210170A5214170052181708221C17058
:10CA900014210171A021417100218171B4F8EE10BF
:10CAA000C1719A61082124F071FE2AF043FE00282A
:10CAB000FBD0214A4FF40021516120485A230370D2
:10CAC000A5234370052383708223C370142303714D
:10CAD000A223437100238371D4F8EC301B0AC37185
:10CAE0009161082124F052FE2AF024FE0028FBD098
:10CAF000114B4FF400225A6110485A210170A521B0
:10CB00004170052181708221C17014210171A4211D
:10CB1000417100218171D4F8EC10C1719A61082132
:10CB200024F034FE2AF006FE0028FBD0024B4FF41E
:10CB300000225A6138BD00BF00800041509501209D
:10CB400038B50446CD485A230370A5234370072304
:10CB500083708223C3701423037102234371E3782B
:10CB600083716388C37123681B0A0372236843724D
:10CB7000C34B4FF400229A610A2124F007FE2AF0E9
:10CB8000D9FD0028FBD0BE4B4FF400225A61BB48B0
:10CB90005A210170A5214170052181708221C17047
:10CBA000142101710621417100218171E18BC17154
:10CBB0009A61082124F0EAFD2AF0BCFD0028FBD090
:10CBC000AF4B4FF400225A61AC485A210170A521A5
:10CBD0004170052181708221C170142101710821E9
:10CBE0004171002585716568C5719A6124F0CEFD9B
:10CBF0002AF0A0FD0028FBD0A14A4FF4002151618A
:10CC00009E485A230370A523437005238370822313
:10CC1000C370142303710A23437100238371636873
:10CC20001B0AC3719161082124F0B0FD2AF082FD36
:10CC30000028FBD0924B4FF400225A618F485A21B2
:10CC40000170A5214170052181708221C1701421DC
:10CC500001710C21417100218171E188C1719A61DA
:10CC6000082124F093FD2AF065FD0028FBD0844BB9
:10CC70004FF400225A6181485A210170A521417068
:10CC8000052181708221C170142101710E21417131
:10CC900000218171E189C1719A61082124F076FD3A
:10CCA0002AF048FD0028FBD0754A4FF4002151615D
:10CCB00072485A230370A52343700523837082238F
:10CCC000C370142303711023437100238371E3683D
:10CCD0001B0AC3719161082124F058FD2AF02AFD36
:10CCE0000028FBD0664B4FF400225A6163485A215A
:10CCF0000170A5214170052181708221C17014212C
:10CD000001711221417100218171E168C1719A6143
:10CD1000082124F03BFD2AF00DFD0028FBD0584AE5
:10CD20004FF40021516155485A230370A5234370E5
:10CD3000072383708223C370142303711623437166
:10CD4000236A1D0E85711D0CC5711D0A0572437283
:10CD500091610A2124F01AFD2AF0ECFC0028FBD096
:10CD6000474B4FF400225A6144485A210170A521D3
:10CD70004170052181708221C170142101711A2135
:10CD8000417100218171E18FC1719A61082124F004
:10CD9000FDFC2AF0CFFC0028FBD0394B4FF40022D9
:10CDA0005A6136485A210170A521417005218170D0
:10CDB0008221C170142101711C21417100218171F6
:10CDC000616AC1719A61082124F0E0FC2AF0B2FC8A
:10CDD0000028FBD02A4A4FF40021516127485A23EA
:10CDE0000370A5234370052383708223C37014232B
:10CDF00003711E23437100238371636A1B0AC3718D
:10CE00009161082124F0C2FC2AF094FC0028FBD098
:10CE10001B4B4FF400225A6118485A210170A5217A
:10CE20004170052181708221C1701421017120217E
:10CE3000417100218171E18CC1719A61082124F056
:10CE4000A5FC2AF077FC0028FBD00D4B4FF4002204
:10CE50005A610A485A210170A5214170052181704B
:10CE60008221C1701421017122214171002181713F
:10CE7000E18DC1719A61082104E000BF5095012045
:10CE80000080004124F082FC2AF054FC0028FBD0F2
:10CE9000D04A4FF400215161CF485A230370A52393
:10CEA0004370052383708223C370142303712423EA
:10CEB000437100238371E36A1B0AC37191610821E6
:10CEC00024F064FC2AF036FC0028FBD0C14B4FF460
:10CED00000225A61C0485A210170A52141700521E4
:10CEE00081708221C17014210171262141710021BC
:10CEF0008171E16AC1719A61082124F047FC2AF02E
:10CF000019FC0028FBD0B34A4FF400215161B2480C
:10CF10005A230370A5234370072383708223C370B1
:10CF2000142303712A234371236C1D0E85711D0C7C
:10CF3000C5711D0A0572437291610A2124F026FC15
:10CF40002AF0F8FB0028FBD0A24B4FF400225A61D4
:10CF5000A1485A210170A5214170052181708221CB
:10CF6000C170142101712E21417100218171B4F829
:10CF70005E10C1719A61082124F008FC2AF0DAFBE6
:10CF80000028FBD0934B4FF400225A6192485A215B
:10CF90000170A5214170052181708221C170142189
:10CFA00001713021417100218171616CC1719A61FF
:10CFB000082124F0EBFB2AF0BDFB0028FBD0854ABA
:10CFC0004FF40021516184485A230370A523437014
:10CFD000052383708223C3701423037132234371AA
:10CFE00000238371636C1B0AC3719161082124F0D3
:10CFF000CDFB2AF09FFB0028FBD0764B4FF400229C
:10D000005A6175485A210170A5214170052181702E
:10D010008221C1701421017134214171002181717B
:10D02000B4F84610C1719A61082124F0AFFB2AF0D0
:10D0300081FB0028FBD0674B4FF400225A61664801
:10D040005A210170A5214170052181708221C17092
:10D05000142101713621417100218171B4F84E1003
:10D06000C1719A61082124F091FB2AF063FB00282A
:10D07000FBD0584A4FF40021516157485A2303709E
:10D08000A5234370052383708223C3701423037187
:10D090003823437100238371E36C1B0AC3719161D0
:10D0A000082124F073FB2AF045FB0028FBD0494BF4
:10D0B0004FF400225A6148485A210170A52141705D
:10D0C000052181708221C170142101713A214171C1
:10D0D00000218171E16CC1719A61082124F056FB35
:10D0E0002AF028FB0028FBD03A4A4FF40021516176
:10D0F00039485A230370A523437007238370822382
:10D10000C3701423037140234371236E1D0E857178
:10D110001D0CC5711D0A0572437291610A2124F02C
:10D1200035FB2AF007FB0028FBD02A4B4FF40022E6
:10D130005A6129485A210170A52141700521817049
:10D140008221C1701421017144214171002181713A
:10D15000B4F87E10C1719A61082124F017FB2AF0FF
:10D16000E9FA0028FBD01B4B4FF400225A611A4801
:10D170005A210170A5214170052181708221C17061
:10D18000142101714621417100218171616EC171CB
:10D190009A61082124F0FAFA2AF0CCFA0028FBD090
:10D1A0000C4A4FF4002151610B485A230370A52308
:10D1B0004370052383708223C370142303714823B3
:10D1C000437100238371636E1B0AC371916108214F
:10D1D00004E000BF008000415095012024F0D6FA01
:10D1E0002AF0A8FA0028FBD0D44B4FF400225A6151
:10D1F000D3485A210170A5214170052181708221F7
:10D20000C170142101714A21417100218171B4F86A
:10D210006610C1719A61082124F0B8FA2AF08AFADE
:10D220000028FBD0C54B4FF400225A61C4485A2154
:10D230000170A5214170052181708221C1701421E6
:10D2400001714C21417100218171B4F86E10C171DE
:10D250009A61082124F09AFA2AF06CFA0028FBD08F
:10D26000B64A4FF400215161B5485A230370A523F3
:10D270004370052383708223C370142303714E23EC
:10D28000437100238371E36E1B0AC371916108210E
:10D2900024F07CFA2AF04EFA0028FBD0A74B4FF47A
:10D2A00000225A61A6485A210170A521417005212A
:10D2B00081708221C17014210171502141710021BE
:10D2C0008171E16EC1719A61082124F05FFA2AF040
:10D2D00031FA0028FBD0994A4FF400215161984857
:10D2E0005A230370A5234370072383708223C370DE
:10D2F0001423037156234371D4F880301D0E8571B9
:10D300001D0CC5711D0A0572437291610A2124F03A
:10D310003DFA2AF00FFA0028FBD0884B4FF4002288
:10D320005A6187485A210170A525457005258570E9
:10D330008225C57014250571417100218171B4F8F1
:10D340009E10C1719A61082124F020FA2AF0F2F9A6
:10D350000028FBD0794B4FF400225A6178485A21BB
:10D360000170A5214170052181708221C1701421B5
:10D3700001715C21417100218171D4F88410C17167
:10D380009A61082124F002FA2AF0D4F90028FBD08F
:10D390006A4A4FF40021516169485A230370A5235A
:10D3A0004370052383708223C370142303715E23AB
:10D3B000437100238371D4F884301B0AC3719161D7
:10D3C000082124F0E3F92AF0B5F90028FBD05B4BE3
:10D3D0004FF400225A615A485A210170A521417028
:10D3E000052181708221C170142101716021417178
:10D3F00000218171B4F88610C1719A61082124F06E
:10D40000C5F92AF097F90028FBD04C4B4FF40022C5
:10D410005A614B485A210170A52141700521817044
:10D420008221C17014210171622141710021817139
:10D43000B4F88E10C1719A61082124F0A7F92AF07E
:10D4400079F90028FBD03D4A4FF4002151613C4856
:10D450005A230370A5234370052383708223C3706E
:10D46000142303716423437100238371D4F88C3037
:10D470001B0AC3719161082124F088F92AF05AF936
:10D480000028FBD02D4B4FF400225A612C485A2122
:10D490000170A5214170052181708221C170142184
:10D4A00001716621417100218171D4F88C10C17124
:10D4B0009A61082124F06AF92AF03CF90028FBD08F
:10D4C0001E4A4FF4002151611D485A230370A523C1
:10D4D0004370072383708223C370142303716C236A
:10D4E0004371D4F8A0301D0E85711D0CC5711D0A45
:10D4F0000572437291610A2124F048F92AF01AF961
:10D500000028FBD00D4B4FF400225A610C485A21E1
:10D510000170A5214170052181708221C170142103
:10D5200001717021417100218171B4F8BE10C17187
:10D530009A61082124F02AF904E000BF008000412C
:10D54000509501202AF0F6F80028FBD0D44B4FF478
:10D5500000225A61D3485A210170A521417005214A
:10D5600081708221C17014210171722141710021E9
:10D570008171D4F8A410C1719A61082124F006F9D0
:10D580002AF0D8F80028FBD0C54A4FF40021516199
:10D59000C4485A230370A523437005238370822354
:10D5A000C370142303717423437100238371D4F86F
:10D5B000A4301B0AC3719161082124F0E7F82AF016
:10D5C000B9F80028FBD0B64B4FF400225A61B54899
:10D5D0005A210170A5214170052181708221C170FD
:10D5E000142101717621417100218171B4F8A610D6
:10D5F000C1719A61082124F0C9F82AF09BF800282B
:10D60000FBD0A74B4FF400225A61A6485A21017063
:10D61000A5214170052181708221C1701421017101
:10D620007821417100218171B4F8AE10C1719A6105
:10D63000082124F0ABF82AF07DF80028FBD0984AA6
:10D640004FF40021516197485A230370A52343707A
:10D65000052383708223C370142303717A234371DB
:10D6600000238371D4F8AC301B0AC3719161082187
:10D6700024F08CF82AF05EF80028FBD0884B4FF499
:10D6800000225A6187485A210170A5214170052165
:10D6900081708221C170142101717C2141710021AE
:10D6A0008171D4F8AC10C1719A61082124F06EF830
:10D6B0002AF040F80028FBD0794A4FF4002151614C
:10D6C00078485A230370A52343700723837082236D
:10D6D000C3701423037180234371D4F8C0301D0E2E
:10D6E00085711D0CC5711D0A0572437291610A2175
:10D6F00024F04CF82AF01EF80028FBD0684B4FF4B9
:10D7000000225A6167485A210170A5214170052104
:10D7100081708221C1701421017184214171002125
:10D720008171B4F8DE10C1719A61082124F02EF8DD
:10D730002AF000F80028FBD0594B4FF400225A6120
:10D7400058485A210170A52141700521817082211C
:10D75000C170142101718621417100218171D4F8B9
:10D76000C410C1719A61082124F010F829F0E2FF79
:10D770000028FBD04A4A4FF40021516149485A23FE
:10D780000370A5234370052383708223C370142381
:10D7900003718823437100238371D4F8C4301B0ABA
:10D7A000C3719161082123F0F1FF29F0C3FF002824
:10D7B000FBD03B4B4FF400225A613A485A2101708A
:10D7C000A5214170052181708221C1701421017150
:10D7D0008A21417100218171B4F8C610C1719A612A
:10D7E000082123F0D3FF29F0A5FF0028FBD02C4B04
:10D7F0004FF400225A612B485A210170A521417033
:10D80000052181708221C170142101718C21417127
:10D8100000218171B4F8CE10C1719A61082123F002
:10D82000B5FF29F087FF0028FBD01D4A4FF40021E7
:10D8300051611C485A230370A5234370052383704C
:10D840008223C370142303718E23437100238371D9
:10D85000D4F8CC301B0AC3719161082123F096FFE4
:10D8600029F068FF0028FBD00D4B4FF400225A61CD
:10D870000C485A210170A521417005218170822137
:10D88000C170142101719021417100218171D4F87E
:10D89000CC10C1719A61082123F078FF04E000BF29
:10D8A000008000415095012029F044FF0028FBD062
:10D8B0007D4A4FF4002151617C485A230370A5230F
:10D8C0004370072383708223C3701423037194234E
:10D8D0004371D4F8E0301D0E85711D0CC5711D0A11
:10D8E0000572437291610A2123F050FF29F022FF53
:10D8F0000028FBD06C4B4FF400225A616B485A2130
:10D900000170A5214170052181708221C17014210F
:10D9100001719821417100218171B4F8FE10C1712B
:10D920009A61082123F032FF29F004FF0028FBD080
:10D930005D4B4FF400225A615C485A210170A521C9
:10D940004170052181708221C170142101719A21D9
:10D95000417100218171D4F8E410C1719A610821EC
:10D9600023F014FF29F0E6FE0028FBD04E4A4FF4C6
:10D97000002151614D485A230370A52343700523AC
:10D9800083708223C370142303719C23437100238B
:10D990008371D4F8E4301B0AC3719161082123F02C
:10D9A000F5FE29F0C7FE0028FBD03F4B4FF40022C4
:10D9B0005A613E485A210170A521417005218170AC
:10D9C0008221C170142101719E2141710021817158
:10D9D000B4F8E610C1719A61082123F0D7FE29F04E
:10D9E000A9FE0028FBD0304B4FF400225A612F488B
:10D9F0005A210170A5214170052181708221C170D9
:10DA000014210171A021417100218171B4F8EE103F
:10DA1000C1719A61082123F0B9FE29F08BFE00281C
:10DA2000FBD0214A4FF40021516120485A23037052
:10DA3000A5234370052383708223C37014230371CD
:10DA4000A223437100238371D4F8EC301B0AC37105
:10DA50009161082123F09AFE29F06CFE0028FBD08A
:10DA6000114B4FF400225A6110485A210170A52130
:10DA70004170052181708221C17014210171A4219E
:10DA8000417100218171D4F8EC10C1719A610821B3
:10DA900023F07CFE29F04EFE0028FBD0024B4FF411
:10DAA00000225A6138BD00BF00800041509501201E
:10DAB00038B50446D4485A230370A523437007237E
:10DAC00083708223C3701423037102234371D4F83B
:10DAD00000311A0E82711A0CC2711A0A0272437254
:10DAE000CA4B4FF400229A610A2123F04FFE29F01D
:10DAF00021FE0028FBD0C54B4FF400225A61C248DA
:10DB00005A210170A5214170052181708221C170C7
:10DB1000142101710621417100218171B4F81E1197
:10DB2000C1719A61082123F031FE29F003FE00281B
:10DB3000FBD0B64B4FF400225A61B3485A21017012
:10DB4000A5214170052181708221C17014210171CC
:10DB50000821417100258571D4F80451C5719A617D
:10DB600023F014FE29F0E6FD0028FBD0A74A4FF46D
:10DB700000215161A4485A230370A5234370052353
:10DB800083708223C370142303710A23437100231B
:10DB90008371D4F804311B0AC3719161082123F009
:10DBA000F5FD29F0C7FD0028FBD0984B4FF400226B
:10DBB0005A6195485A210170A52141700521817053
:10DBC0008221C170142101710C21417100218171E8
:10DBD000B4F80611C1719A61082123F0D7FD29F02C
:10DBE000A9FD0028FBD0894B4FF400225A618648DA
:10DBF0005A210170A5214170052181708221C170D7
:10DC0000142101710E21417100218171B4F80E11AE
:10DC1000C1719A61082123F0B9FD29F08BFD00281C
:10DC2000FBD07A4A4FF40021516177485A230370A0
:10DC3000A5234370052383708223C37014230371CB
:10DC40001023437100238371D4F80C311B0AC37174
:10DC50009161082123F09AFD29F06CFD0028FBD08A
:10DC60006A4B4FF400225A6167485A210170A5217E
:10DC70004170052181708221C1701421017112212E
:10DC8000417100218171D4F80C11C1719A61082190
:10DC900023F07CFD29F04EFD0028FBD05B4A4FF4B9
:10DCA0000021516158485A230370A523437007236C
:10DCB00083708223C3701423037116234371D4F835
:10DCC00020311D0E85711D0CC5711D0A0572437230
:10DCD00091610A2123F05AFD29F02CFD0028FBD088
:10DCE0004A4B4FF400225A6147485A210170A5213E
:10DCF0004170052181708221C170142101711A21A6
:10DD0000417100218171B4F83E11C1719A610821FD
:10DD100023F03CFD29F00EFD0028FBD03B4B4FF4D7
:10DD200000225A6138485A210170A521417005210D
:10DD300081708221C170142101711C214171002167
:10DD40008171D4F82411C1719A61082123F01EFD5C
:10DD500029F0F0FC0028FBD02C4A4FF4002151613F
:10DD600029485A230370A523437005238370822317
:10DD7000C370142303711E23437100238371D4F8ED
:10DD800024311B0AC3719161082123F0FFFC29F0A3
:10DD9000D1FC0028FBD01D4B4FF400225A611A48D9
:10DDA0005A210170A5214170052181708221C17025
:10DDB000142101712021417100218171B4F82611D3
:10DDC000C1719A61082123F0E1FC29F0B3FC00281D
:10DDD000FBD00E4B4FF400225A610B485A210170C0
:10DDE000A5214170052181708221C170142101712A
:10DDF0002221417100218171B4F82E11C1719A6103
:10DE0000082123F0C3FC03E050950120008000416D
:10DE100029F090FC0028FBD0D54A4FF40021516135
:10DE2000D4485A230370A5234370052383708223AB
:10DE3000C370142303712423437100238371D4F826
:10DE40002C311B0AC3719161082123F09FFC29F03A
:10DE500071FC0028FBD0C64B4FF400225A61C54824
:10DE60005A210170A5214170052181708221C17064
:10DE7000142101712621417100218171D4F82C11E6
:10DE8000C1719A61082123F081FC29F053FC00281C
:10DE9000FBD0B74A4FF400215161B6485A230370B2
:10DEA000A5234370072383708223C3701423037157
:10DEB0002A234371D4F840311D0E85711D0CC571A4
:10DEC0001D0A0572437291610A2123F05FFC29F05B
:10DED00031FC0028FBD0A64B4FF400225A61A54824
:10DEE0005A210170A5214170052181708221C170E4
:10DEF000142101712E21417100218171B4F85E114C
:10DF0000C1719A61082123F041FC29F013FC00281B
:10DF1000FBD0974B4FF400225A6196485A2101706A
:10DF2000A5214170052181708221C17014210171E8
:10DF30003021417100218171D4F84411C1719A617D
:10DF4000082123F023FC29F0F5FB0028FBD0884AA8
:10DF50004FF40021516187485A230370A523437071
:10DF6000052383708223C37014230371322343710A
:10DF700000238371D4F844311B0AC37191610821D5
:10DF800023F004FC29F0D6FB0028FBD0784B4FF49B
:10DF900000225A6177485A210170A521417005215C
:10DFA00081708221C17014210171342141710021DD
:10DFB0008171B4F84611C1719A61082123F0E6FB22
:10DFC00029F0B8FB0028FBD0694B4FF400225A61BE
:10DFD00068485A210170A521417005218170822174
:10DFE000C170142101713621417100218171B4F891
:10DFF0004E11C1719A61082123F0C8FB29F09AFBE8
:10E000000028FBD05A4A4FF40021516159485A2345
:10E010000370A5234370052383708223C3701423E8
:10E0200003713823437100238371D4F84C311B0AE8
:10E03000C3719161082123F0A9FB29F07BFB002823
:10E04000FBD04B4B4FF400225A614A485A210170D1
:10E05000A5214170052181708221C17014210171B7
:10E060003A21417100218171D4F84C11C1719A613A
:10E07000082123F08BFB29F05DFB0028FBD03C4AF4
:10E080004FF4002151613B485A230370A52343708C
:10E09000072383708223C3701423037140234371C9
:10E0A000D4F860311D0E85711D0CC5711D0A0572F5
:10E0B000437291610A2123F069FB29F03BFB0028A0
:10E0C000FBD02B4B4FF400225A612A485A21017091
:10E0D000A5214170052181708221C1701421017137
:10E0E0004421417100218171B4F87E11C1719A619E
:10E0F000082123F04BFB29F01DFB0028FBD01C4B13
:10E100004FF400225A611B485A210170A521417029
:10E11000052181708221C170142101714621417154
:10E1200000218171D4F86411C1719A61082123F032
:10E130002DFB29F0FFFA0028FBD00D4A4FF40021F7
:10E1400051610C485A230370A52343700523837043
:10E150008223C37014230371482343710023837106
:10E16000D4F864311B0AC3719161082104E000BF37
:10E17000008000415095012023F008FB29F0DAFAD5
:10E180000028FBD0D54B4FF400225A61D4485A21C5
:10E190000170A5214170052181708221C170142177
:10E1A00001714A21417100218171B4F86611C17178
:10E1B0009A61082123F0EAFA29F0BCFA0028FBD082
:10E1C000C64B4FF400225A61C5485A210170A5215F
:10E1D0004170052181708221C170142101714C218F
:10E1E000417100218171B4F86E11C1719A610821E9
:10E1F00023F0CCFA29F09EFA0028FBD0B74A4FF45E
:10E2000000215161B6485A230370A52343700523AA
:10E2100083708223C370142303714E234371002340
:10E220008371D4F86C311B0AC3719161082123F00A
:10E23000ADFA29F07FFA0028FBD0A84B4FF400225A
:10E240005A61A7485A210170A521417005218170AA
:10E250008221C1701421017150214171002181710D
:10E26000D4F86C11C1719A61082123F08FFA29F05A
:10E2700061FA0028FBD0994A4FF400215161984877
:10E280005A230370A5234370072383708223C3702E
:10E290001423037156234371D4F880311D0E857108
:10E2A0001D0CC5711D0A0572437291610A2123F08C
:10E2B0006DFA29F03FFA0028FBD0884B4FF400227A
:10E2C0005A6187485A210170A5254570052585703A
:10E2D0008225C57014250571417100218171B4F842
:10E2E0009E11C1719A61082123F050FA29F022FA97
:10E2F0000028FBD0794B4FF400225A6178485A210C
:10E300000170A5214170052181708221C170142105
:10E3100001715C21417100218171D4F88411C171B6
:10E320009A61082123F032FA29F004FA0028FBD080
:10E330006A4A4FF40021516169485A230370A523AA
:10E340004370052383708223C370142303715E23FB
:10E35000437100238371D4F884311B0AC371916126
:10E36000082123F013FA29F0E5F90028FBD05B4BD4
:10E370004FF400225A615A485A210170A521417078
:10E38000052181708221C1701421017160214171C8
:10E3900000218171B4F88611C1719A61082123F0BE
:10E3A000F5F929F0C7F90028FBD04C4B4FF40022B7
:10E3B0005A614B485A210170A52141700521817095
:10E3C0008221C1701421017162214171002181718A
:10E3D000B4F88E11C1719A61082123F0D7F929F0A0
:10E3E000A9F90028FBD03D4A4FF4002151613C4877
:10E3F0005A230370A5234370052383708223C370BF
:10E40000142303716423437100238371D4F88C3186
:10E410001B0AC3719161082123F0B8F929F08AF928
:10E420000028FBD02D4B4FF400225A612C485A2172
:10E430000170A5214170052181708221C1701421D4
:10E4400001716621417100218171D4F88C11C17173
:10E450009A61082123F09AF929F06CF90028FBD081
:10E460001E4A4FF4002151611D485A230370A52311
:10E470004370072383708223C370142303716C23BA
:10E480004371D4F8A0311D0E85711D0CC5711D0A94
:10E490000572437291610A2123F078F929F04AF953
:10E4A0000028FBD00D4B4FF400225A610C485A2132
:10E4B0000170A5214170052181708221C170142154
:10E4C00001717021417100218171B4F8BE11C171D7
:10E4D0009A61082123F05AF904E000BF008000414E
:10E4E0005095012029F026F90028FBD0D24B4FF49B
:10E4F00000225A61D1485A210170A521417005219D
:10E5000081708221C1701421017172214171002139
:10E510008171D4F8A411C1719A61082123F036F9F0
:10E5200029F008F90028FBD0C34A4FF400215161BB
:10E53000C2485A230370A5234370052383708223A6
:10E54000C370142303717423437100238371D4F8BF
:10E55000A4311B0AC3719161082123F017F929F036
:10E56000E9F80028FBD0B44B4FF400225A61B348BD
:10E570005A210170A5214170052181708221C1704D
:10E58000142101717621417100218171B4F8A61125
:10E59000C1719A61082123F0F9F829F0CBF800281D
:10E5A000FBD0A54B4FF400225A61A4485A210170B8
:10E5B000A5214170052181708221C1701421017152
:10E5C0007821417100218171B4F8AE11C1719A6155
:10E5D000082123F0DBF829F0ADF80028FBD0964A9B
:10E5E0004FF40021516195485A230370A5234370CD
:10E5F000052383708223C370142303717A2343712C
:10E6000000238371D4F8AC311B0AC37191610821D6
:10E6100023F0BCF829F08EF80028FBD0864B4FF48D
:10E6200000225A6185485A210170A52141700521B7
:10E6300081708221C170142101717C2141710021FE
:10E640008171D4F8AC11C1719A61082123F09EF850
:10E6500029F070F80028FBD0774A4FF4002151616F
:10E6600076485A230370A5234370072383708223BF
:10E67000C370142303718023437100238371C3711A
:10E680000372437291610A2123F080F829F052F855
:10E690000028FBD0684B4FF400225A6167485A218A
:10E6A0000170A5214170052181708221C170142162
:10E6B00001718421417100218171C1719A61082128
:10E6C00023F064F829F036F80028FBD05A4B4FF4B9
:10E6D00000225A6159485A210170A5214170052133
:10E6E00081708221C1701421017186214171002144
:10E6F0008171C1719A61082123F048F829F01AF854
:10E700000028FBD04C4B4FF400225A614B485A2151
:10E710000170A5214170052181708221C1701421F1
:10E7200001718821417100218171C1719A610821B3
:10E7300023F02CF828F0FEFF0028FBD03E4B4FF4CE
:10E7400000225A613D485A210170A52141700521DE
:10E7500081708221C170142101718A2141710021CF
:10E760008171C1719A61082123F010F828F0E2FF4D
:10E770000028FBD0304B4FF400225A612F485A2119
:10E780000170A5214170052181708221C170142181
:10E7900001718C21417100218171C1719A6108213F
:10E7A00022F0F4FF28F0C6FF0028FBD0224B4FF4E4
:10E7B00000225A6121485A210170A521417005218A
:10E7C00081708221C170142101718E21417100215B
:10E7D0008171C1719A61082122F0D8FF28F0AAFF47
:10E7E0000028FBD0144B4FF400225A6113485A21E1
:10E7F0000170A5214170052181708221C170142111
:10E8000001719021417100218171C1719A610821CA
:10E8100022F0BCFF28F08EFF0028FBD0064A4FF400
:10E820000021516105485A230370A5234370072333
:10E8300083708223C37003E0008000415095012063
:10E84000142303719423437100238371C3710372F2
:10E85000437291610A2122F099FF28F06BFF002892
:10E86000FBD0644B4FF400225A6163485A21017077
:10E87000A5214170052181708221C170142101718F
:10E880009821417100218171C1719A61082122F0A2
:10E890007DFF28F04FFF0028FBD0564B4FF400229D
:10E8A0005A6155485A210170A52141700521817096
:10E8B0008221C170142101719A214171002181715D
:10E8C000C1719A61082122F061FF28F033FF00280E
:10E8D000FBD0484B4FF400225A6147485A2101703F
:10E8E000A5214170052181708221C170142101711F
:10E8F0009C21417100218171C1719A61082122F02E
:10E9000045FF28F017FF0028FBD03A4B4FF40022B8
:10E910005A6139485A210170A52141700521817041
:10E920008221C170142101719E21417100218171E8
:10E93000C1719A61082122F029FF28F0FBFE00280E
:10E94000FBD02C4B4FF400225A612B485A21017006
:10E95000A5214170052181708221C17014210171AE
:10E96000A021417100218171C1719A61082122F0B9
:10E970000DFF28F0DFFE0028FBD01E4B4FF40022D5
:10E980005A611D485A210170A521417005218170ED
:10E990008221C17014210171A22141710021817174
:10E9A000C1719A61082122F0F1FE28F0C3FE00280F
:10E9B000FBD0104B4FF400225A610F485A210170CE
:10E9C000A5214170052181708221C170142101713E
:10E9D000A421417100218171C1719A61082122F045
:10E9E000D5FE28F0A7FE0028FBD0024B4FF40022F2
:10E9F0005A6138BD00800041509501202DE98048C2
:10EA000083B0002023F02AFDC64822F025F8C6482E
:10EA100021F092FF0022AB21042024F07EFBC34BA7
:10EA200018600022AA21012024F077FBC04B186057
:10EA30000022CC21012024F070FBBE4B1860002284
:10EA40000121502024F069FBBB4B186000220121FA
:10EA5000084624F062FBB94B186000220C211420F8
:10EA600024F05BFBB64B186000220C21052024F03B
:10EA700054FBB44B186000220C21052024F04DFB00
:10EA8000B14B186000220C21052024F046FBAF4B4F
:10EA9000186000220C21052024F03FFBAC4B1860CD
:10EAA00000220821012024F038FBAA4B1860002224
:10EAB0000521012024F031FBA74B186000220B2117
:10EAC000012024F02AFBA54B186000220821012018
:10EAD00024F023FBA24B186000220721012024F020
:10EAE0001CFBA04B186000220821012024F015FB1C
:10EAF0009D4B186000220821012024F00EFB9B4B47
:10EB0000186000220921012024F007FB984B1860AF
:10EB100000220421012024F000FB964B1860002203
:10EB20000821012024F0F9FA934B186000220221F9
:10EB3000012024F0F2FA914B1860002201210846CE
:10EB400024F0EBFA8E4B186000220221012024F001
:10EB5000E4FA8C4B186000220821012024F0DDFA31
:10EB6000894B186000220521012024F0D6FA874B3A
:10EB7000186000220B21012024F0CFFA844B18608A
:10EB800000220821012024F0C8FA824B18600022DC
:10EB90000721012024F0C1FA7F4B186000220821D0
:10EBA000012024F0BAFA7D4B1860002208210120D0
:10EBB00024F0B3FA7A4B186000220921012024F0D6
:10EBC000ACFA784B186000220421012024F0A5FA49
:10EBD000754B186000220821012024F09EFA734B27
:10EBE000186000220221012024F097FA704B18606F
:10EBF00000220121084624F090FA6E4B1860002292
:10EC00000221012024F089FA6B4B186000220C21AC
:10EC1000052024F082FA694B1860002201211E2091
:10EC200024F07BFA664B1860002201211E2024F09C
:10EC300074FA644B186000220121084624F06DFA32
:10EC4000614B1860002228211E2024F066FA5F4BD9
:10EC5000186000224821052024F05FFA5C4B186000
:10EC600000220121084624F058FA5A4B186000226D
:10EC70000121084624F051FA574B18600022042164
:10EC80000C2024F04AFA554B186000220121084656
:10EC900024F043FA524B186000220121084624F068
:10ECA0003CFA504B186000220121084624F035FA46
:10ECB0004D4B186000220121084624F02EFA4B4BE0
:10ECC000186000220121084624F027FA484B1860FA
:10ECD00000220121084624F020FA464B1860002249
:10ECE0000121084624F019FA434B18600022042140
:10ECF000012024F012FA414B186000220221012069
:10ED000024F00BFA3E4B186000220A21012024F067
:10ED100004FA3C4B186000220C21012024F0FDF97C
:10ED200072E000BF10000020D8000020D099012020
:10ED3000CC9901202099012024990120B899012023
:10ED4000F0980120609A0120449A0120549A0120F1
:10ED5000349A0120689A01206C9A0120709A01204F
:10ED6000749A0120789A01207C9A0120809A0120CF
:10ED7000849A0120889A01208C9A0120909A01207F
:10ED8000949A0120C89A0120989A01209C9A012007
:10ED9000A09A0120A49A0120A89A0120AC9A0120EF
:10EDA000B09A0120B49A0120B89A0120BC9A01209F
:10EDB000C09A0120C49A0120CC9A0120F499012024
:10EDC0009C990120089A0120009A0120A499012011
:10EDD0006C990120F4980120F89801206499012091
:10EDE000FC98012000990120049A01202C9A01200E
:10EDF000D89901207499012080990120F09901206F
:10EE0000389901205C990120BE4B1860002208212E
:10EE1000012024F082F9BC4B186000220821012057
:10EE200024F07BF9B94B186000224421042024F01F
:10EE300074F9B74B186000224021012024F06DF9CD
:10EE4000B44B186000220821012024F066F9B24B6F
:10EE5000186000220121084624F05FF9AF4B1860CA
:10EE600000220821012024F058F9AD4B186000223F
:10EE70000121084624F051F9AA4B186000220C2108
:10EE80000A2024F04AF9A84B186000220C21142013
:10EE900024F043F9A54B186000220221084624F013
:10EEA0003CF9A34B1860A34CA34B009300231A46D4
:10EEB00042F2107104F50D7024F076FA9F4B186041
:10EEC0009F4B009300231A4642F2107104F5117013
:10EED00024F06AFA9B4B18609B4B009300231A4660
:10EEE00042F2107104F5147024F05EFA974B18602A
:10EEF000974B009300231A4642F2107104F51770E5
:10EF000024F052FA934B1860934B009300231A4657
:10EF100044F6206104F51A7024F046FA8F4B18600D
:10EF20008F4B009300231A464FF47A7104F51D703D
:10EF300024F03AFA8B4B18608B4B009300231A464F
:10EF40004FF4FA6104F5217024F02EFA874B186013
:10EF5000874B009300231A4644F6206104F526707F
:10EF600024F022FA834B1860834B009300231A4647
:10EF70004FF4FA7104F52B7024F016FA7F4B1860E9
:10EF80007F4B009300231A464EF6602104F52F7044
:10EF900024F00AFA7B4B18607B4B009300231A463F
:10EFA0004EF6602104F5347024F0FEF9774B1860BA
:10EFB000774B009300230122322104F5397024F0AD
:10EFC000F3F9744B1860744B009300230122C8219D
:10EFD00004F53D7024F0E8F9704B1860704B009315
:10EFE000002301224FF4FA7104F5417024F0DCF99A
:10EFF0006C4B18606C4B0093002301224FF47A7124
:10F0000004F5457024F0D0F9684B1860684B009304
:10F01000002301224EF6602104F5497024F0C4F962
:10F02000644B1860644B0093002301224EF660216C
:10F0300004F54C7024F0B8F9604B1860604B0093F5
:10F04000002301224EF6602104F54F7024F0ACF944
:10F050005C4B18605C4B009300231A464EF660210F
:10F0600004F5537024F0A0F9584B1860584B0093E6
:10F0700000231A464EF6602104F5567024F094F9E8
:10F08000544B1860544B009300231A464EF66021EF
:10F0900004F5597024F088F9504B1860504B0093D8
:10F0A00000231A4649F6404104F55C7024F07CF9CF
:10F0B0004C4B18604C4B009300231A4649F64041D4
:10F0C00004F55F7024F070F9484B1860484B0093CA
:10F0D00000231A4649F6404104F5627024F064F9B1
:10F0E000444B1860444B009300231A46192104F541
:10F0F000657024F059F9414B1860414B009300238F
:10F100001A467FE0349901203C9901204099012062
:10F110004C990120309901205899012054990120DF
:10F120004899012044990120FC990120EC99012083
:10F1300050990120584D0100F5490300D89A01204B
:10F14000E9620300509B012041530300549B0120BE
:10F1500011630300589B01206D5303005C9B012049
:10F16000996603006C9B0120C9210300309B01209C
:10F17000550F0300289B0120F96103002C9B0120FF
:10F18000493903009099012089390300949901209D
:10F19000057803005C9A012015780300409A01204D
:10F1A00025780300509A0120BD2E0300309A0120DB
:10F1B0000D6B03003C9B01202D6B0300409B012045
:10F1C00069210300D49A01203D720300D09A0120E6
:10F1D00055720300FC9A01206D720300009B012010
:10F1E000652B0300689B0120D17B03001C9B012041
:10F1F00099530300389B0120DD7B0300989901207F
:10F20000E97B0300C82104F5687024F0CDF8BD4BFC
:10F210001860BD4B009300231A464FF4FA6104F5C1
:10F220006C7024F0C1F8B94B1860B94B00930023FF
:10F230001A464FF4FA6104F5707024F0B5F8B54B36
:10F240001860B54B01930125009500234FF400721F
:10F2500004F57471B1481CF089FDB14B0193009520
:10F260000023802204F57971AE481CF07FFDAE4B7F
:10F27000019300950023802204F57D71AB481CF0BA
:10F2800075FDAB4B019300950023802204F581614D
:10F29000A8481CF06BFDA84B019300950023802229
:10F2A00004F21C41A5481CF061FDA54B019300959B
:10F2B00000234FF4007204F58661A2481CF056FD4D
:10F2C000A14B01930226009600234FF4806204F5BF
:10F2D00089619E481CF04AFD9D4B019300960023D6
:10F2E0004FF4806204F58C619A481CF03FFD9A4B04
:10F2F0000193009500234FF4807204F58F619748C5
:10F300001CF034FD964B019300950023802204F2FB
:10F310008C4194481CF02AFD934B019300950023E7
:10F320004FF4807204F2A44190481CF01FFD904BF2
:10F33000019300950023802204F2B4418D481CF013
:10F3400015FD8D4B0193009500234FF4007204F5D9
:10F3500099618A481CF00AFD894B019300950023AE
:10F360004FF4007204F59C6186481CF0FFFC864B4C
:10F370000193009500234FF4007204F59F618348C8
:10F380001CF0F4FC824B0193009500234FF4807233
:10F3900004F20C517F481CF0E9FCDFF868A2CDF8BC
:10F3A00004A02E46009500234FF4007204F5A461DA
:10F3B00079481CF0DBFCDFF85092CDF80490009502
:10F3C00000234FF4007204F2345174481CF0CEFC58
:10F3D000DFF838B2CDF804B0009500234FF4807206
:10F3E00004F5A9616E481CF0C1FC6E4B0193022725
:10F3F00000970023802204F5AC616B481CF0B6FC3A
:10F400006A4B019300950023802204F274516848EE
:10F410001CF0ACFCDFF8F881CDF8048000970023E5
:10F420004FF4807204F5B16162481CF09FFC624B9E
:10F43000019300950023802204F5B4615F481CF01D
:10F4400095FC5F4B0193002500952B46802204F527
:10F45000B7615C481CF08AFC5B4B019300962B461D
:10F46000802204F2CC5159481CF080FC584A019289
:10F4700000972B46802204F2DC5156481CF076FCA3
:10F480005549019100972B46802204F2F4515348CC
:10F490001CF06CFC5248019000962B464FF4006221
:10F4A00004F20C614F481CF061FC4F4F019703239D
:10F4B00000932B464FF4006204F224614B481CF089
:10F4C00055FC4B4F0197042300932B464FF42062C9
:10F4D00004F23C6147481CF049FC04F5CB67464AFE
:10F4E000019200962B464FF48072394643481CF037
:10F4F0003DFC4349019100962B464FF480723946FA
:10F5000088E000BF0C9B012035780300649B01203C
:10F51000C57B0300089B0120049B012051270100AB
:10F52000649A0120DDA30200489A012081B4020000
:10F53000589A0120E55E0100389A012075AF02005B
:10F54000F8990120D95301003C9A0120153C000094
:10F550004C9A0120892200002C990120BD9B0200B9
:10F56000109A01205D020300E4980120C9400200C6
:10F57000149A0120D1AC0200189A0120DD59010033
:10F58000AC99012051ED0200D49901200130010015
:10F590000C9A01204DCE020021110100791C0100BE
:10F5A000CD370100A899012041320300A099012024
:10F5B00079970200F19F02001C990120D1F7000009
:10F5C000C0990120A5080300BC99012005B20200E2
:10F5D0007899012045FA0200849901200DFB020070
:10F5E00068990120953F010070990120A105010053
:10F5F000049901207D460100E098012079D30200A2
:10F600000899012028990120DC9A0120809B012083
:10F61000189901204E481CF0A9FB4E480190009615
:10F620002B464FF4807239464B481CF09FFB4B4FE2
:10F63000019700962B464FF4807204F5CE6148483E
:10F640001CF094FB2946474828F0AEF90A214648A9
:10F6500023F0FAFF2946454828F0CAF931464448C4
:10F6600024F012F8DBF8000020F054F8414B186841
:10F6700020F050F8404B186820F04CF83F4B1868C9
:10F6800020F048F83E4B186820F044F83D4B1868CD
:10F6900020F040F83C4B186820F03CF83B4B1868D1
:10F6A00020F038F83A4B186820F034F8394B1868D5
:10F6B00020F030F8384B186820F02CF8374B1868D9
:10F6C00020F028F8364B186820F024F8354B1868DD
:10F6D00020F020F8344B186820F01CF8DAF800000D
:10F6E00020F018F8D9F8000020F014F8D8F800003D
:10F6F00020F010F82D4B186820F00CF82C4B1868EF
:10F7000020F008F82B4A106820F004F82A4908680D
:10F7100020F000F8294800681FF0FCFF284B18680B
:10F720001FF0F8FF274B18681FF0F4FF264A1068F7
:10F730001FF0F0FF254908681FF0ECFF054800683E
:10F740001FF0E8FF38681FF0E5FF21F033FBFEE70C
:10F750006DF502000C99012041F60200609901202C
:10F76000DD0F0300A16C0300149701206510030056
:10F77000B89B0120649A0120489A0120589A0120E0
:10F78000389A0120F89901203C9A01204C9A0120D6
:10F790002C990120109A0120E4980120149A01204C
:10F7A000AC990120D49901200C9A0120189A0120CB
:10F7B000BC99012078990120849901206899012041
:10F7C0007099012004990120E098012008990120F6
:10F7D0002DE9F04F87B0A14C00230193A04FA14B1E
:10F7E00003F13C050123009300F0B9BE9E4B1A685B
:10F7F0009C490A601B68BBB19C4B1B784BB12268CB
:10F80000994B53F82230E3B9984B4FF000021A702D
:10F8100017E0964B4FF001021A70934B1B68338030
:10F820004FF47A6025F0CCF822688F4B53F82230E1
:10F830003BB98E4B1B7823B1E6E78D4B1B78012B30
:10F840005ED03388ADF80C30B8F80030ADF80E302B
:10F85000B9F80030ADF81030BAF80030ADF8123019
:10F860003B88ADF81430BBF80030ADF816300223F9
:10F87000002203A97F4800681FF03EF82368013387
:10F8800023601F2B00F39C851A2BDAD801A252F8B3
:10F8900023F000BFEDF700003BF8000043F8000044
:10F8A00059F90000B3F9000043F80000B9FA00006C
:10F8B0001DFB000077FB0000D1FB00002BFC0000CB
:10F8C00085FC0000F1FC000043F8000043F8000054
:10F8D00057FD00004BFE000043F8000043F8000015
:10F8E00035FF000027000100F7000100C7010100FB
:10F8F00043F800003902010009030100650301001B
:10F90000594B5A6857494A605B68C3B1574B5B789B
:10F9100053B12268544B53F82230002B91D1534BF2
:10F920004FF000025A708CE7504B4FF001025A70B2
:10F930004D4B5B6833804FF47A6025F041F82268C4
:10F94000494B53F82230002B7FF47BAF474B5B7859
:10F95000002B3FF476AFE2E7434BDA684149CA60D7
:10F96000DB68CBB1414BDB785BB122683E4B53F88F
:10F970002230002B7FF465AF3C4B4FF00002DA7071
:10F980005FE73A4B4FF00102DA70374BDB683380A8
:10F990004FF47A6025F014F82268334B53F8223084
:10F9A000002B7FF44EAF314BDB78002B3FF449AF97
:10F9B000E2E72D4BD3F88430012B20D02A4BD3F82B
:10F9C0008430022B7FF43DAF2368274A52F823008E
:10F9D0002949086052F82320002A5FD0234A92F870
:10F9E0002D20002A4CD0204A52F82330002B7FF4DF
:10F9F00028AF1E4B4FF0000283F82D2021E71A4B51
:10FA000019691E4A11601B69E3B1184B93F82C3039
:10FA10005BB12268144B53F82230002BCED1134B2C
:10FA20004FF0000283F82C20C8E7104B4FF0010282
:10FA300083F82C200C4B1B69A8F800304FF47A6037
:10FA400024F0BEFF2268084B53F82230002BB5D1BA
:10FA5000064B93F82C30002BB0D0E0E7249B01201C
:10FA6000AA9B0120B8920120E08F0120F89201208A
:10FA70004A9D012034990120B094012088940120EE
:10FA8000974A4FF0010182F82D10964A52F8233020
:10FA9000A9F800304FF47A6024F092FF2268914B6D
:10FAA00053F82230002B7FF4CCAE8D4B93F82D30E1
:10FAB000002B3FF4C6AE9CE78B4B1B78012B7FF4E9
:10FAC000C0AE884B9A6989490A619B69CBB1844B66
:10FAD0009B795BB12268834B53F82230002B7FF473
:10FAE000B0AE7F4B4FF000029A71AAE67C4B4FF00C
:10FAF00001029A717B4B9B6933804FF47A6024F04A
:10FB00005FFF2268774B53F82230002B7FF499AEC9
:10FB1000734B9B79002B3FF494AEE2E7714BDA69AB
:10FB200072494A61DB69CBB16D4BDB795BB122680D
:10FB30006C4B53F82230002B7FF483AE684B4FF0B0
:10FB40000002DA717DE6664B4FF00102DA71654B17
:10FB5000DB6933804FF47A6024F032FF2268614B16
:10FB600053F82230002B7FF46CAE5D4BDB79002B19
:10FB70003FF467AEE2E75B4B1A6A5C498A611B6A35
:10FB8000CBB1574B1B7A5BB12268564B53F82230EE
:10FB9000002B7FF456AE524B4FF000021A7250E623
:10FBA0004F4B4FF001021A724E4B1B6A33804FF4D9
:10FBB0007A6024F005FF22684A4B53F82230002B6C
:10FBC0007FF43FAE464B1B7A002B3FF43AAEE2E7A0
:10FBD000444B5A6A4549CA615B6ACBB1404B5B7A78
:10FBE0005BB122683F4B53F82230002B7FF429AEE3
:10FBF0003B4B4FF000025A7223E63A4B5B6A33806C
:10FC0000374B4FF001025A724FF47A6024F0D8FE5D
:10FC10002268344B53F82230002B7FF412AE304B65
:10FC20005B7A002B3FF40DAEE2E72E4B9A6A2F4928
:10FC30000A629B6ACBB12A4B9B7A5BB12268294B43
:10FC400053F82230002B7FF4FCAD254B4FF000021F
:10FC50009A72F6E5224B4FF001029A72214B9B6A91
:10FC600033804FF47A6024F0ABFE22681D4B53F8CA
:10FC70002230002B7FF4E5AD194B9B7A002B3FF42B
:10FC8000E0ADE2E7174BDA6A18494A62DB6ACBB1AA
:10FC9000134BDB7A5BB12268124B53F82230002BF6
:10FCA0007FF4CFAD0E4B4FF00002DA72C9E50C4B7A
:10FCB0004FF00102DA720B4BDB6A33804FF47A604B
:10FCC00024F07EFE2268074B53F82230002B7FF48D
:10FCD000B8AD034BDB7A002B3FF4B3ADE2E700BFD6
:10FCE000F8920120E08F01204B9D0120B892012065
:10FCF000A34B1B78012B7FF4A4ADA24B1A6BA24936
:10FD00008A621B6BD3B1A14B1B7B5BB122689D4BFD
:10FD100053F82230002B7FF494AD9C4B4FF000023F
:10FD20001A738EE5994B4FF001021A73954B1B6BBA
:10FD3000AAF800304FF47A6024F042FE2268914B1A
:10FD400053F82230002B7FF47CAD904B1B7B002BB3
:10FD50003FF477ADE1E78E4B1B78012B25D08D4B1F
:10FD60001B78012B7FF46DAD864BD3F88830022BC6
:10FD70007FF467AD2368834A52F823008649886080
:10FD800052F82320002A52D0804A92F82F20002ACD
:10FD90003FD07C4A52F82330002B7FF452AD7B4B8E
:10FDA0004FF0000283F82F204BE5764BD3F88830D4
:10FDB000012BD4D1734BD96B784A9160DB6BE3B1E3
:10FDC000724B93F82E305BB122686E4B53F82230A1
:10FDD000002BC4D16D4B4FF0000283F82E20BEE7FC
:10FDE0006A4B4FF0010283F82E20664BDB6BA8F8BC
:10FDF00000304FF47A6024F0E3FD2268614B53F841
:10FE00002230002BABD1614B93F82E30002BA6D0C3
:10FE1000E0E75E4A4FF0010182F82F10594A52F88C
:10FE20002330A9F800304FF47A6024F0C9FD22682D
:10FE3000544B53F82230002B7FF403AD534B93F80F
:10FE40002F30002B3FF4FDACA9E7554B1B78012B5D
:10FE50007FF4F7AC4B4BD3F8A430012B20D0494BA7
:10FE6000D3F8A430022B7FF4ECAC2368454A52F857
:10FE700023004949C86052F82320002A4CD0434A45
:10FE800092F83120002A39D03E4A52F82330002B14
:10FE90007FF4D7AC3D4B4FF0000283F83120D0E423
:10FEA000384B196C3D4AD1601B6CDBB1374B93F872
:10FEB00030305BB12268334B53F82230002BCED167
:10FEC000324B4FF0000283F83020C8E72F4B4FF041
:10FED000010283F830202B4B1B6C3B804FF47A607F
:10FEE00024F06EFD2268274B53F82230002BB6D148
:10FEF000264B93F83030002BB1D0E1E7234A4FF086
:10FF0000010182F831101F4A52F82330ABF800305B
:10FF10004FF47A6024F054FD22681A4B53F82230D3
:10FF2000002B7FF48EAC194B93F83130002B3FF44B
:10FF300088ACAFE7134BD3F89030012B32D0114B84
:10FF4000D3F89030022B7FF47CAC23680D4A52F832
:10FF500023001149886152F82320002A55D00B4A0A
:10FF600092F83720002A47D0064A52F82330002B57
:10FF70007FF467AC054B4FF0000283F8372060E454
:10FF80003B9D0120E08F0120B8920120F8920120D2
:10FF90001A9D01201B9D0120B0940120889401200E
:10FFA0002A9D01209F4BD96C9F4A9161DB6CBBB1AC
:10FFB0009E4B93F836305BB122689A4B53F822304F
:10FFC000002BBCD1994B4FF0000283F83620B6E7E6
:10FFD000944BDB6CA8F800304FF47A6024F0F0FC0E
:10FFE0002268904B53F82230002BA8D18F4B93F806
:10FFF0003630002BA3D0E5E78A4A52F82330A9F81F
:020000040001F9
:1000000000304FF47A6024F0DBFC2268854B53F813
:100010002230002B7FF415AC844B93F83730002B43
:100020003FF40FACA6E77F4BD3F89430012B21D0DF
:100030007C4BD3F89430022B7FF403AC2368794ACD
:1000400052F823007A49C86152F82320002A44D08C
:10005000764A92F83920002A36D0724A52F8233074
:10006000002B7FF4EEAB714B4FF0000283F8392088
:10007000FFF7E7BB6B4B196D6B4AD1611B6DBBB1D1
:100080006A4B93F838305BB12268664B53F82230E4
:10009000002BCDD1654B4FF0000283F83820C7E725
:1000A000604B1B6DA8F800304FF47A6024F088FC98
:1000B00022685C4B53F82230002BB9D15B4B93F88C
:1000C0003830002BB4D0E5E7564A52F82330A9F86F
:1000D00000304FF47A6024F073FC2268514B53F8DF
:1000E0002230002B7FF4ADAB504B93F83930002B0E
:1000F0003FF4A7ABB7E74B4BD3F89830012B21D097
:10010000484BD3F89830022B7FF49BAB2368454AC9
:1001100052F823004649086252F82320002A44D0AE
:10012000424A92F83B20002A36D03E4A52F8233009
:10013000002B7FF486AB3D4B4FF0000283F83B2051
:10014000FFF77FBB374B596D374A11625B6DBBB10F
:10015000364B93F83A305BB12268324B53F8223079
:10016000002BCDD1314B4FF0000283F83A20C7E786
:100170002C4B5B6DA8F800304FF47A6024F020FC23
:100180002268284B53F82230002BB9D1274B93F823
:100190003A30002BB4D0E5E7224A52F82330A9F8D0
:1001A00000304FF47A6024F00BFC22681D4B53F8AA
:1001B0002230002B7FF445AB1C4B93F83B30002BD7
:1001C0003FF43FABB7E7174B9A6D1A490A639B6D33
:1001D000DBB1164B9B7D63B12268124B53F8223082
:1001E000002B7FF42EAB114B4FF000029A75FFF7F6
:1001F00028BB0E4B4FF001029A750A4B9B6DAAF873
:1002000000304FF47A6024F0DBFB2268054B53F892
:100210002230002B7FF415AB044B9B7D002B3FF469
:1002200010ABE0E7E08F012088940120F8920120D4
:10023000B0940120B8920120A04BD3F88C30012B50
:1002400021D09E4BD3F88C30022B7FF4FAAA23687E
:100250009A4A52F823009A49486252F82320002A09
:1002600044D0984A92F83D20002A36D0934A52F85A
:100270002330002B7FF4E5AA924B4FF0000283F865
:100280003D20FFF7DEBA8D4B196E8F4A51621B6E0F
:10029000BBB18C4B93F83C305BB12268874B53F871
:1002A0002230002BCDD1874B4FF0000283F83C2049
:1002B000C7E7824B1B6EA8F800304FF47A6024F039
:1002C0007FFB22687D4B53F82230002BB9D17D4B48
:1002D00093F83C30002BB4D0E5E7784A52F823304D
:1002E000A9F800304FF47A6024F06AFB2268734B5F
:1002F00053F82230002B7FF4A4AA724B93F83D30C0
:10030000002B3FF49EAAB7E76C4B5A6E6F494A63C5
:100310005B6ED3B16B4B5B7E63B12268674B53F866
:100320002230002B7FF48DAA664B4FF000025A76E4
:10033000FFF787BA634B4FF001025A765F4B5B6E53
:1003400033804FF47A6024F03BFB22685B4B53F818
:100350002230002B7FF475AA5A4B5B7E002B3FF4B2
:1003600070AAE1E7554B9A6E58498A639B6ED3B1E8
:10037000544B9B7E63B12268504B53F82230002BC4
:100380007FF45FAA4F4B4FF000029A76FFF759BAFD
:100390004C4B4FF001029A76484B9B6E33804FF4E2
:1003A0007A6024F00DFB2268444B53F82230002B76
:1003B0007FF447AA434B9B7E002B3FF442AAE1E720
:1003C000434B1A78414B043B002001E0AB4207D07D
:1003D00053F8041F0029F9D00132D2B20098F5E792
:1003E00008B13B4B1A703A4B1B7853B1384B4FF066
:1003F00000021A70374B1A78334B03F1280000269D
:1004000022E0354B4FF000021A80344B1A80ADF8D1
:100410000C20334B1B88ADF80E30324B1B88ADF8E7
:100420001030ADF812203B88ADF814302E4B1B88ED
:10043000ADF816300223019A03A92C4800681EF07B
:100440005BFAD7E7984207D053F8041B0029F9D08C
:100450000132D2B2009EF5E70EB11E4B1A701D4B51
:100460001B7853B11B4B4FF000021A70204B1A78C7
:10047000134B03F1280000263EE0194B4FF0000219
:100480001A803A80144B1B88ADF80C30ADF80E2062
:10049000144B1B88ADF81030104B1B88ADF8123090
:1004A000ADF81420104B1B88ADF816300223019ACA
:1004B00003A90E4800681EF01FFAD7E7E08F01205D
:1004C000B0940120F892012088940120B892012074
:1004D000FA9B0120FB9B012072920120769801205B
:1004E000369301206A930120AE9B012034990120AC
:1004F000FC9B0120834207D053F8041B0029F9D04C
:100500000132D2B2009EF5E70EB11E4B1A701D4BA0
:100510001B78002B30D11C4B4FF000021A801B4B74
:100520001A801B4B1B88ADF80C301A4B1B88ADF89A
:100530000E30ADF81020184B1B88ADF812303B88F8
:10054000ADF81430ADF816200223019A03A9134820
:1005500000681EF0D1F94FF47A7024F031FA019B53
:1005600023600B4EDFF82090DFF82880DFF828A00A
:10057000DFF818B0FFF788B9024B4FF000021A708D
:10058000E9E700BFFC9B01206A930120AE9B01209C
:10059000729201203693012076980120349901202F
:1005A00080B5ADF6482D4FF40074224600210DF5BC
:1005B000006027F04FF9224600210DF5C06027F0BA
:1005C00049F9224600210DF5806027F043F92246C3
:1005D00000210DEB040027F03DF92246002168467A
:1005E00027F038F9AD4EAE4FDFF8C88200F0C1BC3D
:1005F0004FF400724FF400210DF5006026F0CEFF9D
:1006000026F0AAFE0028FBD19DF8013A552B00F2F6
:10061000BD84DFE813F09200AA00C100BB04E20031
:1006200012015101BD018701A2016C018A03D801A9
:10063000F3010E022902BB04BB04A103440287029A
:10064000A702C702E202BB0417032E0345035C03A3
:100650007303CF03EA03B803050420043B045204E8
:1006600069048404BB04BB04BB04BB04BB04BB041B
:10067000BB04BB04BB04BB04BB04BB04BB04BB0482
:10068000BB04BB04BB04BB04BB04BB04BB04BB0472
:10069000BB04BB04BB04BB04BB04BB04BB04BB0462
:1006A000BB04BB04BB04BB04BB04BB04BB04BB0452
:1006B0005600BB04BB04BB04BB04BB04BB04BB04AB
:1006C00074000DF634140DF628250FCD0FC495E8EF
:1006D0000F0084E80F004FF4002026F08DFA26F07A
:1006E0003BFE0028FBD14FF400210DF5006022F005
:1006F0008BFF26F031FE0028FBD100F047BC0DF641
:1007000054140DF628250FCD0FC495E80F0084E88A
:100710000F004FF4002026F06FFA26F01DFE00288F
:10072000FBD14FF400210DF5006022F06DFF26F0A3
:1007300013FE0028FBD100F029BCDDF8043ACDF807
:1007400000384FF4002026F057FA26F005FE002866
:10075000FBD14FF400210DF5006022F055FF26F08B
:10076000FBFD0028FBD100F011BCDDF8043ACDF808
:1007700004384FF4002026F03FFA26F0EDFD002863
:10078000FBD14FF400210DF5006022F03DFF26F073
:10079000E3FD0028FBD1F9E3DDF8043ACDF8083891
:1007A0004FF4002026F028FA26F0D6FD0028FBD1D1
:1007B0004FF400210DF5006022F026FF26F0CCFD5D
:1007C0000028FBD1DDF8083803EB830303EB830338
:1007D000980080B224F0A6FED8E3DDF8043ACDF804
:1007E00010384FF4002026F007FA26F0B5FD002857
:1007F000FBD14FF400210DF5006022F005FF26F03B
:10080000ABFD0028FBD19DF81038264A137063B168
:10081000244B1B78012B40F0B983234B186820F040
:100820003BFA012024F0CEFDB0E31F4B18681EF008
:1008300071FF002024F0C6FDEAE7DDF8043ACDF8A8
:1008400014384FF4002026F0D7F926F085FD002853
:10085000FBD14FF400210DF5006022F0D5FE26F00B
:100860007BFD0028FBD19DF81438104A137063B14A
:100870000E4B1B78012B40F089830D4B186820F03C
:100880000BFA012022F0A4F880E3094B18681EF04F
:1008900041FF002022F09CF8EAE700BF6C9901209C
:1008A000E0210800969D01203C9A0120979D01209F
:1008B0004C9A0120D34D6210DDF8043ACDF8183877
:1008C0004FF4002026F098F926F046FD0028FBD1D1
:1008D0004FF400210DF5006022F096FE26F03CFD5D
:1008E0000028FBD1DDF81828C74B1A704EE3DDF85D
:1008F000043ACDF828384FF4002026F07DF926F090
:100900002BFD0028FBD14FF400210DF5006022F0F3
:100910007BFE26F021FD0028FBD1DDF82828BB4B0B
:100920001A7033E3DDF8043ACDF820384FF4002094
:1009300026F062F926F010FD0028FBD14FF40021CB
:100940000DF5006022F060FE26F006FD0028FBD1C8
:10095000DDF82028AE4B1A8018E3DDF8043ACDF814
:1009600020384FF4002026F047F926F0F5FC002847
:10097000FBD14FF400210DF5006022F045FE26F07A
:10098000EBFC0028FBD1DDF82428A24B1A80FDE205
:10099000DDF8043ACDF81C384FF4002026F02CF98D
:1009A00026F0DAFC0028FBD14FF400210DF50060A1
:1009B00022F02AFE26F0D0FC0028FBD1DDF81C280E
:1009C000954B1A70E2E2DDF8043ACDF830384FF476
:1009D000002026F011F926F0BFFC0028FBD14FF4CF
:1009E00000210DF5006022F00FFE26F0B5FC002876
:1009F000FBD1DDF83028894B1A70C7E2DDF8043AE4
:100A0000CDF834384FF4002026F0F6F826F0A4FC98
:100A10000028FBD14FF400210DF5006022F0F4FD19
:100A200026F09AFC0028FBD1DDF834287C4B1A70A4
:100A3000ACE2DDF8043ACDF838384FF4002026F067
:100A4000DBF826F089FC0028FBD14FF400210DF5DE
:100A5000006022F0D9FD26F07FFC0028FBD1DDF8F4
:100A60003828704B1A7091E2DDF8043ACDF83C3822
:100A70004FF4002026F0C0F826F06EFC0028FBD1D1
:100A80004FF400210DF5006022F0BEFD26F064FC5D
:100A90000028FBD1DDF83C28634B1A7076E2DDF8C4
:100AA000043ACDF84C38614B93ED007AD3ED007ADF
:100AB0005F4B19785F4B1B78BCEEC77A17EE102A94
:100AC000A8FB0202920943EA012343EA0263FCEE17
:100AD000E77A17EE902AA8FB0212920943EA024332
:100AE000CDF800384FF4002026F086F826F034FCCC
:100AF0000028FBD14FF400210DF5006022F084FDA9
:100B000026F02AFC0028FBD1DDF84C284FF47A733C
:100B100003FB02F307EE903AF8EE677A434BC3ED1E
:100B2000007A33E2DDF8043ACDF850384FF4002073
:100B300026F062F826F010FC0028FBD14FF40021CB
:100B40000DF5006022F060FD26F006FC0028FBD1C8
:100B5000DDF8503807EE903AF8EE677A364BC3ED81
:100B6000007A13E2DDF8043ACDF854384FF400204F
:100B700026F042F826F0F0FB0028FBD14FF40021CC
:100B80000DF5006022F040FD26F0E6FB0028FBD1C9
:100B9000DDF8543807EE903AF8EE677A274BC3ED4C
:100BA000007AF3E1DDF8043ACDF858384FF400202C
:100BB00026F022F826F0D0FB0028FBD14FF40021CC
:100BC0000DF5006022F020FD26F0C6FB0028FBD1C9
:100BD000DDF858281A4B1A70D8E1DDF8043ACDF840
:100BE0005C384FF4002026F007F826F0B5FB00280B
:100BF000FBD14FF400210DF5006022F005FD26F039
:100C0000ABFB0028FBD1C1E18B9D01202B9D012076
:100C10006A9C01208A9C01207F9D0120EB9C012081
:100C20000B9D0120EA9C01200A9D0120F89D0120D6
:100C3000E19B0120E09B0120E49D0120E89D012033
:100C40003A9D0120DDF8043ACDF864384FF40020D5
:100C500025F0D2FF26F080FB0028FBD14FF40021C5
:100C60000DF5006022F0D0FC26F076FB0028FBD1C9
:100C70008CE1DDF8043ACDF868384FF4002025F017
:100C8000BBFF26F069FB0028FBD14FF400210DF5D6
:100C9000006022F0B9FC26F05FFB0028FBD175E173
:100CA000DDF8043ACDF86C384FF4002025F0A4FFAD
:100CB00026F052FB0028FBD14FF400210DF5006017
:100CC00022F0A2FC26F048FB0028FBD15EE1DDF813
:100CD000043ACDF870384FF4002025F08DFF26F04F
:100CE0003BFB0028FBD14FF400210DF5006022F002
:100CF0008BFC26F031FB0028FBD147E1DDF8043AFC
:100D0000CDF874384FF4002025F076FF26F024FB50
:100D10000028FBD14FF400210DF5006022F074FC97
:100D200026F01AFB0028FBD130E1DDF8043ACDF8BB
:100D30002C384FF4002025F05FFF26F00DFB002833
:100D4000FBD14FF400210DF5006022F05DFC26F090
:100D500003FB0028FBD119E1DDF8043ACDF848384F
:100D60004FF4002025F048FF26F0F6FA0028FBD1CA
:100D70004FF400210DF5006022F046FC26F0ECFA5D
:100D80000028FBD102E1DDF8043ACDF880384FF4B9
:100D9000002025F031FF26F0DFFA0028FBD14FF4C8
:100DA00000210DF5006022F02FFC26F0D5FA002876
:100DB000FBD1EBE0DDF8043ACDF878384FF40020B1
:100DC00025F01AFF26F0C8FA0028FBD14FF40021C5
:100DD0000DF5006022F018FC26F0BEFA0028FBD1C9
:100DE000DDF87828C24B1A70D0E0DDF8043ACDF86F
:100DF0007C384FF4002025F0FFFE26F0ADFA0028E5
:100E0000FBD14FF400210DF5006022F0FDFB26F030
:100E1000A3FA0028FBD1DDF87C28B64B1A70B5E0A8
:100E2000DDF8043ACDF884384FF4002025F0E4FED4
:100E300026F092FA0028FBD14FF400210DF5006056
:100E400022F0E2FB26F088FA0028FBD1DDF88428A6
:100E5000A94B1A709AE0DDF8043ACDF888384FF4BF
:100E6000002025F0C9FE26F077FA0028FBD14FF4C8
:100E700000210DF5006022F0C7FB26F06DFA002876
:100E8000FBD1DDF888289D4B1A707FE0DDF8043A2D
:100E9000CDF88C384FF4002025F0AEFE26F05CFA39
:100EA0000028FBD14FF400210DF5006022F0ACFBCF
:100EB00026F052FA0028FBD168E0DDF8043ACDF8BC
:100EC00090384FF4002025F097FE26F045FA0028D0
:100ED000FBD14FF400210DF5006022F095FB26F0C8
:100EE0003BFA0028FBD151E0DDF8043ACDF8943804
:100EF0004FF4002025F080FE26F02EFA0028FBD1CA
:100F00004FF400210DF5006022F07EFB26F024FA5C
:100F10000028FBD1DDF89428794B1A7036E0DDF813
:100F2000043ACDF898384FF4002025F065FE26F0FD
:100F300013FA0028FBD14FF400210DF5006022F0D8
:100F400063FB26F009FA0028FBD1DDF898286D4BE9
:100F50001A701BE06C49684622F056FB26F0FCF93B
:100F60000028FBD1694B18681EF0D4FB012023F048
:100F700027FD00220DF5206130681DF0DBFD002803
:100F8000F0D09DF8003A012B3FF432AB9DF8003AC7
:100F9000022BE7D14FF40074224600210DF5C0600A
:100FA00026F058FC224600210DF5806026F052FC08
:100FB000224600210DEB040026F04CFC22460021C5
:100FC000684626F047FC4FF4F0724FF402210DF50D
:100FD000C46026F0E3FA26F0BFF90028FBD10DF536
:100FE00080643D460FCD0FC495E80F0084E80F00E4
:100FF00026F0B2F90028FBD14FF4F07244490DF508
:10100000846026F0CBFA26F0A7F90028FBD180AC4B
:10101000404D0FCD0FC495E80F0084E80F0026F077
:101020009BF90028FBD14FF4F0723B4988A826F0C9
:10103000B5FA26F091F90028FBD16C46374D0FCD5B
:101040000FC495E80F0084E80F0026F085F900280A
:10105000FBD14FF4D8722C4908A826F09FFA26F04D
:101060007BF90028FBD1DDF8083ACDF80036DDF831
:101070000C3ACDF80436DDF8143ACDF80836DDF830
:10108000103ACDF80C36DDF8183ACDF81036DDF808
:10109000243ACDF81436DDF81C3ACDF81836DDF8D0
:1010A000203ACDF81C364FF4022025F0A5FD26F09D
:1010B00053F90028FBD14FF402210DF5C06022F056
:1010C000A3FA26F049F90028FBD111490DF58060FB
:1010D00022F09AFA26F040F90028FBD10E4980A8A8
:1010E00022F092FA26F038F90028FBD132E700BF4F
:1010F0001A9D01201B9D01204B9D01204A9D01202E
:101100002A9D01203B9D01200026080070990120A6
:1011100000220800E023080000240800E025080061
:101120002DE9F04F2DED028BEDB04A22002159A898
:1011300026F090FB5022002105A826F08BFB4FF0F3
:101140000008C146D84FD94EDFF888B30BF5D273EB
:101150000393DFF884A39FEDD68AF3E2D54B1C6896
:1011600026F006FDC82300930023024601212046F5
:1011700022F06AFBF7E223ADDDF88F01DDF8931171
:10118000DDF89721DDF89B310FC5DDF89F01DDF813
:10119000A311DDF8A72107C5BDF8AB312B800123D2
:1011A0008DF81C3155238DF81D319DF88C209DF84C
:1011B0008D301B0443EA02639DF88F2013439DF892
:1011C0008E2043EA022351939DF890209DF89130A0
:1011D0001B0443EA02639DF8932013439DF8922079
:1011E00043EA022352939DF894209DF895301B0406
:1011F00043EA02639DF8972013439DF8962043EA43
:10120000022353939DF898209DF899301B0443EADC
:1012100002639DF89B2013439DF89A2043EA022322
:1012200054939DF89C209DF89D301B0443EA026373
:101230009DF89F2013439DF89E2043EA0223559377
:101240009DF8A0209DF8A1301B0443EA02639DF89D
:10125000A32013439DF8A22043EA022356939DF84E
:10126000A4209DF8A5301B0443EA02639DF8A72043
:1012700013439DF8A62043EA022357939DF8A82024
:101280009DF8A9100B0443EA02630B4343EA0223CF
:1012900058930023642247A9874800681DF02CFB5F
:1012A000864B18681FF0F8FC23A820F0EDFF8FE2B2
:1012B0001BADDDF88F01DDF89311DDF89721DDF826
:1012C0009B310FC5DDF89F01DDF8A311DDF8A721E3
:1012D00007C5BDF8AB312B8001238DF81C314D23A0
:1012E0008DF81D319DF86C209DF86D301B0443EA8C
:1012F00002639DF86F2013439DF86E2043EA02239A
:1013000051939DF870209DF871301B0443EA0263ED
:101310009DF8732013439DF8722043EA02235293F1
:101320009DF874209DF875301B0443EA02639DF814
:10133000772013439DF8762043EA022353939DF8C8
:1013400078209DF879301B0443EA02639DF87B20E6
:1013500013439DF87A2043EA022354939DF87C209E
:101360009DF87D301B0443EA02639DF87F20134300
:101370009DF87E2043EA022355939DF880209DF836
:1013800081301B0443EA02639DF8832013439DF8D8
:10139000822043EA022356939DF884209DF88530ED
:1013A0001B0443EA02639DF8872013439DF88620BF
:1013B00043EA022357939DF888209DF889100B0477
:1013C00043EA02630B4343EA022358930023642257
:1013D00047A9394800681DF08FFA384B18681FF08C
:1013E0005BFC1BA820F080FFF2E125F043F95B07CE
:1013F000334A1A605A609A60DA6025F03BF99DF82A
:101400008531012B29D0022B40F01A820DF1AC0C52
:101410000BF1A40EBEE80F00ACE80F009EE8070039
:10142000ACE80300ACF8002064212BA820F074F98C
:1014300026F070F90028FBD0224B02221A700122FC
:101440005A7000229A70022D1F4B0CBF01220222FB
:101450001A700D2020F0CAFCF2E10DF1AC0C0BF17A
:10146000880EBEE80F00ACE80F009EE80700ACE86D
:101470000300ACF8002064212BA820F04DF926F0E1
:1014800049F90028FBD0114B01221A705A70002232
:101490009A70022D0E4B0CBF012202221A700420FA
:1014A00020F0A4FCCCE100BF24990120019C012084
:1014B00000606A470C9B01206C9901207099012003
:1014C0004D434850C49B0120E79B0120C89B01204D
:1014D000E69B0120584D0100D34D62105C4B1A6809
:1014E0000BF1C0012BA825F02BFC64212BA820F0C8
:1014F00013F926F00FF90028FBD0564B01221A7081
:10150000002159709A70022D05D0012D06D1524B41
:1015100002221A70A2E1504B1A709FE1032D40F095
:101520009D814D4B03221A704C4B16221A700620D7
:1015300020F05CFC92E14A4B1A680BF1E4012BA805
:1015400025F0FEFB64212BA820F0E6F826F0E2F857
:101550000028FBD0434B02221A7000225A7001224D
:101560009A70022D05D0012D06D13B4B02221A7034
:1015700074E1394B1A7071E1032D40F06F81364BE5
:1015800003221A70384B16221A700F2020F02EFCFE
:1015900064E1032023F042FF344B188823F060FD00
:1015A000A04667E1022023F039FF304B188823F072
:1015B00057FDA04664E1012023F030FF2B4B188833
:1015C00023F04EFDA04661E1002023F027FF274BCA
:1015D000188823F045FD4FF000085DE100241994C0
:1015E0001A940223224619A9214800681DF084F9A3
:1015F000204B1C6059E1002023F03CFFA1465CE138
:10160000012023F037FFA14657E1002024F094FE8B
:1016100000228DF81421022345A9174800681DF007
:101620006BF952E1012024F087FE01238DF814317B
:101630000223002245A9104800681DF05DF944E12D
:10164000002023F0D5FE48E1012023F0D1FE44E143
:10165000E8980120C89B0120E89B0120AD9B012058
:10166000EC980120C49B0120B19B0120749B0120B8
:1016700058990120DC990120B89901200023A34A40
:101680001370A34A13709DF88A414FF47A7303FBD9
:1016900004F307EE903AF8EEE77A9E4BC3ED007A3A
:1016A0000CB983ED008A64252A4600212BA826F078
:1016B000D1F8994B1A8823460BF584712BA825F095
:1016C0003FFB29462BA820F027F826F023F8002816
:1016D000FBD001238DF81C3100238DF81D318D4A7C
:1016E00092ED007AD2ED007A894A1078874A127812
:1016F000BCEEC77A17EE101AAAFB0141890942EA2B
:10170000002242EA0162FCEEE77A17EE901AAAFB89
:101710000101890942EA01424892642247A97F48AF
:1017200000681DF0E9F87E4B18681FF0B5FA9DF8C7
:101730008C31012B00F04082022B00F064820120EA
:1017400023F03EF9002244A938681DF0F3F950B1A6
:1017500033789DF8101105AAD1540133DBB23370F0
:10176000012B3FF4FBAC6F4B1C78012CE7D16E4D85
:101770000A23009300231A460321286822F064F804
:10178000002024F063F92D6826F0F2F949F6404371
:101790000093002302460121284622F055F8002339
:1017A0003370604A13704A2205A959A825F0F6FE45
:1017B000599BB3F1AA3FC2D19DF8AD31BB2BBED12D
:1017C0009DF88E31012B3FF4D6AC022B3FF470AD67
:1017D0009DF88831012B3FF408AE9DF88931012B2B
:1017E0003FF405AE9DF87C31DFF82CC1ACF8003039
:1017F0009DF87D314D490B709DF87E314C4A137038
:101800009DF87F014B4B18709DF880514A48057038
:101810009DF881E1494D85F800E0BCF800C00978E9
:1018200012781B7800782D7801950090604621F0A1
:10183000C1F99DF884516B1EDBB2012B7FF6DFAD41
:101840009DF886516B1EDBB2022B07D89DF88731BD
:10185000012B3FF443AE022B3FF46DAE5C9A384B44
:101860001A605D9A374B1A605B9B374A1360182BDE
:101870007FF68FAE344B1B68193B182B7FF692AE68
:10188000314B1B68323B192B7FF695AE2E4B1B68F4
:101890004B3B182B7FF698AE2B4B188823F0E0FBC0
:1018A0009DF88231012B3FF499AE9DF87841002CD0
:1018B0003FF4A1AE012C3FF4A3AE9DF87B31002B89
:1018C0003FF4A3AE012B3FF4ADAE9DF87A31002B6F
:1018D0003FF4B6AE012B3FF4B7AE59EA080302D18C
:1018E0001A4B25221A709DF88B31013B042B3FF6D1
:1018F0001EAF01A252F823F051190100F91901009D
:10190000A11A01002D1B01007D160100E09B0120A2
:10191000E19B0120F89D0120FA8C01206C990120A7
:1019200070990120FD9B0120389B0120109C012013
:10193000F79B0120009C01200F9C01201E9C012090
:10194000E8980120EC980120749B0120FB9C012069
:10195000C04B01221A709DF88A414FF47A7303FB41
:1019600004F307EE903AF8EEE77ABB4BC3ED007A4A
:1019700064252A4600212BA825F06CFF22460BF592
:1019800096712BA825F0DCF929462BA81FF0C4FE80
:1019900025F0C0FE0028FBD001238DF81C31002368
:1019A0008DF81D31AD4A92ED007AAB4AD2ED007A46
:1019B000AB4A1078A74A1278BCEEC77A17EE101A15
:1019C000AAFB0141890942EA002242EA0162FCEED7
:1019D000E77A17EE901AAAFB0101890942EA01424F
:1019E0004892642247A99F4800681CF085FF9E4BDF
:1019F00018681FF051F99AE6994B01221A709DF868
:101A00008A414FF47A7303FB04F307EE903AF8EE41
:101A1000E77A924BC3ED007A64252A4600212BA871
:101A200025F018FF22460BF5A0712BA825F088F9A8
:101A300029462BA81FF070FE25F06CFE0028FBD075
:101A400001238DF81C3100238DF81D31834A92ED5E
:101A5000007A814AD2ED007A814A10787D4A127864
:101A6000BCEEC77A17EE101AAAFB0141890942EAB7
:101A7000002242EA0162FCEEE77A17EE901AAAFB16
:101A80000101890942EA01424892642247A9754846
:101A900000681CF031FF744B18681FF0FDF846E633
:101AA0006C4A0023137001218DF81C118DF81D3133
:101AB0006A4991ED007A6D49D1ED007A684908785C
:101AC0001278BCEEC77A17EE101AAAFB01418909F9
:101AD00042EA002242EA0162FCEEE77A17EE901A2F
:101AE000AAFB0101890942EA01424892642247A9FE
:101AF0005C4800681CF000FF5B4B18681FF0CCF8D6
:101B00002BAC0BF5AA750FCD0FC495E8030044F874
:101B1000040B24F8021B090C217064212BA81FF070
:101B2000FBFD25F0F7FD0028FBD000E64C4A002322
:101B3000137001218DF81C118DF81D314B4991ED69
:101B4000007A4549D1ED007A1078424A1278BCEE0D
:101B5000C77A17EE101AAAFB0141890942EA00224E
:101B600042EA0162FCEEE77A17EE901AAAFB010145
:101B7000890942EA01424892642247A9394800682B
:101B80001CF0BAFE384B18681FF086F82BAC0BF52A
:101B9000B6750FCD0FC495E8030044F8040B24F884
:101BA000021B090C217064212BA81FF0B5FD25F044
:101BB000B1FD0028FBD0BAE58DF81C319DF88D31C0
:101BC0008DF81D315A9B48930023642247A925486C
:101BD00000681CF091FE244B18681FF05DF8489BCC
:101BE00000939DF81D319DF81C210BF5C2712BA8A7
:101BF00025F0A6F864212BA81FF08EFD25F08AFDA4
:101C00000028FBD09BE503238DF818319DF88D311A
:101C10008DF8193100238DF81A318DF81B316422AB
:101C200046A9134800681CF067FE124B18681FF0A5
:101C300033F89DF819319DF8182103992BA825F048
:101C40007FF864212BA81FF067FD25F063FD0028B5
:101C5000FBD074E5E09B0120E4990120E899012084
:101C6000E19B01206C99012070990120F89D0120D1
:101C7000649901206899012080B5B6B000243194A0
:101C800032942F9430942D948DF8B8402B948DF885
:101C9000B04028942994CDF8A74025942694CDF8F7
:101CA0009B4023942494219422941F94CDF87F4048
:101CB0001D94CDF877401B941C9419941A94179492
:101CC000189415941694129413948DF850400F9410
:101CD00010948DF844400E940D940B940C94099438
:101CE0000A94ADF82040ADF81C408DF818408DF8EE
:101CF0001440ADF81040ADF80C4033943494A74B29
:101D00001D6825F035FF322300932346024601214A
:101D1000284621F099FDA24B1D6825F029FFC82314
:101D20000093234602460121284621F08DFD9D4B5C
:101D30001D6825F01DFF4FF4FA73009323460246F9
:101D40000121284621F080FD974B1D6825F010FFEA
:101D50004FF47A730093234602460121284621F06E
:101D600073FD924B1B78002B41D0914B1B78002BBD
:101D700045D08E4B1B78012B49D08D4B1B78012B06
:101D80004DD08C4B18681EF087FF4FF47A7022F00C
:101D900017FE894B187820F029F8642022F010FEF5
:101DA000012023F00FFB642022F00AFE012020F026
:101DB0000FFE642022F004FE002302937F4B4FF4B9
:101DC00000229A611E217E481FF0E0FC25F0B2FC43
:101DD0000028FBD0794B4FF400225A61794E7A4D9E
:101DE0007A4CDFF81C92DFF81C82794F5BE1794B6B
:101DF00018681DF051FB204623F0E4FAB5E7764B56
:101E000018681DF049FB002020F0E2FDB1E7714B9E
:101E100018681EF041FF012023F0D4FAADE76E4BA5
:101E200018681EF039FF012020F0D2FDA9E76B49A8
:101E30008B4200F041821CD969498B4200F0AC8290
:101E40007AD968498B4200F0E482C0F0BF82F43155
:101E50008B4240F02181137A8DF818300223002242
:101E600006A9614800681CF047FD642022F0A8FD27
:101E700012E103398B4200F0C88127D95B498B42BC
:101E800000F0F78101318B4240F00681137A8DF822
:101E90008130537A8DF88030937A8DF87F30D37A01
:101EA0008DF87E30137B8DF87D30537B8DF87C3040
:101EB000937B8DF88230022300221FA94C480068D2
:101EC0001CF01AFD642022F07BFDE5E002398B4214
:101ED00000F0548101318B4240F0DE80137A03F030
:101EE00001038DF8B630537A8DF8B530917A8DF8BC
:101EF000B410D17A8DF8B710127B8DF8B8203D4A16
:101F0000127872B13B4A1278D2B2132A09D86D2BDB
:101F100000F26D819DF8B530503BDBB21D2B40F2D5
:101F20006D81022300222DA9334800681CF0E4FCD7
:101F3000642022F045FDAFE002398B4200F0DF81E2
:101F400001318B4240F0A880137A03F003018DF831
:101F5000481003F00C038DF84930537A8DF84A305D
:101F6000937A8DF84B30D37A8DF84C30137B8DF803
:101F70004E30537B8DF84D30937B8DF85030D37BB2
:101F80008DF84F300223002212A91C4800681CF073
:101F9000B3FC642022F014FD7EE000BF5C9A0120B7
:101FA000409A0120509A0120309A0120969D0120EC
:101FB000979D0120189A0120FB9C01200080004180
:101FC0006C9C012001C5EC1508C5EC150BC5EC1582
:101FD000FFC5EC153C9A01204C9A012006C1EC1576
:101FE00009C1EC150BC1EC15949A012004C1EC1544
:101FF000789A0120AD9B01206C9A0120849A0120DF
:1020000001D1EC1501D5EC1502398B4200F05C8250
:1020100001318B4240D1137A8DF89C30537A8DF880
:102020009E30D37A8DF89D30137B8DF89430937A5F
:1020300003F001028DF89520C3F340028DF896203D
:10204000C3F380028DF89720C3F3C0028DF8982067
:10205000C3F300128DF89920C3F340128DF89A2033
:10206000C3F380138DF89B300223002225A9B748C3
:1020700000681CF041FC642022F0A2FC0CE0A342AA
:1020800000F02E8350D94B4500F0D481434500F039
:102090004683BB4200F03583AD4B18681DF03AFB18
:1020A000012022F08DFC02AA33A9AA4B18681FF068
:1020B00098F80028F0D0A84B1A681368C3F31C03E3
:1020C000B34200F0C8817FF6B2AEAB4200F0A2820C
:1020D000D5D8A2498B4200F0318295D9A0498B42D4
:1020E00000F04F8200F27082137A8DF87930537AC3
:1020F0008DF87830937A8DF87730D37A8DF8763002
:10210000137B8DF87530537B8DF87430937B8DF88D
:102110007A30022300221DA9924800681CF0ECFBD3
:10212000642022F04DFCB7E78F498B4200F09B8280
:1021300001318B42B0D1137A8DF82430537A8DF867
:102140002530937A8DF82630D37A8DF82730137B9B
:102150008DF82830537B8DF82930937B8DF82A3009
:10216000D37B8DF82B300223002209A97F48006819
:102170001CF0C2FB642022F023FC8DE701230093B6
:1021800000231A4603217A48006821F05DFB794B51
:1021900000221A70784B1B7823B9784B1A70764B53
:1021A00001221A706C4B1B681A7A8DF8C4205A7A77
:1021B0008DF8C8209A7A8DF8C920DA7A8DF8CA206D
:1021C0001A7B8DF8C5205A7B8DF8C6209A7B8DF836
:1021D000C720DB7B8DF8CB300223002231A9684871
:1021E00000681CF089FB642022F0EAFB54E7012020
:1021F00023F0E8F8634B00221A708BE6022023F0EC
:10220000E1F8604B01221A708BE6137A8DF8A83042
:10221000537A8DF8AA30D37A8DF8A930137B8DF8D4
:10222000A030937A03F001028DF8A120C3F340029D
:102230008DF8A220C3F380028DF8A320C3F3C0025F
:102240008DF8A420C3F300128DF8A520C3F340122B
:102250008DF8A620C3F380138DF8A7300223002247
:1022600028A9494800681CF047FB642022F0A8FB1D
:1022700012E7137A8DF89330537A8DF89230937A6F
:102280008DF89130D37A8DF89030137B8DF88F30A4
:10229000537B8DF88E30937B8DF88D30D37B8DF80A
:1022A0008C300223002223A9384800681CF024FB4C
:1022B000642022F085FBEFE6937A8DF87130D37AB3
:1022C0008DF87030137B8DF86F30537B8DF86E3046
:1022D000137A8DF86D30537A8DF86C30937B8DF8CE
:1022E0007330D37B8DF87230022300221BA928485B
:1022F00000681CF001FB642022F062FBCCE6137A3C
:102300008DF85D30537A8DF85C30937A8DF85F30BC
:10231000D17A8DF85E10107B8DF86100507B8DF8BE
:102320006000907B8DF86300D27B8DF8622003B152
:1023300019B9642022F044FBAEE60223002217A95B
:10234000144800681CF0D8FAF3E700BFA09A0120F7
:10235000DC9A0120F0980120789B012004C5EC153F
:1023600006C5EC15A89A012009C5EC15BC9A0120F8
:102370003C9B0120159C0120169C0120DD9B012027
:10238000689A0120D49B0120709A0120749A012040
:102390007C9A0120809A0120137A8DF83930517A85
:1023A0008DF83810907A8DF83B00D27A8DF83A206B
:1023B00003B119B9642022F003FB6DE60223002269
:1023C0000EA9B24800681CF097FAF3E7137A8DF86B
:1023D0002C30537A8DF82D30937A8DF82E30D37AB5
:1023E0008DF82F30137B8DF83030537B8DF83130E2
:1023F000937B8DF83230D37B8DF83330022300226B
:102400000BA9A34800681CF077FA642022F0D8FAE0
:1024100042E6137A8DF82030D37B8DF821300223E9
:10242000002208A99B4800681CF066FA642022F08C
:10243000C7FA31E6537A8DF81130137A8DF81030DF
:102440000223002204A9944800681CF055FA642075
:1024500022F0B6FA20E60123009300231A46032156
:102460008E48006821F0F0F98D4B00221A708D4BD8
:102470001B7823B98C4B1A708A4B01221A708B4B34
:102480001B681A7A8DF8BC205A7A8DF8C0209A7A87
:102490008DF8C120DA7A8DF8C2201A7B8DF8BD2024
:1024A0005A7B8DF8BE209A7B8DF8BF20DB7B8DF8A0
:1024B000C330022300222FA97D4800681CF01CFABB
:1024C000642022F07DFAE7E5137A03F001038DF82A
:1024D000AE30537A8DF8AD30917A8DF8AC10D17A58
:1024E0008DF8AF10127B8DF8B020724A127862B16D
:1024F000704A1278D2B2132A07D86D2B10D89DF8E3
:10250000AD30503BDBB21D2B11D9022300222BA989
:10251000694800681CF0F0F9642022F051FABBE52C
:10252000012020F055FA654B00221A70E7E70220DF
:1025300020F04EFA614B01221A70E6E7137A8DF80B
:102540008B30537A8DF88A30937A8DF88930D37A2C
:102550008DF88830137B8DF88730537B8DF886306B
:10256000937B8DF88530D37B8DF884300223002255
:1025700021A9534800681CF0BFF9642022F020FA1A
:102580008AE5937A8DF86930D37A8DF86830137BB9
:102590008DF86730537B8DF86630137A8DF865308F
:1025A000537A8DF86430937B8DF86B30D37B8DF844
:1025B0006A300223002219A9424800681CF09CF9E5
:1025C000642022F0FDF967E5137A8DF85530537ACF
:1025D0008DF85430937A8DF85730D17A8DF85610A3
:1025E000107B8DF85900507B8DF85800907B8DF84A
:1025F0005B00D27B8DF85A2003B119B9642022F018
:10260000DFF949E50223002215A92F4800681CF0D4
:1026100073F9F3E7137A03F003018DF83C1003F02C
:102620000C038DF83D30537A8DF83E30937A8DF857
:102630003F30D37A8DF84030137B8DF84230537B96
:102640008DF84130937B8DF84430D37B8DF8433047
:10265000022300220FA91D4800681CF04DF96420D8
:1026600022F0AEF918E5137A8DF83530517A8DF8ED
:102670003410907A8DF83700D27A8DF8362003B175
:1026800031BB642022F09CF906E500BF889A012046
:102690008C9A0120909A0120C89A0120409B012029
:1026A000179C0120189C0120DD9B0120789B0120B4
:1026B000989A0120B19B01209C9A0120DA9B01206D
:1026C000A49A0120AC9A0120B09A0120B49A01206A
:1026D000022300220DA91A4800681CF00DF9D0E76A
:1026E000137A8DF81C30D37B8DF81D300223002225
:1026F00007A9144800681CF0FFF8642022F060F974
:10270000CAE4137A8DF814300223002205A90E487A
:1027100000681CF0F1F8642022F052F9BCE4537A0E
:102720008DF80D30137A8DF80C300223002203A9A6
:10273000064800681CF0E0F8642022F041F9ABE4A0
:10274000B89A0120C09A0120C49A0120CC9A012095
:1027500080B5C2B07B4C4FF48033C4F898304FF44E
:102760000023C4F818314FF48013C4F818314FF423
:102770000013C4F818314FF48023C4F81831282509
:102780002A46002103A825F065F8CA2200210FA8D7
:1027900025F060F842F2107021F016F94FF0004673
:1027A000C4F8986003238DF8383011238DF8343045
:1027B000022300220EA9644800681CF09DF8022341
:1027C00000220DA9614800681CF096F84FF47A7059
:1027D00022F0F6F8C4F8946000215D4825F07AF9FB
:1027E00001215C4820F090FF5B4B186822F01CF937
:1027F0005A4C02460B46214603A824F0A1FA9DF844
:10280000113001939DF8103000939DF80F309DF822
:102810000E209DF80D109DF80C0020F035FD642071
:1028200022F0CEF82A46002103A825F013F84C4BDD
:10283000186822F0F9F802460B46214603A824F056
:102840007FFA9DF8113001939DF8103000939DF8A8
:102850000F309DF80E209DF80D109DF80C0020F013
:1028600037FD642022F0ACF82A46002103A824F0AA
:10287000F1FF3C4B186822F0D7F802460B46214680
:1028800003A824F05DFA9DF8113001939DF81030F3
:1028900000939DF80F309DF80E209DF80D109DF8C7
:1028A0000C0020F039FD642022F08AF82A4600212D
:1028B00003A824F0CFFF2C4B186822F0B5F802468D
:1028C0000B46214603A824F03BFA9DF811300193F2
:1028D0009DF8103000939DF80F309DF80E209DF864
:1028E0000D109DF80C0020F03BFD642022F068F8EC
:1028F0002A46002103A824F0ADFF4FF6FF7021F017
:1029000063F81A4B18681EF0C7F9194B18681EF0C7
:10291000C3F9184B18681EF0BFF9174B18681EF062
:10292000BBF9164B18681EF0B7F9154B18681EF066
:10293000B3F922F0FFFE22F013FF124C124F134E98
:10294000DEE100BF00800041F4980120F8980120EA
:1029500015250300CC9B0120E09D0120C44D010002
:10296000EC9D0120F09D0120F49D0120049901209F
:10297000E0980120E4980120AC9901202C990120D5
:10298000149A0120DD9B0120AD7B0300B97B03007D
:10299000002022F0D7FF002023F01EF9002023F0B2
:1029A00031F9002023F044F9002023F057F9C04BFF
:1029B000D3F8203113F0200F00F0C281002023F063
:1029C00003F8642021F0FCFFB94BD3F8203113F059
:1029D000400F00F0C181002023F00CF8642021F0AA
:1029E000EFFFB34BD3F8203113F0200F08D0B04BDA
:1029F000D3F8203113F0400F02D0AE4B00221A64FE
:102A0000AB4BD3F8A03013F4003F00F0BC810020A2
:102A1000A84BD86022F036FEA74B1B78DBB2012B07
:102A200000F0A781A54B00221A70A54B18681EF074
:102A300033F9642021F0C4FF9D4BD3F8203113F407
:102A4000805F00F0C8819F4B04221A70012022F0A1
:102A5000ABFD642021F0B4FF9B4B18681EF01CF9FD
:102A6000944B6D22DA61924BD3F8A03013F4802F8F
:102A700000F0BA8100208F4B986122F019FE64208B
:102A800021F09EFF8A4BD3F8A03013F4000F00F022
:102A9000BC818C4B012018709870864B7722DA63CA
:102AA000C3F8880022F064FF642021F089FF864B80
:102AB00018681EF0F1F87E4BD3F8203113F0807FB8
:102AC00000F0AA81814B02221A7001209870794B84
:102AD0007722DA63C3F8880022F060FF642021F0D7
:102AE0006FFF794B18681EF0D7F8714BD3F820317F
:102AF00013F0807F08D16E4BD3F8A03013F4000F91
:102B000002D16C4B0022DA63714B1B78002B00F072
:102B10008A81684B70229A62012022F087FD64202E
:102B200021F04EFF6B4B1B78002B00F08581614B31
:102B30006F225A62012022F063FD642021F040FFE1
:102B4000654B1B78002B00F080815A4B6A221A617A
:102B50000125C3F88450284622F0B2FE642021F0FB
:102B60002FFF5E4BD3F8008025F002F84EF660236D
:102B70000093002302462946404620F065FE0620C9
:102B800022F020FC564B1B78002B00F06A81494B49
:102B90006A221A610222C3F88420012022F0A6FED4
:102BA000642021F00DFF4F4B1D6824F0E1FF4EF62D
:102BB00060230093002302460121284620F044FEB2
:102BC00006201FF005FF484B1B78002B00F05581B5
:102BD000384B86225A660025C3F88450434BD3F8FD
:102BE000008024F0C5FF4EF6602300932B4602467A
:102BF0000121404620F028FE3D4B18781FF0F6F8E2
:102C0000642021F0DDFE062022F0DCFB06201FF010
:102C1000DFFE012022F054FE642021F0D1FE0120CD
:102C200022F064FE642021F0CBFE324B1B78002B97
:102C300000F039811F4B7122DA62012022F04EFD33
:102C4000642021F0BDFE2C4B1B78002B00F034815A
:102C5000184B85221A660120C3F88C0022F004FE6E
:102C6000642021F0ADFE254B1B78002B00F02D8158
:102C7000104B85221A660222C3F88C20012022F014
:102C800009FE642021F09CFE1B4B1B784BB11B4BB3
:102C90001B7833B1074B00221A66C3F88C208722B9
:102CA0009A660123237040F6B83021F089FE27E0B0
:102CB00000800041E08F0120B49B0120AD9B0120EA
:102CC0003C9A0120C89B012018990120C49B012037
:102CD000DE9B0120DF9B0120159C01203C9B0120F5
:102CE000179C0120409B0120ED9B0120D49A0120DC
:102CF000FB9C0120EB9B0120F89B0120F99B01200C
:102D00002378DBB2012B00F0E9805AB2002A3FF4AD
:102D10003FAE022BC7D19C4B1B78002BC3D19B4BE2
:102D20001D6824F025FF4EF6602300930023024621
:102D30000121284620F088FD934B02221A70B2E749
:102D4000934B78221A640120C3F8A40022F03CFEC1
:102D5000642021F035FE37E68D4B78221A6402227A
:102D6000C3F8A420012022F045FE642021F028FEB3
:102D700037E6884B00221A70874B03221A701878A6
:102D80001FF034F84EE6854B04221A70804B6922FE
:102D9000DA60012022F076FC642021F011FE05208B
:102DA00022F0D6FB052022F0E9FB7B4B22221A7091
:102DB00018781FF01BF8774B01221A70784B1868AF
:102DC0001CF0A8FC774B18681CF0A4FC764B186824
:102DD0001DF062FF30E600206D4BD86122F0E4FB6D
:102DE000642021F0EDFD3EE66C4B04221A70684B26
:102DF0006C229A61012022F05BFC642021F0E0FD4E
:102E0000694B18681DF048FF3CE6002022F0B0FD39
:102E1000642021F0D5FD4EE6002022F0BFFD6420A5
:102E200021F0CEFD61E60020594B986222F0FEFBB6
:102E3000642021F0C5FD75E60020554B586222F054
:102E4000DFFB642021F0BCFD7AE60025504B1D61BC
:102E5000284622F035FD642021F0B2FD534B1D7051
:102E600090E600254A4B1D61284622F03FFD642074
:102E700021F0A6FD4E4B1D70A5E6454B00255D6675
:102E8000C3F884504B4B1D704B4B1D70284622F0ED
:102E900017FD642021F094FD284622F027FD6420D0
:102EA00021F08EFDC1E60020394BD86222F016FCDD
:102EB000642021F085FDC6E60020354B186622F01F
:102EC000D3FC642021F07CFDCDE60020304B186659
:102ED00022F0E0FC642021F073FDD5E600223946A3
:102EE000052021F01DFE00223146062021F018FEAB
:102EF00000223249012021F013FE00223049022035
:102F000021F00EFE00222F49072021F009FE0022A9
:102F10002D49082021F004FE00222C490C2021F02C
:102F2000FFFD00222A49104623F058FE00222949BD
:102F3000012023F045FE0021274824F0A7FD55215C
:102F4000264820F0C1FB0021254824F051FD012135
:102F5000244820F099FB0021234824F0BBFD0121E7
:102F6000224820F0D1FB0021214824F06BFD214BA9
:102F70001978214820F008FE022323701F4B18689F
:102F80001DF08AFE8FE600BF079C0120D49A012025
:102F9000E08F0120B49B0120FB9C0120C89B0120F5
:102FA000F89901203C9A012018990120159C0120D4
:102FB000179C0120EC9B0120ED9B01202162030066
:102FC0007162030099620300C16203004962030059
:102FD00019FE0200A5DD020009210300888E0120F0
:102FE00065100300B89B012015250300CC9B012030
:102FF000F5770300739D012038930120109A01207A
:103000002DE9F04F2DED068BB9B000232F939E4D87
:103010009E4C9FED9FAADFED9F9AAAE10A230093A1
:1030200000231A4603219C48006820F00DFC012271
:10303000532104A81FF0F8F8002800F01D81974BD9
:103040001B78DBB2012B00F09A80954BDA7893F86D
:1030500004904FEA094949EA02699A7949EA020962
:103060005A7949EA0229DA7993F808804FEA084840
:1030700048EA02689A7A48EA02085A7A48EA022834
:10308000DA7A1F7B3F0447EA02679A7B17435A7B31
:1030900047EA0227D97B1A7C120442EA0162997C32
:1030A0000A43597C42EA012209EE102AD97C1A7D92
:1030B000120442EA0162997D0A43597D42EA0122E3
:1030C00008EE902AD97D1A7E120442EA0162997EA6
:1030D0000A435B7E42EA0326FDEEC97A17EE903A78
:1030E00098B221F085FE0A2021F06AFCFDEEE87A14
:1030F00017EE903A98B221F093FE0A2021F060FC7E
:1031000007EE906AFDEEE77A17EE903A98B221F05A
:103110009FFE0A2021F054FC07EE909AFDEEE77A1C
:1031200017EE90AA1FFA8AF021F01AFE0A2021F069
:1031300047FC07EE908AFDEEE77A17EE90BA1FFA89
:103140008BF021F025FE0A2021F03AFC07EE907A60
:10315000FDEEE7AA1AEE903A98B221F031FE0A206D
:1031600021F02EFC4F4B1B889A450EDD4E4B012261
:103170001A7000234D4A13704D4A1370EBE0002380
:10318000464A1370494A13705FE74A4A12889245CB
:1031900008DA0023454A1370474A01211170444A56
:1031A0001370D8E092450DDD9A450BDA4049097855
:1031B00041B93D480170404801703C4801703C49AC
:1031C000012008709B4508DD374B01221A7000234F
:1031D000364A1370364A1370BDE0934508DA00236F
:1031E000324A1370344A01211170314A1370B2E02F
:1031F00093450DDD9B450BDA2D49097841B92A48E5
:1032000001702D480170294801702949012008707A
:103210001AEE901A994208DD234B01221A700023FE
:10322000224A1370224A137095E0914208DA002373
:103230001E4A1370204A012111701D4A13708AE042
:1032400091420DDD99420BDA194B1B7843B9164AAE
:103250001370194A1370154A1370154B01221A7016
:10326000164B83ED039AC3ED048A5E61C3F80090A8
:10327000C3F804809F606EE0114B996A114A13688D
:103280000B43136067E000BF2C9A0120EA9B0120EA
:1032900000007A4400004843D09A0120EB9B0120B3
:1032A000889101206A9C0120DE9B0120DD9B01208A
:1032B000089C01208A9C0120DF9B01207492012040
:1032C00000200141889B01200A23009300231A4615
:1032D0000321B548006820F0B7FA0122532104A861
:1032E0001EF0A2FF002869D0B04A92F83F1092F871
:1032F00040301B0443EA016392F842100B4392F8FA
:10330000411043EA012392F8430092F84410090463
:1033100041EA006192F84600014392F8450041EA13
:103320000021D77E107F000440EA0760977F384372
:10333000527F40EA02229E488361C263016407EE25
:10334000903AFDEEE77A17EE903A98B221F098FDA8
:103350000A2021F035FB0223002295499548006898
:103360001BF0CAFA944B18681CF0D4F9012021F024
:1033700027FB002203A928681BF0DCFB10B19DF895
:103380000C3023702FAA04A98C4B18681DF029FF5C
:103390000028E7D0532204A9844824F0FFF82378BA
:1033A000013B032BD7D801A252F823F01D300100B6
:1033B000C9320100ED330100ED35010030AFDFF817
:1033C00028C2BCE80F000FC7DCF800303B601E21AC
:1033D00030A81EF0A1F924F09DF90028FBD0784B0D
:1033E000996A784A13680B431360B4E70A23009381
:1033F00000231A4603217448006820F025FA0122B0
:10340000532104A81EF010FF002800F0C6806F4B67
:103410001B78DBB2012B68D0644BDA7893F8048018
:103420004FEA084848EA02689A7948EA02085A7955
:1034300048EA022608EE906ADA7993F808904FEA93
:10344000094949EA02699A7A49EA02095A7A49EA33
:10345000022909EE109ADA7B1F7C3F0447EA0267D3
:103460009A7C17435B7C47EA0327594B1F601E2257
:10347000002130A824F0EEF9564B1B78DBB2162B56
:1034800039D0554B0022DA645A651A6568EE897A9C
:1034900087EE8A8AFDEEE87A17EE900A20F094FD16
:1034A0000A2021F08DFAFDEEC97A17EE900A20F07D
:1034B000A7FD0A2021F084FAFDEEC87A17EE900AE3
:1034C00020F0BAFD0A2021F07BFAF4EEE98AF1EE51
:1034D00010FAC4BF414BC3ED008A354BC3F82090AE
:1034E000DE61DF6283ED0D8A35E70023374A137012
:1034F0003B4A137090E7FDEEE87A17EE903AB3F589
:103500007A7F35DCC72B04DCF5EE408AF1EE10FA49
:1035100012D1314B4FF0000AC3F850A0C3F84CA0B1
:10352000504622F0EBFA642021F04AFA504622F08D
:10353000CFFA642021F044FA2A4B93ED006AFDEEA5
:10354000C97AF8EEE77AF2EE046A86EE267AF4EEAD
:10355000C77AF1EE10FA17DD1F4B82225A6501205F
:10356000C3F8980022F0E0FA642021F029FA8DE7F0
:10357000194B8022DA640120C3F8900022F0BEFAD1
:10358000642021F01DFAD7E70020134B586522F084
:10359000CBFA642021F014FA78E7094B996A094ABA
:1035A00013680B431360D6E6D09A0120889101205E
:1035B000749201204C990120D4990120CC990120CA
:1035C00000200141889B0120FC9A0120F89B0120EA
:1035D000B0990120AD9B0120E08F0120FC9D0120CE
:1035E000DD9B0120C4990120784F01000A2300933C
:1035F00000231A4603216948006820F025F90122BA
:10360000532104A81EF010FE002800F0C080644B77
:103610001B78DBB2012B64D0624BDA7893F804801C
:103620004FEA084848EA02689A7948EA02085A7953
:1036300048EA022609EE106ADA7993F808904FEA10
:10364000094949EA02699A7A49EA02095A7A49EA31
:10365000022908EE109ADA7B1F7C3F0447EA0267D2
:103660009A7C17435B7C47EA03274F4B1F6069EE48
:10367000087AC7EE8A8AFDEEC97A17EE90AA17EE8D
:10368000900A20F0D1FE642021F09AF9B4EEE99A74
:10369000F1EE10FAC4BF454B1E60BDEEC88A18EEAD
:1036A000100A20F0DDFE642021F08AF9FDEEE87AB0
:1036B00017EE900A20F0F0FE642021F081F93C4BD7
:1036C0001B78DBB2162B12D03A4B0022DA645A6513
:1036D0001A65394BC3F828905E621F63C3ED0E8AEA
:1036E00039E600232E4A1370344A137094E7BAF572
:1036F0007A7F25DDB5EE409AF1EE10FA13D12D4B0D
:103700004FF0000AC3F850A0C3F84CA0504622F076
:1037100037FA642021F054F9504622F01BFA0A20AF
:1037200021F04EF90FE0234B8022DA640222C3F825
:103730009020012022F024FA0A2021F041F902E031
:10374000BAF1C70FDBDC1E4BD3ED006AB8EEC88AB6
:10375000B2EE047AC6EE877AB4EEE78AF1EE10FA9A
:103760000CDD144B82225A650222C3F898200120F6
:1037700022F01CFA0A2021F023F9AAE700200D4BC1
:10378000586522F013FA0A2021F01AF9A1E70D4B2F
:10379000996A0D4A13680B431360DCE5009B012016
:1037A000F99B012088910120B4990120009E0120FD
:1037B000B19B0120E08F012074920120DD9B01204C
:1037C000C899012000200141889B012000B58DB0DF
:1037D00000230A938DF82C3008938DF82430ADF82F
:1037E0001C30ADF8183004930593029303930193B2
:1037F0000093254C254E264D65E00023254A137085
:10380000254A137063780A2B05D0142B07D1234B5C
:10381000234A1A6050E0214B224A1A604CE0322BB6
:103820004AD11E4B204A1A6046E01A4B01221A70F8
:1038300063780A2B05D0142B07D11C4B184A1A6049
:103840003AE01A4B174A1A6036E0322B34D1174B44
:10385000154A1A6030E0104B01221A7063780A2B67
:1038600005D0142B07D1124B0D4A1A6024E0104BDF
:103870000C4A1A6020E0322B1ED10D4B0A4A1A6006
:103880001AE022F0F7FE00BF14970120C49B01202C
:10389000C09A0120E09B0120E19B0120F89D0120BE
:1038A00000409C4600401C4600504347E4990120DC
:1038B000E899012023F0E6FCF74B18681BF02AFF7B
:1038C000012021F07DF823780F3BF02BF4D801A2E2
:1038D00052F823F09D3C0100B9380100B9380100CD
:1038E000B9380100B9380100B9380100B938010010
:1038F000B9380100B9380100B9380100B938010000
:10390000B9380100B9380100B9380100B9380100EF
:10391000B9380100B9380100B9380100B9380100DF
:10392000B9380100B9380100B9380100B9380100CF
:10393000B9380100B9380100B9380100B9380100BF
:10394000B9380100B9380100B9380100B9380100AF
:10395000B9380100B9380100B9380100B93801009F
:10396000B9380100B9380100B9380100B93801008F
:10397000B9380100B9380100B9380100B93801007F
:10398000B9380100B9380100B9380100B93801006F
:10399000B9380100B9380100B9380100B93801005F
:1039A000B9380100B9380100B9380100B93801004F
:1039B000B9380100B9380100B9380100B93801003F
:1039C000B9380100B9380100B9380100B93801002F
:1039D000B9380100B9380100B9380100B93801001F
:1039E000B9380100B9380100B9380100B93801000F
:1039F000B9380100B9380100B9380100B9380100FF
:103A0000B9380100B9380100B9380100B9380100EE
:103A1000B9380100B9380100B9380100B9380100DE
:103A2000B9380100B9380100B9380100B9380100CE
:103A3000B9380100B9380100B9380100B9380100BE
:103A4000B9380100B9380100B9380100B9380100AE
:103A5000B9380100B9380100B9380100B93801009E
:103A6000B9380100B9380100B9380100B93801008E
:103A7000B9380100B9380100B9380100B93801007E
:103A8000B9380100B9380100B9380100B93801006E
:103A9000B9380100B9380100B9380100B93801005E
:103AA000B9380100B9380100B9380100B93801004E
:103AB000B9380100B9380100B9380100B93801003E
:103AC000B9380100B9380100B9380100B93801002E
:103AD000B9380100B9380100B9380100B93801001E
:103AE000B9380100B9380100B9380100B93801000E
:103AF000B9380100B9380100B9380100B9380100FE
:103B0000B9380100B9380100B9380100B9380100ED
:103B1000B9380100B9380100B9380100B9380100DD
:103B2000B9380100B9380100B9380100B9380100CD
:103B3000B9380100B9380100B9380100B9380100BD
:103B400083380100B9380100B9380100B9380100E3
:103B5000B9380100B9380100B9380100B93801009D
:103B6000B9380100B9380100B9380100B93801008D
:103B7000B9380100B9380100B9380100B93801007D
:103B8000B9380100B9380100B9380100B93801006D
:103B9000B9380100B9380100B9380100B93801005D
:103BA000B9380100B9380100B9380100B93801004D
:103BB000B9380100B9380100B9380100B93801003D
:103BC000B9380100B9380100FB370100573801004E
:103BD0002B380100B9380100B9380100B9380100AB
:103BE000B9380100B9380100B9380100B93801000D
:103BF000B9380100B9380100B9380100B9380100FD
:103C0000B9380100B9380100B9380100B9380100EC
:103C1000B9380100B9380100173E0100333E0100F8
:103C2000473E01005B3E01006F3E01009D3E0100EA
:103C3000CB3E0100F33E01002D3F0100413F01005A
:103C4000553F0100633F0100B9380100B938010058
:103C5000B9380100B9380100AD3C0100C93C010090
:103C6000DF3C0100F53C01000B3D01003B3D010044
:103C70006B3D0100933D0100CF3D0100E53D01009A
:103C8000FB3D0100093E0100B9380100B9380100CF
:103C9000B9380100B5380100809B012022F078F886
:103CA0000022B349104622F099FF05E601238DF862
:103CB0002A305A238DF82930022300220AA9AD4860
:103CC00000681AF019FEF7E50B238DF81C3002236B
:103CD000002207A9A84800681AF00EFEECE514239C
:103CE0008DF81C300223002207A9A34800681AF0AF
:103CF00003FEE1E532238DF81C300223002207A9E0
:103D00009D4800681AF0F8FDD6E5637A8DF8123008
:103D1000237A8DF813300223002204A99748006803
:103D20001AF0EAFD5A238DF81C300223002207A95D
:103D3000914800681AF0E0FDBEE564238DF81C3060
:103D40000223002207A98C4800681AF0D5FD012340
:103D50008DF82A303C238DF82930022300220AA94D
:103D6000844800681AF0C8FDA6E523798DF806306E
:103D7000E3788DF80730637A8DF80430237A8DF874
:103D800005300223002201A97D4800681AF0B4FD25
:103D900092E578238DF81C300223002207A976488B
:103DA00000681AF0A9FD23798DF80630E3788DF8C4
:103DB0000730637A8DF80430237A8DF805300223BA
:103DC000002201A96E4800681AF096FD74E571237F
:103DD0008DF81C300223002207A9674800681AF0FA
:103DE0008BFD69E529238DF81C300223002207A9E9
:103DF000614800681AF080FD5EE5624B01221A708E
:103E00005A7000229A7057E55E4B01221A70002109
:103E100059709A7050E501238DF822305A238DF89D
:103E200021300223002208A9574800681AF064FDD7
:103E300042E50B238DF818300223002206A92868DA
:103E40001AF05AFD38E514238DF8183002230022A9
:103E500006A928681AF050FD2EE532238DF8183097
:103E60000223002206A928681AF046FD24E5637A99
:103E70008DF80A30237A8DF80B300223002202A934
:103E8000424800681AF038FD5A238DF81830022392
:103E9000002206A928681AF02FFD0DE564238DF88D
:103EA00018300223002206A928681AF025FD0123F4
:103EB0008DF822303C238DF821300223002208A9FE
:103EC000314800681AF018FDF6E423798DF80230C5
:103ED000E3788DF80330637A8DF80030237A8DF81B
:103EE0000130022300226946294800681AF004FDC7
:103EF000E2E478238DF818300223002206A928680E
:103F00001AF0FAFC23798DF80230E3788DF803304B
:103F1000637A8DF80030237A8DF801300223002275
:103F200069461B4800681AF0E7FCC5E471238DF868
:103F300018300223002206A928681AF0DDFCBBE431
:103F400029238DF818300223002206A928681AF0C8
:103F5000D3FCB1E402233370012373700023B370E8
:103F6000AAE402233370002373700123B370A3E427
:103F700019FE02006C9A0120909A0120809A01207B
:103F8000889A0120C89B01209C9A0120B09A0120A8
:103F9000B89A01202DE9F041ADF6482D4FF4007498
:103FA000224600210DF6040023F054FC2246002195
:103FB0000DF2046023F04EFC224600210DF2044075
:103FC00023F048FC2246002181A823F043FC22462E
:103FD000002101A823F03EFCC14CC24DDFF8148340
:103FE00095E14FF400773A4600210DF6040023F0E6
:103FF00031FC3A464FF400210DF6040023F0CEFACE
:1040000023F0AAF90028FBD19DF8453A013B052B86
:1040100000F28A81DFE803F003476C8197C5012332
:104020008DF8043A0022CDF8382ACDF83C2ADDF884
:104030000838CDF8083ADDF80C38CDF80C3ADDF840
:104040001438CDF8103ADDF81838CDF8143ADDF808
:104050001C38CDF8183ADDF82038CDF81C3ADDF8D8
:104060002438CDF8203ADDF82838CDF8243ADDF8A8
:104070002C38CDF8283ADDF83038CDF8403ADDF864
:104080003438CDF82C3ADDF83838CDF8303ADDF850
:104090003C38CDF8343A02230DF6042192480068EA
:1040A0001AF02AFC40E102278DF8047A2822002128
:1040B0000DF61C2023F0CEFBDDF84C38CDF8083A85
:1040C000DDF85038CDF80C3A0123CDF8183ADDF878
:1040D0005438CDF8103ADDF85838CDF8143A3B464C
:1040E00000220DF60421804800681AF005FC1BE14F
:1040F00003238DF8043A3C2200210DF6082023F01A
:10410000A9FB0123CDF80C3A022300220DF604216D
:10411000754800681AF0F0FB06E104238DF8043AB4
:10412000382200210DF60C2023F094FBDDF87438C2
:10413000CDF8083A022300220DF604216A480068EF
:104140001AF0DAFBF0E005238DF8043A2022002172
:104150000DF6242023F07EFBDDF87C38CDF8083AFC
:10416000DDF88038CDF80C3ADDF88438CDF8103A17
:10417000DDF88838CDF8143ADDF88C38CDF8183AE7
:10418000DDF89838CDF81C3ADDF89C38CDF8203AA7
:10419000022300220DF60421534800681AF0ACFBFC
:1041A000C2E006238DF8043A0026CDF8306ACDF837
:1041B000346ACDF8386ACDF83C6ACDF8406A0DF61D
:1041C00008270DF50A6CBCE80F000FC7BCE80F000C
:1041D0000FC79CE8030087E80300022332460DF670
:1041E0000421414800681AF087FB9DE000262E60FC
:1041F0004FF400773A4631460DF2046023F02AFB73
:104200003A4631460DF2044023F024FB3A4631464B
:1042100081A823F01FFB3A46314601A823F01AFB80
:104220003A464FF402210DF2046023F0B7F923F06F
:1042300093F80028FBD14FF4007241460DF2044080
:1042400023F0ACF923F088F80028FBD14FF400727A
:10425000264981A823F0A2F923F07EF80028FBD19B
:104260004FF4E872224901A823F098F923F074F87A
:104270000028FBD165E02B680133082B01D02B60AF
:104280005FE000232B6018F017FB0DF20460F5F7D8
:104290002FFD9DF8473A013B072B31D8DFE803F0AB
:1042A0002C686D72777C81862B68013B01D42B6072
:1042B00047E007232B6018F0DBFC01A8F9F7F8FBB7
:1042C0009DF8473A013B072B1AD8DFE813F0B601F7
:1042D000BA01BE01C201C601CA01CE01D20100BFAE
:1042E00064990120EC9A01203099012000240800F3
:1042F00000260800002208000DF2046012F0ACFB5A
:10430000AE4B18681BF006FA012020F059FB002282
:104310000DF6442120681AF00DFC0028F0D09DF81D
:10432000443A032B3FF45DAE9DF8443A042BE7D1A9
:104330009DF8463A002B3FF459AF012B9BD0022B3E
:10434000B2D02B68072BDBD801A252F823F000BFB4
:1043500087420100B7430100294401009D44010048
:104360001145010073450100D9450100B742010024
:104370000DF2046013F090FCC2E70DF2046010F03F
:10438000FBF8BDE70DF2046010F044FBB8E70DF256
:10439000046002F06DFAB3E70DF2046002F0C2FCB3
:1043A000AEE70DF2046002F017FFA9E70DF204601A
:1043B00003F06CF9A4E717F0CFFD0DF20460F2F7FB
:1043C00027FD9DF8473A013B072B99D8DFE803F01A
:1043D00004090E13181D22270DF2046003F0B0FB30
:1043E0008EE70DF2046003F005FE89E70DF204602C
:1043F00004F05AF884E70DF2046004F0AFFA7FE7A6
:104400000DF2046004F004FD7AE70DF2046004F09C
:1044100059FF75E70DF2046005F0AEF970E70DF293
:10442000046005F003FC6BE718F034FB0DF2044068
:10443000F6F716FC9DF8473A013B072B3FF660AFB5
:10444000DFE803F004090E13181D22270DF20440C3
:1044500012F04AFD54E70DF2044013F063FE4FE7FB
:104460000DF2044010F024FD4AE70DF2044010F074
:104470006DFF45E70DF2044005F032FE40E70DF216
:10448000044006F087F83BE70DF2044006F0DCFA42
:1044900036E70DF2044006F031FD31E717F04CFE2F
:1044A0000DF20440F3F784FC9DF8473A013B072BDB
:1044B0003FF626AFDFE803F004090E13181D22278C
:1044C0000DF2044006F074FF1AE70DF2044007F005
:1044D000C9F915E70DF2044007F01EFC10E70DF2D4
:1044E000044007F073FE0BE70DF2044008F0C8F833
:1044F00006E70DF2044008F01DFB01E70DF2044051
:1045000008F072FDFCE60DF2044008F0C7FFF7E684
:1045100017F002FF81A8F7F75BFB9DF8473A013BD4
:10452000072B3FF6EDAEDFE803F004080C1014187B
:104530001C2081A812F020FFE2E681A814F038F8D0
:10454000DEE681A811F050F9DAE681A811F09AFBB5
:10455000D6E681A809F0FCF9D2E681A809F052FC60
:10456000CEE681A809F0A8FECAE681A80AF0FEF806
:10457000C6E617F0C1FF81A8F4F7EAFB9DF8473AB9
:10458000013B072B3FF6BCAEDFE803F004080C103C
:10459000141A1E2281A80AF043FBB1E681A80AF092
:1045A00099FDADE681A80AF0EFFFA9E681A80BF01E
:1045B00045FAA5E681A80BF09BFCA1E668990120CD
:1045C00081A80BF0EFFE9BE681A80CF045F997E679
:1045D00081A80CF09BFB93E618F07EF801A8F8F791
:1045E000AFFA9DF8473A013B072B3FF689AEDFE86B
:1045F00003F004080C1014181C2001A813F004F98F
:104600007EE601A814F01AFA7AE601A811F088FDF6
:1046100076E601A811F0D2FF72E601A80CF0D0FDF9
:104620006EE601A80DF026F86AE601A80DF07CFA06
:1046300066E601A80DF0D2FC62E601A80DF028FFA5
:104640005EE601A80EF07EF95AE601A80EF0D4FB52
:1046500056E601A80EF02AFE52E601A80FF080F8F7
:104660004EE601A80FF0D6FA4AE601A814F02CFC99
:1046700046E601A814F054FE42E600BF80B5ADF650
:10468000582D4FF40074224600210DF6580023F0F7
:10469000E1F8322200210DF6240023F0DBF8224657
:1046A00000210DF2246023F0D5F8224600210DF2FE
:1046B000244023F0CFF82246002189A823F0CAF82D
:1046C0002246002109A823F0C5F81E22002101A8D6
:1046D00023F0C0F84FF40025DFF83C819FED448AB9
:1046E000444ED4E0224600210DF2246023F0B2F8BB
:1046F000224600210DF2244023F0ACF8224600218E
:1047000089A823F0A7F82246002109A823F0A2F8DF
:104710004FF4022022F070FA22F01EFE0028FBD196
:104720004FF402210DF224601EF06EFF22F014FE01
:104730000028FBD130490DF224401EF065FF22F025
:104740000BFE0028FBD12D4989A81EF05DFF22F049
:1047500003FE0028FBD12A4909A81EF055FF22F0CC
:10476000FBFD0028FBD140E11123CDF8603840F279
:10477000A46020F0D7FE5BE13C23CDF8A4380BE227
:10478000204B93ED007AD3ED007A1F4B19781F4B25
:104790001B78BCEEC77A17EE102AA6FB020292091C
:1047A00043EA012343EA0263FCEEE77A17EE902A1C
:1047B000A6FB0212920943EA0243CDF8583837E0CB
:1047C000C3F3074207EE902AF8EE677A67EE887A1D
:1047D0000F4AC2ED007A97E21A0E07EE902AF8EE21
:1047E000677A67EE887A0B4AC2ED007A92E200BFE0
:1047F00000007A44D34D6210002208000024080013
:1048000000260800F89D0120E19B0120E09B01208B
:10481000E4990120E8990120000048431B0E07EEAF
:10482000903AF8EE677A67EE887ACA4BC3ED007A61
:10483000284622F0E1F922F08FFD0028FBD129461D
:104840000DF658001EF0E0FE22F086FD0028FBD198
:1048500032273A4600210DF6240022F0FBFFDDF856
:10486000CC29BD490DF6240022F06AFA39460DF62E
:1048700024001CF051FF22F04DFF0028FBD0B74B65
:1048800018681AF047FF4FF47A7020F099F8224622
:1048900029460DF6580022F081FE22F05DFD002829
:1048A000FBD122464FF402210DF2246022F076FE65
:1048B00022F052FD0028FBD12246A9490DF22440E6
:1048C00022F06CFE22F048FD0028FBD12246A549CB
:1048D00089A822F063FE22F03FFD0028FBD14FF4AF
:1048E000E872A14909A822F059FE22F035FD0028FE
:1048F000FBD1DDF88C391A0E8DF804201A0C8DF8D6
:1049000005201A0A8DF806208DF80730DDF8903959
:104910001A0E8DF808201A0C8DF809201A0A8DF845
:104920000A208DF80B30DDF894391A0E8DF80C2022
:104930001A0C8DF80D201A0A8DF80E208DF80F3004
:10494000DDF898391A0E8DF810201A0C8DF8112008
:104950001A0A8DF812208DF81330DDF89C391A0EE2
:104960008DF814201A0C8DF815201A0A8DF81620CF
:104970008DF81730DDF8A0391A0E8DF818201A0CB2
:104980008DF819201A0A8DF81A208DF81B30DDF8E1
:10499000A4391A0E8DF81C201A0C8DF81D201A0A45
:1049A0008DF81E208DF81F30DDF8A8391A0E8DF80D
:1049B00020201B0C8DF8213001A81DF095FCDDF89E
:1049C0002436B3F1FF3F3FF48DAEDDF82434B3F16C
:1049D000FF3F3FF487AE899BB3F1FF3F3FF482AEC8
:1049E000099BB3F1FF3F3FF47DAEDDF8CC39B3F165
:1049F000FF3F04BF0023CDF8CC39DDF8CC390133BB
:104A0000CDF8CC39DDF85C38B3F1FF3F04BF0123AA
:104A1000CDF85C38DDF86038B3F1FF3F3FF4A4AE69
:104A200003EB830303EB8303980080B220F07AFD4D
:104A3000DDF86838B3F1FF3F07BF0123CDF86838D0
:104A40004A4A1370DDF86C38B3F1FF3F07BF01230A
:104A5000CDF86C38464A1370DDF87038B3F1FF3F7B
:104A600007BF5023CDF87038424A1370DDF8743810
:104A7000B3F1FF3F07BF4623CDF874383E4A1370A9
:104A8000DDF88038B3F1FF3F07BF1423CDF880383D
:104A90003A4A1370DDF88438B3F1FF3F04BF0123B5
:104AA000CDF88438DDF87C38B3F1FF3F07BFB4237D
:104AB000CDF87C38324A1380DDF87838B3F1FF3F07
:104AC00007BF4FF48273CDF878382E4A1380DDF893
:104AD0008838B3F1FF3F07BF4123CDF888382A4A11
:104AE0001370DDF88C38B3F1FF3F07BF4123CDF8D9
:104AF0008C38264A1370DDF89038B3F1FF3F07BFBA
:104B00003C23CDF89038224A1370DDF89438B3F185
:104B1000FF3F07BF3C23CDF894381E4A1370DDF8E1
:104B2000A038B3F1FF3F04BF0123CDF8A038DDF872
:104B3000A428B2F1FF3F3FF41FAE4FF47A7303FB9A
:104B400002F307EE903AF8EE677A024BC3ED007A73
:104B500022E000BFF89D01204C4F01000499012084
:104B6000002208000024080000260800969D01206D
:104B7000979D01208B9D01207F9D01202B9D012071
:104B80008A9C01206A9C0120EB9C01200B9D012046
:104B9000EA9C01200A9D0120DDF8A838B3F1FF3F0F
:104BA00007BFC823CDF8A838604BC3F80080DDF8F4
:104BB000AC38B3F1FF3F07BFC823CDF8AC385C4B2E
:104BC000C3F80080DDF8B038B3F1FF3F07BF012321
:104BD000CDF8B038574A1370DDF8B438B3F1FF3F61
:104BE00004BF0123CDF8B438DDF8BC38B3F1FF3F82
:104BF00004BF47F23053CDF8BC38DDF8C038B3F10C
:104C0000FF3F04BF4FF47A73CDF8C038DDF8C438E5
:104C1000B3F1FF3F04BF6423CDF8C438DDF8D838C2
:104C2000B3F1FF3F04BF0123CDF8D838DDF8D03809
:104C3000B3F1FF3F07BF0123CDF8D0383E4A1370D0
:104C4000DDF8D438B3F1FF3F07BF0123CDF8D438E6
:104C50003A4A1370DDF8DC38B3F1FF3F07BF012398
:104C6000CDF8DC38364A1370DDF8E038B3F1FF3F99
:104C700007BF0123CDF8E038324A1370DDF8E4387D
:104C8000B3F1FF3F04BF0123CDF8E438DDF8E83885
:104C9000B3F1FF3F04BF4123CDF8E838DDF8EC382D
:104CA000B3F1FF3F07BF0123CDF8EC38264A13705C
:104CB000DDF8F038B3F1FF3F07BF0123CDF8F0383E
:104CC000224A1370DDF8C838B3F1FF3F04BF012357
:104CD000CDF8C838DDF8CC38B3F1FF3F04BF01236D
:104CE000CDF8CC38DDF85838B3F1FF3F3FF448AD8C
:104CF000DAB217490A70C3F30722164802700A781D
:104D0000D2B2012A3FF45CAD124A1278D2B2012A23
:104D10003FF462AD0E4A1278002A3FF47FAD0D4A8F
:104D20001278002A7FF484AD78E500BFE49D01206D
:104D3000E89D01203A9D01201A9D01201B9D012024
:104D40004B9D01204A9D01202A9D01203B9D012071
:104D5000E09B0120E19B0120476F696E672066722E
:104D60006F6D2053544152545F53544F505F415222
:104D70005B305D203D3D20310D0A0000476F696EBC
:104D8000672066726F6D2053544152545F53544FE5
:104D9000505F41525B305D203D3D20330D0A0000E5
:104DA000476F696E672066726F6D2053544152548D
:104DB0005F53544F505F41525B305D203D3D203486
:104DC0000D0A000025302E31662E30200000000034
:104DD0000000FF00FF000000FF02FED515160000D6
:104DE0005354415254204348415247452052454371
:104DF000454956454420310D0A00000053544152A4
:104E00005420434841524745205245434549564561
:104E10004420320D0A00000053546F702052454365
:104E20004549564544203120424F4F4B494E47207B
:104E30004944203A20256C640D0A000053546F70D9
:104E4000205245434549564544203220424F4F4B5E
:104E5000494E47204944203A20256C640D0A000041
:104E60002079656172203A202564202C20504F570C
:104E700045522052454320636867203A2025640D3F
:104E80000A000000504F5745522052454320313A06
:104E90002025640D0A000000504F5745522052450E
:104EA0004320323A2025640D0A000000504F574538
:104EB000522052454320313A20434C45415245440B
:104EC0000D0A0000504F5745522052454320323AB8
:104ED00020434C45415245440D0A00005479706509
:104EE0003A2025642C20496E6465783A2025642C8C
:104EF00020446174613A20256C6400005479706527
:104F00003A2025642C20496E6465783A2025640097
:104F1000040400000028F04104040028002870491F
:104F2000020400000028F027030400000028F1F626
:104F3000555500000000FF03FDD4140117000000C8
:104F40000000FF04FCD44A0200E000005245535424
:104F500041525420434F554E54206166746572206F
:104F6000626F6F746C6F61646572206973203A20A0
:104F7000256C640D0A000000435243204E4F54201C
:104F80004D41544348204143320D0A00616C6C5F2F
:104F90007265635F74696D657200000072656331EC
:104FA0005F74696D65720000726563325F74696D6C
:104FB00065720000726563335F74696D657200002D
:104FC000726563345F74696D65720000726669644E
:104FD000646174615F74696D657200006D6574650C
:104FE000725F6368616E67655F74696D657200000A
:104FF0006C6976655F6D61696E735F74696D65720A
:10500000000000006D65726765725F74696D65729E
:105010000000000047756E315F4368617267696E1A
:10502000675F74696D65720047756E325F436861D2
:105030007267696E675F74696D6572005F35305FB6
:105040007365635F74696D65720000005F323030B4
:105050005F7365635F74696D657200005F35303042
:105060005F7365635F74696D657200005F31303036
:10507000305F7365635F74696D657200706C633176
:105080005F74696D65720000706C63325F74696D86
:1050900065720000616C6C5F706C635F74696D6554
:1050A0007200000061635F74696D6572000000004A
:1050B0006463315F74696D65720000006463325F20
:1050C00074696D6572000000726669645F74696D71
:1050D00065720000686D695F74696D65720000003B
:1050E0006D6F64656D5F74696D657200484D495FF1
:1050F000444154415F5400006573705F64617461A2
:105100005F74696D65720000726669645F73656ED5
:10511000645F74696D657200656D657267656E6365
:10512000795F74696D657200537461727444656669
:1051300061756C745461736B00000000537461728C
:105140007435306D7365635461736B0053746172B1
:10515000743230306D7365635461736B000000000E
:1051600053746172743530306D7365635461736B61
:10517000000000005374617274313030306D73651B
:10518000635461736B00000053746172745F524525
:10519000435449464945525F5441534B0000000077
:1051A00053746172745F315F504C435F4D414E41A7
:1051B00047455F5441534B0053746172745F325FD3
:1051C000504C435F4D414E4147455F5441534B0066
:1051D00053746172745F4553505F53454E445F543E
:1051E00041534B0053746172745F524649445F539C
:1051F000454E445F5441536B00000000537461728C
:10520000745F4144435F5441534B000053746172D7
:10521000745F5247425F53454E445F5441534B00C5
:1052200053746172745F534D4F4B455F4C494D4908
:10523000545F5441534B000053746172745F4932A0
:10524000435F544D505F48554D5F5441534B0000F0
:1052500053746172745F4D455445525F52585F54A8
:1052600041534B0053746172745F524649445F521C
:10527000585F5441534B000053746172745F45533F
:10528000505F52585F5441534B0000005374617299
:105290007443414E726563696576655461736B0052
:1052A00053746172745F53494D554C41544F525F72
:1052B0005441534B0000000053746172745F484DB9
:1052C000495F54585F5441534B000000537461725E
:1052D000745F484D495F52585F5441534B00000082
:1052E00053746172745F454D455247454E43595F53
:1052F0005441534B0000000053746172745F455277
:10530000524F525F434F44455F5441534B0000009E
:1053100053746172745F4D41494E535F5441534B16
:105320000000000053746172745F4C45445F544147
:10533000534B000053746172745F47554E315F5098
:105340004152414D5F5441534B0000005374617210
:10535000745F47554E325F504152414D5F54415347
:105360004B00000053746172745F464C4153485FB8
:10537000524541445F5441534B00000053746172E5
:10538000745F464C4153485F57524954455F5441FE
:10539000534B000053746172745F444154415F5039
:1053A0004F50554C4154455F5441534B0000000051
:1053B00053746172745F4D455445525F53454E447A
:1053C0005F5441534B00000053746172745F464157
:1053D0004E5F5441534B00002DE9F0412DED028BFF
:1053E00088B0002503950495BF4CDFEDC08A9FED82
:1053F000C08A82E0F4EEE87AF1EE10FA00F3A980B8
:10540000BC4BD3ED007AF4EEE87AF1EE10FA40F2FC
:10541000AF80DFF8E082D8ED007A67EE887AB64D8B
:10542000FCEEE77A17EE901A28461DF0B9FD3220FF
:105430001FF0C6FAB14FD7ED007A67EE887AFCEE1E
:10544000E77A17EE901A28461DF06EFA32201FF008
:10545000B7FA28461EF0D8FA32201FF0B1FAD8ED7C
:10546000007A67EE887A05F54045FCEEE77A17EE9C
:10547000901A28461DF094FD32201FF0A1FAD7EDB6
:10548000007A67EE887AFCEEE77A17EE901A2846E3
:105490001DF04AFA32201FF093FA28461EF0B4FAA3
:1054A00032201FF08DFA002E71D00025944B1B780E
:1054B000DBB2012B00F06082924B1B78DBB2012B38
:1054C00000F069822378012B14D18F481EF03CFB39
:1054D00032201FF075FA8D481EF036FB32201FF087
:1054E0006FFA85481EF010FB32201FF069FA8848D9
:1054F0001EF00AFB64201FF063FA002205A9854B09
:10550000186819F017FB0028D0D09DF81C609DF892
:105510001D309DED057A794A82ED007ADDED067A3F
:10552000744AC2ED007A022B44D0032B00F0F680BF
:10553000012BBBD100232370F7EE006AB4EEE67AAC
:10554000F1EE10FA7FF556AF6C4B4FF080421A60C7
:1055500050E7012168481DF0B1FF32201FF030FAFA
:1055600001216B481DF0AAFF32201FF029FA47E7FE
:10557000002161481DF0A2FF32201FF021FA002116
:1055800063481DF09BFF32201FF01AFA41E7624B7F
:105590004FF40022C3F8182128461DF0B5FC022064
:1055A0001FF00EFA54481DF0AFFC02201FF008FA5D
:1055B00035467BE700232370F4EEE87AF1EE10FA2B
:1055C00060DC4C4BD3ED007AF4EEE87AF1EE10FAA1
:1055D00067D94A4B93ED007AF7EE007AB4EEE77A9A
:1055E000F1EE10FA48BFC3ED007ADFF80881D8ED7C
:1055F000007A67EE887A444DFCEEE77A17EE901A4F
:1056000028461DF0F3FC32201FF0DAF93B4FD7EDAE
:10561000007A67EE887AFCEEE77A17EE901A284651
:105620001DF0ACF932201FF0CBF928461EF00CFA21
:1056300032201FF0C5F9D8ED007A67EE887A05F5BB
:105640008035FCEEE77A17EE901A28461DF0CEFC66
:1056500032201FF0B5F9D7ED007A67EE887AFCEEBC
:10566000E77A17EE901A28461DF088F932201FF0CD
:10567000A7F928461EF0E8F932201FF0A1F9FEB183
:10568000002513E7012120481DF03AFF32201FF0CA
:1056900097F901211D481DF033FF32201FF090F9CA
:1056A0008FE7002118481DF02BFF32201FF088F9EA
:1056B000002116481DF024FF32201FF081F988E7F1
:1056C000154B4FF48012C3F8182128461DF042FCF8
:1056D00032201FF075F90C481DF03CFC32201FF001
:1056E0006FF93546E2E600BF0E9C01200000FA4348
:1056F00000007A44049E012000402002F09A01201C
:10570000D39B0120D99B012000002202000023022C
:1057100000002102F499012000800041002D00F0DA
:10572000BC80A44B93ED007AF7EE007AB4EEE77AF2
:10573000F1EE10FA44BF4FF080421A609E4BD3ED59
:10574000007AF4EEE87AF1EE10FA00F3B4809A4BA6
:10575000D3ED007AF4EEE87AF1EE10FA40F2C88068
:10576000954FD7ED007A67EE887ADFF86082FCEE1D
:10577000E77A17EE901A40461DF012FC32201FF017
:105780001FF98C4DD5ED007A67EE887AFCEEE77A4A
:1057900017EE901A40461DF0C7F832201FF010F99E
:1057A00040461EF031F932201FF00AF9D7ED007A99
:1057B00067EE887A08F54048FCEEE77A17EE901A13
:1057C00040461DF0EDFB32201FF0FAF8D5ED007ACF
:1057D00067EE887AFCEEE77A17EE901A40461DF0E5
:1057E000A3F832201FF0ECF840461EF00DF93220ED
:1057F0001FF0E6F8D7ED007A67EE887A08F5803872
:10580000FCEEE77A17EE901A40461DF0EFFB3220CF
:105810001FF0D6F8D5ED007A67EE887AFCEEE77ACD
:1058200017EE901A40461DF0A9F832201FF0C8F874
:1058300040461EF009F932201FF0C2F8D7ED007A79
:1058400067EE887A5D4FFCEEE77A17EE901A3846DD
:105850001DF0CCFB32201FF0B3F8D5ED007A67EED7
:10586000887AFCEEE77A17EE901A38461DF086F833
:1058700032201FF0A5F838461EF0E6F832201FF05F
:105880009FF8002E51D00125012323704C4B1B782B
:10589000DBB2012B7FF410AE70E04A4B1D6822F0A2
:1058A00067F942F210730093002302460121284653
:1058B0001DF0CAFF35E7012143481DF021FE3220CB
:1058C0001FF07EF801213D481DF01AFE32201FF026
:1058D00077F801213D481DF0F1FD32201FF070F8EE
:1058E00001213B481DF0EAFD32201FF069F82EE748
:1058F000002135481DF004FE32201FF061F8002120
:105900002E481DF0FDFD32201FF05AF800212F48CF
:105910001DF0D4FD32201FF053F800212C481DF05B
:10592000CDFD32201FF04CF81AE72A4B4FF48012BD
:10593000C3F818214FF40022C3F818214FF40012C5
:10594000C3F8182138461DF0DFFA32201FF038F86E
:1059500040461DF0D9FA32201FF032F81C481DF0E5
:10596000F9FA02201FF02CF818481DF0F3FA022073
:105970001FF026F8354687E7237813B1164B1B78BE
:10598000A0E512481EF0C0F832201FF019F81048A8
:105990001EF0BAF890E52378002B7FF493AD0A4807
:1059A0001EF0D2F832201FF00BF804481EF0CCF89D
:1059B00088E500BFF09A0120049E01200000230228
:1059C000D39B01202C9B01200000220200402002DA
:1059D0000000210200800041D99B01202DE9804870
:1059E000A1B000211691462204A821F033FFB94C42
:1059F000B94FDFF82093B94EDFF81C83B84DA3E10F
:105A00000020B84B58601FF027FE64201EF0D8FF1E
:105A1000C0E1B44B8822DA66012020F0B5FC642096
:105A20001EF0CEFF022300221FA9AF48006818F025
:105A300063FF022300221EA9AC48006818F05CFF37
:105A4000B6E14FF0000AAA4B83F800A0DFF8CCB211
:105A50000A230093534652460321DBF800001DF051
:105A6000F3FEDBF800B022F083F847F230530093E6
:105A700053460246012158461DF0E6FE994BC3F8F5
:105A800008A050461FF082FE98E199F80030DBB282
:105A9000012B40F09881934B00225A6493E198F8CF
:105AA0000030DBB2012B40F093818E4B00229A64D0
:105AB0008EE10A23009300231A4603218D480068D3
:105AC0001DF0C2FE4FF0000A87F800A050461FF0FC
:105AD00073FE4622514604A821F0BCFE864B1B787B
:105AE000DBB2162B40F07981824BD3F800A022F074
:105AF0003FF847F2305300930023024601215046FD
:105B00001DF0A2FE69E10A23009300231A46032137
:105B10007A4800681DF098FE4FF0000A89F800A04E
:105B200050461FF05FFE4622514604A821F092FE27
:105B3000714B1B78DBB2162B40F055816F4BD3F8BD
:105B400000A022F015F849F64043009300230246D6
:105B5000012150461DF078FE45E10A230093002301
:105B60001A460321664800681DF06EFE4FF0000AD9
:105B700086F800A050461FF04BFE4622514604A86E
:105B800021F068FE5F4B1B78DBB2162B40F03081B2
:105B90005B4BD3F800A021F0EBFF4CF250330093A5
:105BA00000230246012150461DF04EFE20E10A234B
:105BB000009300231A460321534800681DF044FE59
:105BC0004FF0000A88F800A050461FF037FE46222A
:105BD000514604A821F03EFE4A4B1B78DBB2162B3F
:105BE00040F00C81484BD3F800A021F0C1FF4EF6E5
:105BF0006023009300230246012150461DF024FE3D
:105C0000FCE09DF870209DF871301B0443EA0263AC
:105C10009DF8732013439DF8722043EA02233B4A08
:105C200082FB0312DB17C3EBA2132B70F7E09DF886
:105C300070209DF871301B0443EA02639DF87320C5
:105C400013439DF8722043EA0223304A82FB031279
:105C5000DB17C3EBA2136B70E1E0FCEEE77A17EE03
:105C6000903A98B220F052F8294BD3ED007AFDEE2D
:105C7000E77A17EE903A8DF85C30E3E09DF8642007
:105C80009DF865301B0443EA02639DF867201343C7
:105C90009DF8662043EA02231C4A82FB0312DB17AD
:105CA000C3EBA213AB70E1E09DF864209DF8653072
:105CB0001B0443EA02639DF8672013439DF86620A6
:105CC00043EA0223114A82FB0312DB17C3EBA21340
:105CD000EB70CBE0008000411A9C01201C9C01204D
:105CE0004C9B0120E08F0120F4980120F8980120BE
:105CF000EE9B0120509B0120AD9B0120549B012075
:105D0000589B0120B19B01205C9B0120D34D621068
:105D10007C9901201B9C01201D9C0120D89A012008
:105D20002B6803930223002203A96448006818F03B
:105D3000E3FD0223002217A96148006818F0DCFD8A
:105D400041F288301EF03CFE236A236AD4F8A0306A
:105D500013F0007F3FF454AE5A4B67225A604FF065
:105D6000000A8DF87CA00E238DF8783001201FF0FA
:105D700073FC64201EF024FE022352461FA95248E1
:105D8000006818F0B9FD022352461EA94F4800686A
:105D900018F0B2FDD4F8A03013F0807F3FF439AE94
:105DA0000020484BD86620F0EFFA64201EF008FE71
:105DB000474B1B78DBB2012B3FF443AE3B78DBB2A1
:105DC000012B3FF462AE3378DBB2012B3FF467AEB8
:105DD0003B78DBB2012B3FF46CAE99F80030DBB2BC
:105DE000012B3FF490AE3378DBB2012B3FF4B5AE1C
:105DF00098F80030DBB2012B3FF4D9AE16AA1BA9EC
:105E0000344B18681BF0EDF9E0B11D9BB3F5087F2A
:105E10003FF4F7AE40F2212293423FF408AF2B78D3
:105E200083B16A7872B113445B1007EE903AF8EED2
:105E3000E77A294BC3ED007AF5EE407AF1EE10FADD
:105E40007FF40BAF16AA18A9244B18681BF0C9F9E8
:105E500000283FF465AF1A9B40F2222293423FF4A0
:105E60000DAF40F2232293423FF41EAFAB78002BDC
:105E70003FF456AFEA78002A3FF452AF13445B1068
:105E800007EE903AF8EEE77A154BC3ED007AF5EE9F
:105E9000407AF1EE10FA3FF443AFFCEEE77A17EEEA
:105EA000903A98B21FF024F90D4BD3ED007AFDEE35
:105EB000E77A17EE903A8DF85D3031E7F0990120DE
:105EC00050990120E08F0120F4980120F8980120DA
:105ED000EE9B0120FC9901207C990120EC99012086
:105EE000889901202DE9804885B00023029303930F
:105EF000DFF800B1DFF800A10125BEE12C4A002344
:105F0000136053602B4A136053602B4A1360536035
:105F10002A4A136053602A4A13605360294A136067
:105F20005360294A1370ADE1284A0023136053607F
:105F3000274A13605360274A13605360264A136050
:105F40005360264A13605360254A13605360254A04
:105F500013709CE1244A934200F0BA810DD9234A80
:105F6000934200F0BC81013293424DD1144B04AAFC
:105F700012E9030083E8030046E0023A93423DD071
:105F80000132934240D10B4B04AA12E9030083E88B
:105F9000030039E0164A934200F0AF810132934288
:105FA00032D10B4B04AA12E9030083E803002BE073
:105FB000A0970120A8970120B0970120B897012051
:105FC000C0970120C8970120CD9B0120089801208F
:105FD000109801201898012020980120289801206D
:105FE00030980120D79B01200AC0EC150BC0EC159E
:105FF00008C4EC150DC0EC150AC4EC15C64B04AA78
:1060000012E9030083E80300C44C0027276067609F
:10601000DFF87093C9F800404023E3702368C04A5A
:1060200062F31C0323604FF0080884F80680BA4B23
:1060300004EB080693E8030086E80300214628469F
:106040001CF018FD28461EF0BBFC27606760C9F8ED
:1060500000404023E3702368B24A62F31C032360CC
:1060600084F80680B04B93E8030086E803002146DD
:1060700028461CF0FFFC28461EF0A2FC2760676043
:10608000C9F800404023E3702368A84A62F31C0368
:10609000236084F80680A64B93E8030086E803009B
:1060A000214628461CF0E6FC28461EF089FC2760A5
:1060B0006760C9F800404023E37023689D4A62F39B
:1060C0001C03236084F806809B4B93E8030086E85A
:1060D0000300214628461CF0CDFC28461EF070FC2B
:1060E00027606760C9F800404023E3702368934A43
:1060F00062F31C03236084F80680914B93E803004D
:1061000086E80300214628461CF0B4FC28461EF011
:1061100057FC27606760C9F800404023E37023689C
:106120006BF31C03236084F80680864B93E803001E
:1061300086E80300214628461CF09CFC28461EF0F9
:106140003FFC27606760C9F800404023E370236884
:106150007D4A62F31C03236084F806807B4B93E83E
:10616000030086E80300214628461CF083FC2846ED
:106170001EF026FC27606760C9F800404023E370EA
:106180002368734A62F31C03236084F80680714B12
:1061900093E8030086E80300214628461CF06AFCC9
:1061A00028461EF00DFC27606760C9F800404023B8
:1061B000E37023686AF31C03236084F80680664B4F
:1061C00093E8030086E80300214628461CF052FCB1
:1061D00028461EF0F5FB27606760C9F800404023A1
:1061E000E37023685D4A62F31C03236084F8068031
:1061F0005B4B93E8030086E80300214628461CF029
:1062000039FC28461EF0DCFB27606760C9F80040B7
:106210004023E3702368534A62F31C03236084F82D
:106220000680514B93E8030086E803002146284688
:106230001CF020FC28461EF0C3FB27606760C9F8ED
:1062400000404023E3702368484A62F31C03236044
:1062500084F80680464B93E8030086E80300214655
:1062600028461CF007FC28461EF0AAFB414B186884
:1062700019F050FA28461EF0A3FB3F4B1B78012B68
:106280003FF43CAE3D4B1B78012B3FF44DAE00225A
:1062900001A93B4B186818F04DFC00283FF4B4AE40
:1062A000019B5B4522D07FF655AE53452CD07FF63F
:1062B00071AE2C4A93426ED066D3013293427FF482
:1062C000A3AE2B4B04AA12E9030083E803009BE66C
:1062D000174B04AA12E9030083E8030094E6164B67
:1062E00004AA12E9030083E803008DE6154B04AA13
:1062F00012E9030083E8030086E6144B04AA12E9BE
:10630000030083E803007FE6134B04AA12E90300AD
:1063100083E8030078E600BFA0970120D096012013
:1063200008C0EC1509C0EC15A89701200AC0EC15AF
:10633000B09701200BC0EC15B89701200CC0EC15EC
:10634000C0970120C897012008C4EC1508980120C7
:1063500009C4EC1510980120189801200BC4EC1505
:10636000209801200CC4EC15289801200DC4EC15D0
:1063700030980120589A0120CD9B0120D79B012005
:10638000549A0120849B0120064B04AA12E90300C1
:1063900083E8030038E6044B04AA12E9030083E80B
:1063A000030031E62098012028980120006A7047F8
:1063B0002DE9F04F2DED028BD2E9008997B0CDE9A0
:1063C0000C138B6808930B690F90D1E900B61493F6
:1063D000CD6800220023404649461EF039FA40B9F4
:1063E0001BF0040F32D11BF00803059330D020239B
:1063F00003E089F0004399462D232B70089B03F19D
:10640000FF3A012305934C4929F0004300208B42B9
:1064100008BF80451FD10D9B413B192B059B94BFA5
:10642000464947492B44184621F0E4FB284621F011
:1064300019FACDF800B00246089B0F9829461AF0C9
:1064400051FE17B0BDEC028BBDE8F08F2B23D4E7D3
:10645000DDF820A0D7E7994208BF404509D20D9B3F
:10646000413B192B059B94BF364937492B441846AD
:10647000DAE700220023404649461EF008FB9FED64
:106480002C7B8DED027B48B300240D9821F007FA98
:10649000002EC3B20993C0F2D781672B5AD1002EC8
:1064A00008BF0126231D02DBB442C0F2C681652766
:1064B00061E09DED067B8DED027B01340022234BD4
:1064C000DDE9020118F080F942464B46CDE90601AC
:1064D0001EF0A2F90028ECD000271FE00446EDE7EB
:1064E00014F5967F11DA87B90022194B40464946C8
:1064F00018F06AF9002280468946154BDDE9020151
:1065000018F062F9CDE902010127DDE9020100225C
:106510000E4B15F01FFBCDE90201013CDDE9022322
:10652000404649461EF094F90028D9D1ADE700BF96
:10653000000000000000F03F0000F07F44780300FE
:10654000487803004C780300507803000000244092
:1065500000005043099F662F06F101060BD1002C65
:1065600004DA9FEDBD7B8DED027B0024099B672B38
:1065700018BF361966279DED027BCDE906898DEDA2
:106580000A7B00230E93DDE90A23DDE9060115F0FD
:10659000E1FA41EC100B19F08BF951EC100BB0EE55
:1065A000408AF0EE608A1CF0DDFDB0EE480AF0EEA5
:1065B000680A069B1093079B159083F00043119384
:1065C0009DED0A1B9DED102B1FF0CCFB53EC102B07
:1065D00083F000430793DDE90A01A34B8DED060A22
:1065E000002215F0B7FA0E9B01339E42CDE90A0155
:1065F0000E93C8D100229D4B18F0E6F8CDE90A01B0
:1066000002460B46DDE906011EF022F9002840F0A3
:106610008180DDE90A23DDE906011EF038FA10B1B8
:10662000159BDA0776D5DDE90A234046494615F081
:106630005FF80022CDE906018B4BDDE9020118F07D
:10664000C3F8DDE90623CDE90A011DF033FB00287C
:1066500065D0662F04F1010465D10136A146A9EB8E
:1066600006034FF00008059E1093CDF80880109B9C
:10667000994540F08180029B002B00F0C880A8194A
:106680000022652F027029D1149B1499013B94427A
:10669000EA54C1F1030EBCBF644201220A21002C5E
:1066A00040F0BC800EEB030CBCF1000F00F3B68091
:1066B000002A03F1FF3114BF2D222B226A540D9AB8
:1066C000023B413A192A05EB030198BF45279E4238
:1066D0000F70AAF1020A01DA21F08CFA0BF0030321
:1066E000022B7FF4A3AEBAF1000F7FF79FAE2846CE
:1066F00021F0B8F805EB0A03059A824240F399802D
:10670000059B2B4418465246302121F0A3F8002364
:1067100008938BE69FED527B8DED0A7B83E79DED21
:10672000027B8DED0A7B652F14BFA1464FF0000957
:1067300095E7029A52B9B9F1000F07DA0E992E22A5
:106740006A54012201360AF1FF3A029205EB080170
:10675000AA193144302001E002F8010B9142FBD12B
:1067600008EB06023033AAEB080808F1FF3A561C82
:10677000AB544FF0000828E00C9B0E961B69053BBC
:10678000B3427FF678AFDDE90A23DDE9060115F0B3
:10679000E1F941EC100B19F08BF851EC100BB0EE55
:1067A000408AF0EE608A1CF0DDFC0BF01002092834
:1067B0000346A8BF09230243BBD1099A672AB8D16F
:1067C000B9F1000FC2DA08F10108069B1293079B8A
:1067D000B0EE480AF0EE680A83F0004313939DED93
:1067E0000A1B9DED122B1FF0BDFA53EC102B83F00A
:1067F00000430793DDE90A0100221B4B8DED060AD9
:1068000015F0A8F909F1FF39CDE90A012FE71BF0CE
:10681000100F1EBF2E23AB55013630E7B4FBF1FC41
:10682000013B01FB1C443034EC540AF1FF3A64464E
:1068300035E72A5C1A5401385EE7002CBFF69AAEA1
:10684000662788E606262DE6099B672BFAD01F46A9
:10685000062680E6AFF30080000000000000F03F55
:106860000000000000000000000024400000144070
:1068700038B50446D5485A230370A523437007232F
:1068800083708223C37014230371A62343710023F2
:106890008371C371D4F894301A0A02724372CC4BDC
:1068A0004FF400229A610A211AF070FF20F042FF93
:1068B0000028FBD0C64B4FF400225A61C3485A212E
:1068C0000170A5214170052181708221C1701421C0
:1068D0000171CE21417100218171B4F89610C1710E
:1068E0009A6108211AF052FF20F024FF0028FBD003
:1068F000B74B4FF400225A61B4485A210170A521C8
:106900004170052181708221C17014210171AA2179
:10691000417100218171D4F88810C1719A610821F8
:106920001AF034FF20F006FF0028FBD0A84A4FF4ED
:1069300000215161A5485A230370A5234370052304
:1069400083708223C37014230371AC23437100232B
:106950008371D4F888301B0AC371916108211AF041
:1069600015FF20F0E7FE0028FBD0994B4FF40022E2
:106970005A6196485A210170A52141700521817004
:106980008221C17014210171AE21417100218171F8
:10699000B4F88A10C1719A6108211AF0F7FE20F04C
:1069A000C9FE0028FBD08A4B4FF400225A61874869
:1069B0005A210170A5214170052181708221C17089
:1069C00014210171B021417100218171B4F892103C
:1069D000C1719A6108211AF0D9FE20F0ABFE00289F
:1069E000FBD07B4A4FF40021516178485A23037051
:1069F000A5234370052383708223C370142303717E
:106A0000B223437100238371D4F890301B0AC37101
:106A1000916108211AF0BAFE20F08CFE0028FBD00C
:106A20006B4B4FF400225A6168485A210170A5212E
:106A30004170052181708221C17014210171B4213E
:106A4000417100218171D4F89010C1719A610821BF
:106A50001AF09CFE20F06EFE0028FBD05C4A4FF43A
:106A60000021516159485A230370A523437007231D
:106A700083708223C37014230371CA234371D4F833
:106A800080301D0E85711D0CC5711D0A0572437283
:106A900091610A211AF07AFE20F04CFE0028FBD00A
:106AA0004B4A4FF40021516148485A230370A523F3
:106AB0004370072383708223C37014230371CF2391
:106AC000437100238371C3710372B4F89E30437223
:106AD00091610A211AF05AFE20F02CFE0028FBD00A
:106AE0003B4B4FF400225A6138485A210170A521CE
:106AF0004170072181708221C17014210171C6216A
:106B0000417100218171C171D4F89C100D0A057288
:106B100041729A610A211AF039FE20F00BFE00281A
:106B2000FBD02B4B4FF400225A6128485A210170A8
:106B3000A5214170052181708221C170142101714C
:106B4000B621417100218171D4F88410C1719A611C
:106B500008211AF01BFE20F0EDFD0028FBD01C4A96
:106B60004FF40021516119485A230370A523437043
:106B7000052383708223C37014230371B8234371E8
:106B800000238371D4F884301B0AC37191610821FA
:106B90001AF0FCFD20F0CEFD0028FBD00C4B4FF48A
:106BA00000225A6109485A210170A521417005212E
:106BB00081708221C17014210171BA2141710021BB
:106BC0008171B4F88610C1719A6103E0509501207B
:106BD0000080004108211AF0D9FD20F0ABFD00280B
:106BE000FBD04E4B4FF400225A614D485A210170A0
:106BF000A5214170052181708221C170142101718C
:106C0000BC21417100218171B4F88E10C1719A616B
:106C100008211AF0BBFD20F08DFD0028FBD03F4A73
:106C20004FF4002151613E485A230370A52343705D
:106C3000052383708223C37014230371BE23437121
:106C400000238371D4F88C301B0AC3719161082131
:106C50001AF09CFD20F06EFD0028FBD02F4B4FF466
:106C600000225A612E485A210170A5214170052148
:106C700081708221C17014210171C02141710021F4
:106C80008171D4F88C10C1719A6108211AF07EFDCF
:106C900020F050FD0028FBD0204B4FF400225A6119
:106CA0001F485A210170A521417005218170822160
:106CB000C17014210171C221417100218171B4F8A8
:106CC0009A10C1719A6108211AF060FD20F032FD1E
:106CD0000028FBD0114B4FF400225A6110485A2172
:106CE0000170A5214170052181708221C17014219C
:106CF0000171C421417100218171D4F89810C171D2
:106D00009A6108211AF042FD20F014FD0028FBD002
:106D1000024B4FF400225A6138BD00BF0080004191
:106D20005095012038B50446D5485A230370A52351
:106D30004370072383708223C37014230371A62337
:106D4000437100238371C371D4F8B4301A0A0272FC
:106D50004372CC4B4FF400229A610A211AF016FDBF
:106D600020F0E8FC0028FBD0C64B4FF400225A610B
:106D7000C3485A210170A5214170052181708221EB
:106D8000C17014210171CE21417100218171B4F8CB
:106D9000B610C1719A6108211AF0F8FC20F0CAFC03
:106DA0000028FBD0B74B4FF400225A61B4485A2157
:106DB0000170A5214170052181708221C1701421CB
:106DC0000171AA21417100218171D4F8A810C1710B
:106DD0009A6108211AF0DAFC20F0ACFC0028FBD004
:106DE000A84A4FF400215161A5485A230370A523F6
:106DF0004370052383708223C37014230371AC2373
:106E0000437100238371D4F8A8301B0AC3719161C8
:106E100008211AF0BBFC20F08DFC0028FBD0994B18
:106E20004FF400225A6196485A210170A521417001
:106E3000052181708221C17014210171AE2141713F
:106E400000218171B4F8AA10C1719A6108211AF069
:106E50009DFC20F06FFC0028FBD08A4B4FF40022F1
:106E60005A6187485A210170A5214170052181701E
:106E70008221C17014210171B02141710021817101
:106E8000B4F8B210C1719A6108211AF07FFC20F0A9
:106E900051FC0028FBD07B4A4FF400215161784817
:106EA0005A230370A5234370052383708223C37084
:106EB00014230371B223437100238371D4F8B030DB
:106EC0001B0AC371916108211AF060FC20F032FCAA
:106ED0000028FBD06B4B4FF400225A6168485A21BE
:106EE0000170A5214170052181708221C17014219A
:106EF0000171B421417100218171D4F8B010C171C8
:106F00009A6108211AF042FC20F014FC0028FBD002
:106F10005C4A4FF40021516159485A230370A5235C
:106F20004370072383708223C37014230371CA2321
:106F30004371D4F8A0301D0E85711D0CC5711D0A5A
:106F40000572437291610A211AF020FC20F0F2FBD5
:106F50000028FBD04B4A4FF40021516148485A2386
:106F60000370A5234370072383708223C370142307
:106F70000371CF23437100238371C3710372B4F88B
:106F8000BE30437291610A211AF000FC20F0D2FB5E
:106F90000028FBD03B4B4FF400225A6138485A215D
:106FA0000170A5214170072181708221C1701421D7
:106FB0000171C621417100218171C171D4F8BC10E9
:106FC0000D0A057241729A610A211AF0DFFB20F066
:106FD000B1FB0028FBD02B4B4FF400225A6128480C
:106FE0005A210170A5214170052181708221C17053
:106FF00014210171B621417100218171D4F8A410CE
:10700000C1719A6108211AF0C1FB20F093FB00289E
:10701000FBD01C4A4FF40021516119485A230370D8
:10702000A5234370052383708223C3701423037147
:10703000B823437100238371D4F8A4301B0AC371B1
:10704000916108211AF0A2FB20F074FB0028FBD00C
:107050000C4B4FF400225A6109485A210170A521B6
:107060004170052181708221C17014210171BA2102
:10707000417100218171B4F8A610C1719A6103E0D9
:10708000509501200080004108211AF07FFB20F07C
:1070900051FB0028FBD04E4B4FF400225A614D4863
:1070A0005A210170A5214170052181708221C17092
:1070B00014210171BC21417100218171B4F8AE101D
:1070C000C1719A6108211AF061FB20F033FB00289E
:1070D000FBD03F4A4FF4002151613E485A230370D0
:1070E000A5234370052383708223C3701423037187
:1070F000BE23437100238371D4F8AC301B0AC371E3
:10710000916108211AF042FB20F014FB0028FBD00B
:107110002F4B4FF400225A612E485A210170A521AD
:107120004170052181708221C17014210171C0213B
:10713000417100218171D4F8AC10C1719A610821AC
:107140001AF024FB20F0F6FA0028FBD0204B4FF475
:1071500000225A611F485A210170A5214170052162
:1071600081708221C17014210171C22141710021FD
:107170008171B4F8BA10C1719A6108211AF006FB46
:1071800020F0D8FA0028FBD0114B4FF400225A61AE
:1071900010485A210170A52141700521817082217A
:1071A000C17014210171C421417100218171D4F891
:1071B000B810C1719A6108211AF0E8FA20F0BAFA01
:1071C0000028FBD0024B4FF400225A6138BD00BFAB
:1071D000008000415095012038B50446D5485A2317
:1071E0000370A5234370072383708223C370142385
:1071F0000371A623437100238371C371D4F8B430A3
:107200001A0A02724372CC4B4FF400229A610A218F
:107210001AF0BCFA20F08EFA0028FBD0C64B4FF4CF
:1072200000225A61C3485A210170A52141700521ED
:1072300081708221C17014210171CE214171002120
:107240008171B4F8B610C1719A6108211AF09EFAE2
:1072500020F070FA0028FBD0B74B4FF400225A619F
:10726000B4485A210170A521417005218170822105
:10727000C17014210171AA21417100218171D4F8DA
:10728000A810C1719A6108211AF080FA20F052FA10
:107290000028FBD0A84A4FF400215161A5485A2389
:1072A0000370A5234370052383708223C3701423C6
:1072B0000371AC23437100238371D4F8A8301B0AF7
:1072C000C371916108211AF061FA20F033FA0028A5
:1072D000FBD0994B4FF400225A6196485A21017015
:1072E000A5214170052181708221C1701421017195
:1072F000AE21417100218171B4F8AA10C1719A6167
:1073000008211AF043FA20F015FA0028FBD08A4B26
:107310004FF400225A6187485A210170A52141701B
:10732000052181708221C17014210171B021417148
:1073300000218171B4F8B210C1719A6108211AF06C
:1073400025FA20F0F7F90028FBD07B4A4FF4002102
:10735000516178485A230370A52343700523837035
:107360008223C37014230371B223437100238371FA
:10737000D4F8B0301B0AC371916108211AF006FAE3
:1073800020F0D8F90028FBD06B4B4FF400225A6153
:1073900068485A210170A521417005218170822120
:1073A000C17014210171B421417100218171D4F89F
:1073B000B010C1719A6108211AF0E8F920F0BAF909
:1073C0000028FBD05C4A4FF40021516159485A23F0
:1073D0000370A5234370072383708223C370142393
:1073E0000371CA234371D4F8C0301D0E85711D0C82
:1073F000C5711D0A0572437291610A211AF0C6F91E
:1074000020F098F90028FBD04B4A4FF4002151613D
:1074100048485A230370A5234370072383708223AF
:10742000C37014230371CF23437100238371C3718D
:107430000372B4F8DE30437291610A211AF0A6F9A2
:1074400020F078F90028FBD03B4B4FF400225A6122
:1074500038485A210170A52141700721817082218D
:10746000C17014210171C621417100218171C17166
:10747000D4F8DC100D0A057241729A610A211AF0E3
:1074800085F920F057F90028FBD02B4B4FF4002250
:107490005A6128485A210170A52141700521817047
:1074A0008221C17014210171B621417100218171C5
:1074B000D4F8C410C1719A6108211AF067F920F05C
:1074C00039F90028FBD01C4A4FF4002151611948BA
:1074D0005A230370A5234370052383708223C3704E
:1074E00014230371B823437100238371D4F8C4308B
:1074F0001B0AC371916108211AF048F920F01AF9AA
:107500000028FBD00C4B4FF400225A6109485A2145
:107510000170A5214170052181708221C170142163
:107520000171BA21417100218171B4F8C610C17195
:107530009A6103E0509501200080004108211AF073
:1075400025F920F0F7F80028FBD04E4B4FF400222D
:107550005A614D485A210170A52141700521817061
:107560008221C17014210171BC21417100218171FE
:10757000B4F8CE10C1719A6108211AF007F920F011
:10758000D9F80028FBD03F4A4FF4002151613E4812
:107590005A230370A5234370052383708223C3708D
:1075A00014230371BE23437100238371D4F8CC30BC
:1075B0001B0AC371916108211AF0E8F820F0BAF8AB
:1075C0000028FBD02F4B4FF400225A612E485A213D
:1075D0000170A5214170052181708221C1701421A3
:1075E0000171C021417100218171D4F8CC10C171A9
:1075F0009A6108211AF0CAF820F09CF80028FBD004
:10760000204B4FF400225A611F485A210170A521D6
:107610004170052181708221C17014210171C22144
:10762000417100218171B4F8DA10C1719A610821A9
:107630001AF0ACF820F07EF80028FBD0114B4FF484
:1076400000225A6110485A210170A521417005217C
:1076500081708221C17014210171C4214171002106
:107660008171D4F8D810C1719A6108211AF08EF88E
:1076700020F060F80028FBD0024B4FF400225A6142
:1076800038BD00BF008000415095012038B5044648
:10769000D5485A230370A5234370072383708223A0
:1076A000C37014230371A623437100238371C37134
:1076B000D4F8F4301A0A02724372CC4B4FF4002211
:1076C0009A610A211AF062F820F034F80028FBD001
:1076D000C64B4FF400225A61C3485A210170A521BC
:1076E0004170052181708221C17014210171CE2168
:1076F000417100218171B4F8F610C1719A610821BD
:107700001AF044F820F016F80028FBD0B74B4FF4DD
:1077100000225A61B4485A210170A5214170052107
:1077200081708221C17014210171AA21417100214F
:107730008171D4F8E810C1719A6108211AF026F815
:107740001FF0F8FF0028FBD0A84A4FF40021516138
:10775000A5485A230370A523437005238370822311
:10776000C37014230371AC23437100238371D4F8D5
:10777000E8301B0AC371916108211AF007F81FF065
:10778000D9FF0028FBD0994B4FF400225A6196484C
:107790005A210170A5214170052181708221C1709B
:1077A00014210171AE21417100218171B4F8EA10F8
:1077B000C1719A61082119F0E9FF1FF0BBFF002891
:1077C000FBD08A4B4FF400225A6187485A2101703E
:1077D000A5214170052181708221C17014210171A0
:1077E000B021417100218171B4F8F210C1719A6128
:1077F000082119F0CBFF1FF09DFF0028FBD07B4A2A
:107800004FF40021516178485A230370A523437037
:10781000052383708223C37014230371B223437141
:1078200000238371D4F8F0301B0AC37191610821E1
:1078300019F0ACFF1FF07EFF0028FBD06B4B4FF41C
:1078400000225A6168485A210170A5214170052122
:1078500081708221C17014210171B4214171002114
:107860008171D4F8F010C1719A61082119F08EFF6E
:107870001FF060FF0028FBD05C4A4FF400215161EB
:1078800059485A230370A52343700723837082232A
:10789000C37014230371CA234371D4F8E0301D0E62
:1078A00085711D0CC5711D0A0572437291610A2113
:1078B00019F06CFF1FF03EFF0028FBD04B4A4FF43D
:1078C0000021516148485A230370A52343700723C0
:1078D00083708223C37014230371CF234371002369
:1078E0008371C3710372B4F8FE30437291610A214F
:1078F00019F04CFF1FF01EFF0028FBD03B4B4FF44C
:1079000000225A6138485A210170A521417007218F
:1079100081708221C17014210171C6214171002141
:107920008171C171D4F8FC100D0A057241729A611F
:107930000A2119F02BFF1FF0FDFE0028FBD02B4B76
:107940004FF400225A6128485A210170A521417044
:10795000052181708221C17014210171B62141710C
:1079600000218171D4F8E410C1719A61082119F0E5
:107970000DFF1FF0DFFE0028FBD01C4A4FF4002152
:10798000516119485A230370A5234370052383705E
:107990008223C37014230371B823437100238371BE
:1079A000D4F8E4301B0AC3719161082119F0EEFE8E
:1079B0001FF0C0FE0028FBD00C4B4FF400225A6190
:1079C00009485A210170A521417005218170822149
:1079D000C17014210171BA21417100218171B4F883
:1079E000E610C1719A6103E05095012000800041CA
:1079F000082119F0CBFE1FF09DFE0028FBD04E4B56
:107A00004FF400225A614D485A210170A52141705E
:107A1000052181708221C17014210171BC21417145
:107A200000218171B4F8EE10C1719A61082119F03A
:107A3000ADFE1FF07FFE0028FBD03F4A4FF400212F
:107A400051613E485A230370A52343700523837078
:107A50008223C37014230371BE23437100238371F7
:107A6000D4F8EC301B0AC3719161082119F08EFE25
:107A70001FF060FE0028FBD02F4B4FF400225A610C
:107A80002E485A210170A521417005218170822163
:107A9000C17014210171C021417100218171D4F89C
:107AA000EC10C1719A61082119F070FE1FF042FEBE
:107AB0000028FBD0204B4FF400225A611F485A2166
:107AC0000170A5214170052181708221C1701421AE
:107AD0000171C221417100218171B4F8FA10C171A4
:107AE0009A61082119F052FE1FF024FE0028FBD0F5
:107AF000114B4FF400225A6110485A210170A52100
:107B00004170052181708221C17014210171C4214D
:107B1000417100218171D4F8F810C1719A61082176
:107B200019F034FE1FF006FE0028FBD0024B4FF484
:107B300000225A6138BD00BF0080004150950120ED
:107B400038B50446D5485A230370A523437007234C
:107B500083708223C37014230371A623437100230F
:107B60008371C371D4F814311A0A02724372CC4B78
:107B70004FF400229A610A2119F008FE1FF0DAFD85
:107B80000028FBD0C64B4FF400225A61C3485A214B
:107B90000170A5214170052181708221C1701421DD
:107BA0000171CE21417100218171B4F81611C171AA
:107BB0009A61082119F0EAFD1FF0BCFD0028FBD0F6
:107BC000B74B4FF400225A61B4485A210170A521E5
:107BD0004170052181708221C17014210171AA2197
:107BE000417100218171D4F80811C1719A61082195
:107BF00019F0CCFD1FF09EFD0028FBD0A84A4FF4E1
:107C000000215161A5485A230370A5234370052321
:107C100083708223C37014230371AC234371002348
:107C20008371D4F808311B0AC3719161082119F0DE
:107C3000ADFD1FF07FFD0028FBD0994B4FF40022D3
:107C40005A6196485A210170A52141700521817021
:107C50008221C17014210171AE2141710021817115
:107C6000B4F80A11C1719A61082119F08FFD1FF053
:107C700061FD0028FBD08A4B4FF400225A618748EF
:107C80005A210170A5214170052181708221C170A6
:107C900014210171B021417100218171B4F81211D8
:107CA000C1719A61082119F071FD1FF043FD002890
:107CB000FBD07B4A4FF40021516178485A2303706E
:107CC000A5234370052383708223C370142303719B
:107CD000B223437100238371D4F810311B0AC3719E
:107CE0009161082119F052FD1FF024FD0028FBD0FE
:107CF0006B4B4FF400225A6168485A210170A5214C
:107D00004170052181708221C17014210171B4215B
:107D1000417100218171D4F81011C1719A6108215B
:107D200019F034FD1FF006FD0028FBD05C4A4FF42B
:107D30000021516159485A230370A523437007233A
:107D400083708223C37014230371CA234371D4F850
:107D500000311D0E85711D0CC5711D0A057243721F
:107D600091610A2119F012FD1FF0E4FC0028FBD0FC
:107D70004B4A4FF40021516148485A230370A52310
:107D80004370072383708223C37014230371CF23AE
:107D9000437100238371C3710372B4F81E314372BF
:107DA00091610A2119F0F2FC1FF0C4FC0028FBD0FD
:107DB0003B4B4FF400225A6138485A210170A521EB
:107DC0004170072181708221C17014210171C62187
:107DD000417100218171C171D4F81C110D0A057225
:107DE00041729A610A2119F0D1FC1FF0A3FC00280E
:107DF000FBD02B4B4FF400225A6128485A210170C6
:107E0000A5214170052181708221C1701421017169
:107E1000B621417100218171D4F80411C1719A61B8
:107E2000082119F0B3FC1FF085FC0028FBD01C4A88
:107E30004FF40021516119485A230370A523437060
:107E4000052383708223C37014230371B823437105
:107E500000238371D4F804311B0AC3719161082196
:107E600019F094FC1FF066FC0028FBD00C4B4FF47B
:107E700000225A6109485A210170A521417005214B
:107E800081708221C17014210171BA2141710021D8
:107E90008171B4F80611C1719A6103E05095012017
:107EA00000800041082119F071FC1FF043FC0028FC
:107EB000FBD04E4B4FF400225A614D485A210170BD
:107EC000A5214170052181708221C17014210171A9
:107ED000BC21417100218171B4F80E11C1719A6108
:107EE000082119F053FC1FF025FC0028FBD03F4A65
:107EF0004FF4002151613E485A230370A52343707B
:107F0000052383708223C37014230371BE2343713E
:107F100000238371D4F80C311B0AC37191610821CD
:107F200019F034FC1FF006FC0028FBD02F4B4FF457
:107F300000225A612E485A210170A5214170052165
:107F400081708221C17014210171C0214171002111
:107F50008171D4F80C11C1719A61082119F016FCD5
:107F60001FF0E8FB0028FBD0204B4FF400225A61A1
:107F70001F485A210170A52141700521817082217D
:107F8000C17014210171C221417100218171B4F8C5
:107F90001A11C1719A61082119F0F8FB1FF0CAFB90
:107FA0000028FBD0114B4FF400225A6110485A218F
:107FB0000170A5214170052181708221C1701421B9
:107FC0000171C421417100218171D4F81811C1716E
:107FD0009A61082119F0DAFB1FF0ACFB0028FBD0F6
:107FE000024B4FF400225A6138BD00BF00800041AF
:107FF0005095012038B50446D5485A230370A5236F
:108000004370072383708223C37014230371A62354
:10801000437100238371C371D4F834311A0A027298
:108020004372CC4B4FF400229A610A2119F0AEFB47
:108030001FF080FB0028FBD0C64B4FF400225A6192
:10804000C3485A210170A521417005218170822108
:10805000C17014210171CE21417100218171B4F8E8
:108060003611C1719A61082119F090FB1FF062FB73
:108070000028FBD0B74B4FF400225A61B4485A2174
:108080000170A5214170052181708221C1701421E8
:108090000171AA21417100218171D4F82811C171A7
:1080A0009A61082119F072FB1FF044FB0028FBD0F5
:1080B000A84A4FF400215161A5485A230370A52313
:1080C0004370052383708223C37014230371AC2390
:1080D000437100238371D4F828311B0AC371916165
:1080E000082119F053FB1FF025FB0028FBD0994B0A
:1080F0004FF400225A6196485A210170A52141701F
:10810000052181708221C17014210171AE2141715C
:1081100000218171B4F82A11C1719A61082119F006
:1081200035FB1FF007FB0028FBD08A4B4FF40022E1
:108130005A6187485A210170A5214170052181703B
:108140008221C17014210171B0214171002181711E
:10815000B4F83211C1719A61082119F017FB1FF0B0
:10816000E9FA0028FBD07B4A4FF40021516178489E
:108170005A230370A5234370052383708223C370A1
:1081800014230371B223437100238371D4F8303177
:108190001B0AC3719161082119F0F8FA1FF0CAFA9D
:1081A0000028FBD06B4B4FF400225A6168485A21DB
:1081B0000170A5214170052181708221C1701421B7
:1081C0000171B421417100218171D4F83011C17164
:1081D0009A61082119F0DAFA1FF0ACFA0028FBD0F6
:1081E0005C4A4FF40021516159485A230370A5237A
:1081F0004370072383708223C37014230371CA233F
:108200004371D4F820311D0E85711D0CC5711D0AF6
:108210000572437291610A2119F0B8FA1FF08AFAC7
:108220000028FBD04B4A4FF40021516148485A23A3
:108230000370A5234370072383708223C370142324
:108240000371CF23437100238371C3710372B4F8A8
:108250003E31437291610A2119F098FA1FF06AFACF
:108260000028FBD03B4B4FF400225A6138485A217A
:108270000170A5214170072181708221C1701421F4
:108280000171C621417100218171C171D4F83C1185
:108290000D0A057241729A610A2119F077FA1FF0EE
:1082A00049FA0028FBD02B4B4FF400225A61284892
:1082B0005A210170A5214170052181708221C17070
:1082C00014210171B621417100218171D4F824116A
:1082D000C1719A61082119F059FA1FF02BFA002890
:1082E000FBD01C4A4FF40021516119485A230370F6
:1082F000A5234370052383708223C3701423037165
:10830000B823437100238371D4F824311B0AC3714D
:108310009161082119F03AFA1FF00CFA0028FBD0FD
:108320000C4B4FF400225A6109485A210170A521D3
:108330004170052181708221C17014210171BA211F
:10834000417100218171B4F82611C1719A6103E075
:108350005095012000800041082119F017FA1FF004
:10836000E9F90028FBD04E4B4FF400225A614D48EA
:108370005A210170A5214170052181708221C170AF
:1083800014210171BC21417100218171B4F82E11B9
:10839000C1719A61082119F0F9F91FF0CBF9002891
:1083A000FBD03F4A4FF4002151613E485A230370ED
:1083B000A5234370052383708223C37014230371A4
:1083C000BE23437100238371D4F82C311B0AC3717F
:1083D0009161082119F0DAF91FF0ACF90028FBD0FF
:1083E0002F4B4FF400225A612E485A210170A521CB
:1083F0004170052181708221C17014210171C02159
:10840000417100218171D4F82C11C1719A61082148
:1084100019F0BCF91FF08EF90028FBD0204B4FF467
:1084200000225A611F485A210170A521417005217F
:1084300081708221C17014210171C221417100211A
:108440008171B4F83A11C1719A61082119F09EF94D
:108450001FF070F90028FBD0114B4FF400225A6135
:1084600010485A210170A521417005218170822197
:10847000C17014210171C421417100218171D4F8AE
:108480003811C1719A61082119F080F91FF052F971
:108490000028FBD0024B4FF400225A6138BD00BFC8
:1084A000008000415095012038B50446D5485A2334
:1084B0000370A5234370072383708223C3701423A2
:1084C0000371A623437100238371C371D4F854311F
:1084D0001A0A02724372CC4B4FF400229A610A21AD
:1084E00019F054F91FF026F90028FBD0C64B4FF4C1
:1084F00000225A61C3485A210170A521417005210B
:1085000081708221C17014210171CE21417100213D
:108510008171B4F85611C1719A61082119F036F9C8
:108520001FF008F90028FBD0B74B4FF400225A6126
:10853000B4485A210170A521417005218170822122
:10854000C17014210171AA21417100218171D4F8F7
:108550004811C1719A61082119F018F91FF0EAF861
:108560000028FBD0A84A4FF400215161A5485A23A6
:108570000370A5234370052383708223C3701423E3
:108580000371AC23437100238371D4F848311B0A73
:10859000C3719161082119F0F9F81FF0CBF8002898
:1085A000FBD0994B4FF400225A6196485A21017032
:1085B000A5214170052181708221C17014210171B2
:1085C000AE21417100218171B4F84A11C1719A61E3
:1085D000082119F0DBF81FF0ADF80028FBD08A4B1A
:1085E0004FF400225A6187485A210170A521417039
:1085F000052181708221C17014210171B021417166
:1086000000218171B4F85211C1719A61082119F0E9
:10861000BDF81FF08FF80028FBD07B4A4FF40021F3
:10862000516178485A230370A52343700523837052
:108630008223C37014230371B22343710023837117
:10864000D4F850311B0AC3719161082119F09EF8CA
:108650001FF070F80028FBD06B4B4FF400225A61DA
:1086600068485A210170A52141700521817082213D
:10867000C17014210171B421417100218171D4F8BC
:108680005011C1719A61082119F080F81FF052F859
:108690000028FBD05C4A4FF40021516159485A230D
:1086A0000370A5234370072383708223C3701423B0
:1086B0000371CA234371D4F840311D0E85711D0C1E
:1086C000C5711D0A0572437291610A2119F05EF8A5
:1086D0001FF030F80028FBD04B4A4FF400215161C5
:1086E00048485A230370A5234370072383708223CD
:1086F000C37014230371CF23437100238371C371AB
:108700000372B4F85E31437291610A2119F03EF8A8
:108710001FF010F80028FBD03B4B4FF400225A61A9
:1087200038485A210170A5214170072181708221AA
:10873000C17014210171C621417100218171C17183
:10874000D4F85C110D0A057241729A610A2119F080
:108750001DF81EF0EFFF0028FBD02B4B4FF400223A
:108760005A6128485A210170A52141700521817064
:108770008221C17014210171B621417100218171E2
:10878000D4F84411C1719A61082118F0FFFF1EF05E
:10879000D1FF0028FBD01C4A4FF400215161194839
:1087A0005A230370A5234370052383708223C3706B
:1087B00014230371B823437100238371D4F8443127
:1087C0001B0AC3719161082118F0E0FF1EF0B2FF8F
:1087D0000028FBD00C4B4FF400225A6109485A2163
:1087E0000170A5214170052181708221C170142181
:1087F0000171BA21417100218171B4F84611C17132
:108800009A6103E05095012000800041082118F092
:10881000BDFF1EF08FFF0028FBD04E4B4FF400220F
:108820005A614D485A210170A5214170052181707E
:108830008221C17014210171BC214171002181711B
:10884000B4F84E11C1719A61082118F09FFF1EF013
:1088500071FF0028FBD03F4A4FF4002151613E4890
:108860005A230370A5234370052383708223C370AA
:1088700014230371BE23437100238371D4F84C3158
:108880001B0AC3719161082118F080FF1EF052FF8E
:108890000028FBD02F4B4FF400225A612E485A215A
:1088A0000170A5214170052181708221C1701421C0
:1088B0000171C021417100218171D4F84C11C17145
:1088C0009A61082118F062FF1EF034FF0028FBD0E7
:1088D000204B4FF400225A611F485A210170A521F4
:1088E0004170052181708221C17014210171C22162
:1088F000417100218171B4F85A11C1719A61082146
:1089000018F044FF1EF016FF0028FBD0114B4FF467
:1089100000225A6110485A210170A5214170052199
:1089200081708221C17014210171C4214171002123
:108930008171D4F85811C1719A61082118F026FF8D
:108940001EF0F8FE0028FBD0024B4FF400225A61C3
:1089500038BD00BF008000415095012038B5044665
:10896000D5485A230370A5234370072383708223BD
:10897000C37014230371A623437100238371C37151
:10898000D4F874311A0A02724372CC4B4FF40022AD
:108990009A610A2118F0FAFE1EF0CCFE0028FBD0E6
:1089A000C64B4FF400225A61C3485A210170A521D9
:1089B0004170052181708221C17014210171CE2185
:1089C000417100218171B4F87611C1719A61082159
:1089D00018F0DCFE1EF0AEFE0028FBD0B74B4FF4C3
:1089E00000225A61B4485A210170A5214170052125
:1089F00081708221C17014210171AA21417100216D
:108A00008171D4F86811C1719A61082118F0BEFE15
:108A10001EF090FE0028FBD0A84A4FF400215161BF
:108A2000A5485A230370A52343700523837082232E
:108A3000C37014230371AC23437100238371D4F8F2
:108A400068311B0AC3719161082118F09FFE1EF066
:108A500071FE0028FBD0994B4FF400225A619648D2
:108A60005A210170A5214170052181708221C170B8
:108A700014210171AE21417100218171B4F86A1194
:108A8000C1719A61082118F081FE1EF053FE002882
:108A9000FBD08A4B4FF400225A6187485A2101705B
:108AA000A5214170052181708221C17014210171BD
:108AB000B021417100218171B4F87211C1719A61C4
:108AC000082118F063FE1EF035FE0028FBD07B4A1B
:108AD0004FF40021516178485A230370A523437055
:108AE000052383708223C37014230371B22343715F
:108AF00000238371D4F870311B0AC371916108217E
:108B000018F044FE1EF016FE0028FBD06B4B4FF40D
:108B100000225A6168485A210170A521417005213F
:108B200081708221C17014210171B4214171002131
:108B30008171D4F87011C1719A61082118F026FE74
:108B40001EF0F8FD0028FBD05C4A4FF40021516173
:108B500059485A230370A523437007238370822347
:108B6000C37014230371CA234371D4F860311D0EFE
:108B700085711D0CC5711D0A0572437291610A2130
:108B800018F004FE1EF0D6FD0028FBD04B4A4FF42F
:108B90000021516148485A230370A52343700723DD
:108BA00083708223C37014230371CF234371002386
:108BB0008371C3710372B4F87E31437291610A21EB
:108BC00018F0E4FD1EF0B6FD0028FBD03B4B4FF43F
:108BD00000225A6138485A210170A52141700721AD
:108BE00081708221C17014210171C621417100215F
:108BF0008171C171D4F87C110D0A057241729A61BC
:108C00000A2118F0C3FD1EF095FD0028FBD02B4B68
:108C10004FF400225A6128485A210170A521417061
:108C2000052181708221C17014210171B621417129
:108C300000218171D4F86411C1719A61082118F082
:108C4000A5FD1EF077FD0028FBD01C4A4FF4002143
:108C5000516119485A230370A5234370052383707B
:108C60008223C37014230371B823437100238371DB
:108C7000D4F864311B0AC3719161082118F086FD94
:108C80001EF058FD0028FBD00C4B4FF400225A6117
:108C900009485A210170A521417005218170822166
:108CA000C17014210171BA21417100218171B4F8A0
:108CB0006611C1719A6103E0509501200080004166
:108CC000082118F063FD1EF035FD0028FBD04E4B47
:108CD0004FF400225A614D485A210170A52141707C
:108CE000052181708221C17014210171BC21417163
:108CF00000218171B4F86E11C1719A61082118F0D8
:108D000045FD1EF017FD0028FBD03F4A4FF400211F
:108D100051613E485A230370A52343700523837095
:108D20008223C37014230371BE2343710023837114
:108D3000D4F86C311B0AC3719161082118F026FD2B
:108D40001EF0F8FC0028FBD02F4B4FF400225A6194
:108D50002E485A210170A521417005218170822180
:108D6000C17014210171C021417100218171D4F8B9
:108D70006C11C1719A61082118F008FD1EF0DAFC2F
:108D80000028FBD0204B4FF400225A611F485A2183
:108D90000170A5214170052181708221C1701421CB
:108DA0000171C221417100218171B4F87A11C17140
:108DB0009A61082118F0EAFC1EF0BCFC0028FBD0E8
:108DC000114B4FF400225A6110485A210170A5211D
:108DD0004170052181708221C17014210171C4216B
:108DE000417100218171D4F87811C1719A61082113
:108DF00018F0CCFC1EF09EFC0028FBD0024B4FF478
:108E000000225A6138BD00BF00800041509501200A
:108E100038B50446D5485A230370A5234370072369
:108E200083708223C37014230371A623437100232C
:108E30008371C371D4F894311A0A02724372CC4B15
:108E40004FF400229A610A2118F0A0FC1EF072FC77
:108E50000028FBD0C64B4FF400225A61C3485A2168
:108E60000170A5214170052181708221C1701421FA
:108E70000171CE21417100218171B4F89611C17147
:108E80009A61082118F082FC1EF054FC0028FBD0E7
:108E9000B74B4FF400225A61B4485A210170A52102
:108EA0004170052181708221C17014210171AA21B4
:108EB000417100218171D4F88811C1719A61082132
:108EC00018F064FC1EF036FC0028FBD0A84A4FF4D2
:108ED00000215161A5485A230370A523437005233F
:108EE00083708223C37014230371AC234371002366
:108EF0008371D4F888311B0AC3719161082118F07D
:108F000045FC1EF017FC0028FBD0994B4FF40022C3
:108F10005A6196485A210170A5214170052181703E
:108F20008221C17014210171AE2141710021817132
:108F3000B4F88A11C1719A61082118F027FC1EF05B
:108F4000F9FB0028FBD08A4B4FF400225A61874876
:108F50005A210170A5214170052181708221C170C3
:108F600014210171B021417100218171B4F8921175
:108F7000C1719A61082118F009FC1EF0DBFB002882
:108F8000FBD07B4A4FF40021516178485A2303708B
:108F9000A5234370052383708223C37014230371B8
:108FA000B223437100238371D4F890311B0AC3713B
:108FB0009161082118F0EAFB1EF0BCFB0028FBD0F1
:108FC0006B4B4FF400225A6168485A210170A52169
:108FD0004170052181708221C17014210171B42179
:108FE000417100218171D4F89011C1719A610821F9
:108FF00018F0CCFB1EF09EFB0028FBD05C4A4FF41F
:109000000021516159485A230370A5234370072357
:1090100083708223C37014230371CA234371D4F86D
:1090200080311D0E85711D0CC5711D0A05724372BC
:1090300091610A2118F0AAFB1EF07CFB0028FBD0EE
:109040004B4A4FF40021516148485A230370A5232D
:109050004370072383708223C37014230371CF23CB
:10906000437100238371C3710372B4F89E3143725C
:1090700091610A2118F08AFB1EF05CFB0028FBD0EE
:109080003B4B4FF400225A6138485A210170A52108
:109090004170072181708221C17014210171C621A4
:1090A000417100218171C171D4F89C110D0A0572C2
:1090B00041729A610A2118F069FB1EF03BFB0028FF
:1090C000FBD02B4B4FF400225A6128485A210170E3
:1090D000A5214170052181708221C1701421017187
:1090E000B621417100218171D4F88411C1719A6156
:1090F000082118F04BFB1EF01DFB0028FBD01C4A7A
:109100004FF40021516119485A230370A52343707D
:10911000052383708223C37014230371B823437122
:1091200000238371D4F884311B0AC3719161082133
:1091300018F02CFB1EF0FEFA0028FBD00C4B4FF46D
:1091400000225A6109485A210170A5214170052168
:1091500081708221C17014210171BA2141710021F5
:109160008171B4F88611C1719A6103E050950120B4
:1091700000800041082118F009FB1EF0DBFA0028EE
:10918000FBD04E4B4FF400225A614D485A210170DA
:10919000A5214170052181708221C17014210171C6
:1091A000BC21417100218171B4F88E11C1719A61A5
:1091B000082118F0EBFA1EF0BDFA0028FBD03F4A58
:1091C0004FF4002151613E485A230370A523437098
:1091D000052383708223C37014230371BE2343715C
:1091E00000238371D4F88C311B0AC371916108216B
:1091F00018F0CCFA1EF09EFA0028FBD02F4B4FF44B
:1092000000225A612E485A210170A5214170052182
:1092100081708221C17014210171C021417100212E
:109220008171D4F88C11C1719A61082118F0AEFADD
:109230001EF080FA0028FBD0204B4FF400225A6128
:109240001F485A210170A52141700521817082219A
:10925000C17014210171C221417100218171B4F8E2
:109260009A11C1719A61082118F090FA1EF062FA01
:109270000028FBD0114B4FF400225A6110485A21AC
:109280000170A5214170052181708221C1701421D6
:109290000171C421417100218171D4F89811C1710B
:1092A0009A61082118F072FA1EF044FA0028FBD0E7
:1092B000024B4FF400225A6138BD00BF00800041CC
:1092C0005095012038B50446D5485A230370A5238C
:1092D0004370072383708223C37014230371A62372
:1092E000437100238371C371D4F8B4311A0A027236
:1092F0004372CC4B4FF400229A610A2118F046FACF
:109300001EF018FA0028FBD0C64B4FF400225A6119
:10931000C3485A210170A521417005218170822125
:10932000C17014210171CE21417100218171B4F805
:10933000B611C1719A61082118F028FA1EF0FAF9E5
:109340000028FBD0B74B4FF400225A61B4485A2191
:109350000170A5214170052181708221C170142105
:109360000171AA21417100218171D4F8A811C17144
:109370009A61082118F00AFA1EF0DCF90028FBD0E7
:10938000A84A4FF400215161A5485A230370A52330
:109390004370052383708223C37014230371AC23AD
:1093A000437100238371D4F8A8311B0AC371916102
:1093B000082118F0EBF91EF0BDF90028FBD0994BFD
:1093C0004FF400225A6196485A210170A52141703C
:1093D000052181708221C17014210171AE2141717A
:1093E00000218171B4F8AA11C1719A61082118F0A5
:1093F000CDF91EF09FF90028FBD08A4B4FF40022D4
:109400005A6187485A210170A52141700521817058
:109410008221C17014210171B0214171002181713B
:10942000B4F8B211C1719A61082118F0AFF91EF0B9
:1094300081F90028FBD07B4A4FF400215161784824
:109440005A230370A5234370052383708223C370BE
:1094500014230371B223437100238371D4F8B03114
:109460001B0AC3719161082118F090F91EF062F98E
:109470000028FBD06B4B4FF400225A6168485A21F8
:109480000170A5214170052181708221C1701421D4
:109490000171B421417100218171D4F8B011C17101
:1094A0009A61082118F072F91EF044F90028FBD0E7
:1094B0005C4A4FF40021516159485A230370A52397
:1094C0004370072383708223C37014230371CA235C
:1094D0004371D4F8A0311D0E85711D0CC5711D0A94
:1094E0000572437291610A2118F050F91EF022F9B9
:1094F0000028FBD04B4A4FF40021516148485A23C1
:109500000370A5234370072383708223C370142341
:109510000371CF23437100238371C3710372B4F8C5
:10952000BE31437291610A2118F030F91EF002F940
:109530000028FBD03B4B4FF400225A6138485A2197
:109540000170A5214170072181708221C170142111
:109550000171C621417100218171C171D4F8BC1122
:109560000D0A057241729A610A2118F00FF91EF076
:10957000E1F80028FBD02B4B4FF400225A61284819
:109580005A210170A5214170052181708221C1708D
:1095900014210171B621417100218171D4F8A41107
:1095A000C1719A61082118F0F1F81EF0C3F8002883
:1095B000FBD01C4A4FF40021516119485A23037013
:1095C000A5234370052383708223C3701423037182
:1095D000B823437100238371D4F8A4311B0AC371EB
:1095E0009161082118F0D2F81EF0A4F80028FBD0F1
:1095F0000C4B4FF400225A6109485A210170A521F1
:109600004170052181708221C17014210171BA213C
:10961000417100218171B4F8A611C1719A6103E012
:109620005095012000800041082118F0AFF81EF08D
:1096300081F80028FBD04E4B4FF400225A614D4870
:109640005A210170A5214170052181708221C170CC
:1096500014210171BC21417100218171B4F8AE1156
:10966000C1719A61082118F091F81EF063F8002882
:10967000FBD03F4A4FF4002151613E485A2303700A
:10968000A5234370052383708223C37014230371C1
:10969000BE23437100238371D4F8AC311B0AC3711C
:1096A0009161082118F072F81EF044F80028FBD0F0
:1096B0002F4B4FF400225A612E485A210170A521E8
:1096C0004170052181708221C17014210171C02176
:1096D000417100218171D4F8AC11C1719A610821E6
:1096E00018F054F81EF026F80028FBD0204B4FF459
:1096F00000225A611F485A210170A521417005219D
:1097000081708221C17014210171C2214171002137
:109710008171B4F8BA11C1719A61082118F036F854
:109720001EF008F80028FBD0114B4FF400225A61BC
:1097300010485A210170A5214170052181708221B4
:10974000C17014210171C421417100218171D4F8CB
:10975000B811C1719A61082118F018F81DF0EAFFDC
:109760000028FBD0024B4FF400225A6138BD00BFE5
:10977000008000415095012038B50446D5485A2351
:109780000370A5234370072383708223C3701423BF
:109790000371A623437100238371C371D4F8D431BC
:1097A0001A0A02724372CC4B4FF400229A610A21CA
:1097B00017F0ECFF1DF0BEFF0028FBD0C64B4FF4A6
:1097C00000225A61C3485A210170A5214170052128
:1097D00081708221C17014210171CE21417100215B
:1097E0008171B4F8D611C1719A61082117F0CEFFCA
:1097F0001DF0A0FF0028FBD0B74B4FF400225A61A8
:10980000B4485A210170A52141700521817082213F
:10981000C17014210171AA21417100218171D4F814
:10982000C811C1719A61082117F0B0FF1DF082FFC5
:109830000028FBD0A84A4FF400215161A5485A23C3
:109840000370A5234370052383708223C370142300
:109850000371AC23437100238371D4F8C8311B0A10
:10986000C3719161082117F091FF1DF063FF00287B
:10987000FBD0994B4FF400225A6196485A2101704F
:10988000A5214170052181708221C17014210171CF
:10989000AE21417100218171B4F8CA11C1719A6180
:1098A000082117F073FF1DF045FF0028FBD08A4BFD
:1098B0004FF400225A6187485A210170A521417056
:1098C000052181708221C17014210171B021417183
:1098D00000218171B4F8D211C1719A61082117F089
:1098E00055FF1DF027FF0028FBD07B4A4FF40021D5
:1098F000516178485A230370A52343700523837070
:109900008223C37014230371B22343710023837134
:10991000D4F8D0311B0AC3719161082117F036FFCA
:109920001DF008FF0028FBD06B4B4FF400225A615A
:1099300068485A210170A52141700521817082215A
:10994000C17014210171B421417100218171D4F8D9
:10995000D011C1719A61082117F018FF1DF0EAFEBD
:109960000028FBD05C4A4FF40021516159485A232A
:109970000370A5234370072383708223C3701423CD
:109980000371CA234371D4F8C0311D0E85711D0CBB
:10999000C5711D0A0572437291610A2117F0F6FE26
:1099A0001DF0C8FE0028FBD04B4A4FF40021516146
:1099B00048485A230370A5234370072383708223EA
:1099C000C37014230371CF23437100238371C371C8
:1099D0000372B4F8DE31437291610A2117F0D6FEAA
:1099E0001DF0A8FE0028FBD03B4B4FF400225A612B
:1099F00038485A210170A5214170072181708221C8
:109A0000C17014210171C621417100218171C171A0
:109A1000D4F8DC110D0A057241729A610A2117F01F
:109A2000B5FE1DF087FE0028FBD02B4B4FF4002223
:109A30005A6128485A210170A52141700521817081
:109A40008221C17014210171B621417100218171FF
:109A5000D4F8C411C1719A61082117F097FE1DF066
:109A600069FE0028FBD01C4A4FF4002151611948BF
:109A70005A230370A5234370052383708223C37088
:109A800014230371B823437100238371D4F8C431C4
:109A90001B0AC3719161082117F078FE1DF04AFE80
:109AA0000028FBD00C4B4FF400225A6109485A2180
:109AB0000170A5214170052181708221C17014219E
:109AC0000171BA21417100218171B4F8C611C171CF
:109AD0009A6103E05095012000800041082117F0B1
:109AE00055FE1DF027FE0028FBD04E4B4FF4002200
:109AF0005A614D485A210170A5214170052181709C
:109B00008221C17014210171BC2141710021817138
:109B1000B4F8CE11C1719A61082117F037FE1DF01B
:109B200009FE0028FBD03F4A4FF4002151613E4816
:109B30005A230370A5234370052383708223C370C7
:109B400014230371BE23437100238371D4F8CC31F5
:109B50001B0AC3719161082117F018FE1DF0EAFD80
:109B60000028FBD02F4B4FF400225A612E485A2177
:109B70000170A5214170052181708221C1701421DD
:109B80000171C021417100218171D4F8CC11C171E2
:109B90009A61082117F0FAFD1DF0CCFD0028FBD0DA
:109BA000204B4FF400225A611F485A210170A52111
:109BB0004170052181708221C17014210171C2217F
:109BC000417100218171B4F8DA11C1719A610821E3
:109BD00017F0DCFD1DF0AEFD0028FBD0114B4FF45B
:109BE00000225A6110485A210170A52141700521B7
:109BF00081708221C17014210171C4214171002141
:109C00008171D4F8D811C1719A61082117F0BEFD95
:109C10001DF090FD0028FBD0024B4FF400225A614A
:109C200038BD00BF008000415095012038B5044682
:109C3000D5485A230370A5234370072383708223DA
:109C4000C37014230371A623437100238371C3716E
:109C5000D4F8F4311A0A02724372CC4B4FF400224A
:109C60009A610A2117F092FD1DF064FD0028FBD0D7
:109C7000C64B4FF400225A61C3485A210170A521F6
:109C80004170052181708221C17014210171CE21A2
:109C9000417100218171B4F8F611C1719A610821F6
:109CA00017F074FD1DF046FD0028FBD0B74B4FF4B4
:109CB00000225A61B4485A210170A5214170052142
:109CC00081708221C17014210171AA21417100218A
:109CD0008171D4F8E811C1719A61082117F056FD1D
:109CE0001DF028FD0028FBD0A84A4FF40021516147
:109CF000A5485A230370A52343700523837082234C
:109D0000C37014230371AC23437100238371D4F80F
:109D1000E8311B0AC3719161082117F037FD1DF06E
:109D200009FD0028FBD0994B4FF400225A61964858
:109D30005A210170A5214170052181708221C170D5
:109D400014210171AE21417100218171B4F8EA1131
:109D5000C1719A61082117F019FD1DF0EBFC002874
:109D6000FBD08A4B4FF400225A6187485A21017078
:109D7000A5214170052181708221C17014210171DA
:109D8000B021417100218171B4F8F211C1719A6161
:109D9000082117F0FBFC1DF0CDFC0028FBD07B4A0E
:109DA0004FF40021516178485A230370A523437072
:109DB000052383708223C37014230371B22343717C
:109DC00000238371D4F8F0311B0AC371916108211B
:109DD00017F0DCFC1DF0AEFC0028FBD06B4B4FF401
:109DE00000225A6168485A210170A521417005215D
:109DF00081708221C17014210171B421417100214F
:109E00008171D4F8F011C1719A61082117F0BEFC7C
:109E10001DF090FC0028FBD05C4A4FF400215161FA
:109E200059485A230370A523437007238370822364
:109E3000C37014230371CA234371D4F8E0311D0E9B
:109E400085711D0CC5711D0A0572437291610A214D
:109E500017F09CFC1DF06EFC0028FBD04B4A4FF421
:109E60000021516148485A230370A52343700723FA
:109E700083708223C37014230371CF2343710023A3
:109E80008371C3710372B4F8FE31437291610A2188
:109E900017F07CFC1DF04EFC0028FBD03B4B4FF430
:109EA00000225A6138485A210170A52141700721CA
:109EB00081708221C17014210171C621417100217C
:109EC0008171C171D4F8FC110D0A057241729A6159
:109ED0000A2117F05BFC1DF02DFC0028FBD02B4B5A
:109EE0004FF400225A6128485A210170A52141707F
:109EF000052181708221C17014210171B621417147
:109F000000218171D4F8E411C1719A61082117F020
:109F10003DFC1DF00FFC0028FBD01C4A4FF4002133
:109F2000516119485A230370A52343700523837098
:109F30008223C37014230371B823437100238371F8
:109F4000D4F8E4311B0AC3719161082117F01EFC9B
:109F50001DF0F0FB0028FBD00C4B4FF400225A619F
:109F600009485A210170A521417005218170822183
:109F7000C17014210171BA21417100218171B4F8BD
:109F8000E611C1719A6103E0509501200080004103
:109F9000082117F0FBFB1DF0CDFB0028FBD04E4B3A
:109FA0004FF400225A614D485A210170A521417099
:109FB000052181708221C17014210171BC21417180
:109FC00000218171B4F8EE11C1719A61082117F076
:109FD000DDFB1DF0AFFB0028FBD03F4A4FF4002112
:109FE00051613E485A230370A523437005238370B3
:109FF0008223C37014230371BE2343710023837132
:10A00000D4F8EC311B0AC3719161082117F0BEFB33
:10A010001DF090FB0028FBD02F4B4FF400225A611B
:10A020002E485A210170A52141700521817082219D
:10A03000C17014210171C021417100218171D4F8D6
:10A04000EC11C1719A61082117F0A0FB1DF072FBA1
:10A050000028FBD0204B4FF400225A611F485A21A0
:10A060000170A5214170052181708221C1701421E8
:10A070000171C221417100218171B4F8FA11C171DD
:10A080009A61082117F082FB1DF054FB0028FBD0D9
:10A09000114B4FF400225A6110485A210170A5213A
:10A0A0004170052181708221C17014210171C42188
:10A0B000417100218171D4F8F811C1719A610821B0
:10A0C00017F064FB1DF036FB0028FBD0024B4FF469
:10A0D00000225A6138BD00BF008000415095012028
:10A0E00038B50446D5485A230370A5234370072387
:10A0F00083708223C37014230371A623437100234A
:10A100008371C371D4F894301A0A02724372CC4B33
:10A110004FF400229A610A2117F038FB1DF00AFB68
:10A120000028FBD0C64B4FF400225A61C3485A2185
:10A130000170A5214170052181708221C170142117
:10A140000171CE21417100218171B4F89610C17165
:10A150009A61082117F01AFB1DF0ECFA0028FBD0D9
:10A16000B74B4FF400225A61B4485A210170A5211F
:10A170004170052181708221C17014210171AA21D1
:10A18000417100218171D4F88810C1719A61082150
:10A1900017F0FCFA1DF0CEFA0028FBD0A84A4FF4C5
:10A1A00000215161A5485A230370A523437005235C
:10A1B00083708223C37014230371AC234371002383
:10A1C0008371D4F888301B0AC3719161082117F09C
:10A1D000DDFA1DF0AFFA0028FBD0994B4FF40022B6
:10A1E0005A6196485A210170A5214170052181705C
:10A1F0008221C17014210171AE2141710021817150
:10A20000B4F88A10C1719A61082117F0BFFA1DF0E5
:10A2100091FA0028FBD08A4B4FF400225A618748FC
:10A220005A210170A5214170052181708221C170E0
:10A2300014210171B021417100218171B4F8921093
:10A24000C1719A61082117F0A1FA1DF073FA002874
:10A25000FBD07B4A4FF40021516178485A230370A8
:10A26000A5234370052383708223C37014230371D5
:10A27000B223437100238371D4F890301B0AC37159
:10A280009161082117F082FA1DF054FA0028FBD0E2
:10A290006B4B4FF400225A6168485A210170A52186
:10A2A0004170052181708221C17014210171B42196
:10A2B000417100218171D4F89010C1719A61082117
:10A2C00017F064FA1DF036FA0028FBD05C4A4FF410
:10A2D0000021516159485A230370A5234370072375
:10A2E00083708223C37014230371CA234371D4F88B
:10A2F00080301D0E85711D0CC5711D0A05724372DB
:10A3000091610A2117F042FA1DF014FA0028FBD0DF
:10A310004B4A4FF40021516148485A230370A5234A
:10A320004370072383708223C37014230371CF23E8
:10A33000437100238371C3710372B4F89E3043727A
:10A3400091610A2117F022FA1DF0F4F90028FBD0E0
:10A350003B4B4FF400225A6138485A210170A52125
:10A360004170072181708221C17014210171C621C1
:10A37000417100218171C171D4F89C100D0A0572E0
:10A3800041729A610A2117F001FA1DF0D3F90028F1
:10A39000FBD02B4B4FF400225A6128485A21017000
:10A3A000A5214170052181708221C17014210171A4
:10A3B000B621417100218171D4F88410C1719A6174
:10A3C000082117F0E3F91DF0B5F90028FBD01C4A6D
:10A3D0004FF40021516119485A230370A52343709B
:10A3E000052383708223C37014230371B823437140
:10A3F00000238371D4F884301B0AC3719161082152
:10A4000017F0C4F91DF096F90028FBD00C4B4FF45F
:10A4100000225A6109485A210170A5214170052185
:10A4200081708221C17014210171BA214171002112
:10A430008171B4F88610C1719A6103E050950120D2
:10A4400000800041082117F0A1F91DF073F90028E0
:10A45000FBD04E4B4FF400225A614D485A210170F7
:10A46000A5214170052181708221C17014210171E3
:10A47000BC21417100218171B4F88E10C1719A61C3
:10A48000082117F083F91DF055F90028FBD03F4A49
:10A490004FF4002151613E485A230370A5234370B5
:10A4A000052383708223C37014230371BE23437179
:10A4B00000238371D4F88C301B0AC3719161082189
:10A4C00017F064F91DF036F90028FBD02F4B4FF43C
:10A4D00000225A612E485A210170A52141700521A0
:10A4E00081708221C17014210171C021417100214C
:10A4F0008171D4F88C10C1719A61082117F046F966
:10A500001DF018F90028FBD0204B4FF400225A61AF
:10A510001F485A210170A5214170052181708221B7
:10A52000C17014210171C221417100218171B4F8FF
:10A530009A10C1719A61082117F028F91DF0FAF8F4
:10A540000028FBD0114B4FF400225A6110485A21C9
:10A550000170A5214170052181708221C1701421F3
:10A560000171C421417100218171D4F89810C17129
:10A570009A61082117F00AF91DF0DCF80028FBD0D9
:10A58000024B4FF400225A6138BD00BF00800041E9
:10A590005095012038B50446D5485A230370A523A9
:10A5A0004370072383708223C37014230371A6238F
:10A5B000437100238371C371D4F8B4301A0A027254
:10A5C0004372CC4B4FF400229A610A2117F0DEF857
:10A5D0001DF0B0F80028FBD0C64B4FF400225A61A2
:10A5E000C3485A210170A521417005218170822143
:10A5F000C17014210171CE21417100218171B4F823
:10A60000B610C1719A61082117F0C0F81DF092F8D8
:10A610000028FBD0B74B4FF400225A61B4485A21AE
:10A620000170A5214170052181708221C170142122
:10A630000171AA21417100218171D4F8A810C17162
:10A640009A61082117F0A2F81DF074F80028FBD0D9
:10A65000A84A4FF400215161A5485A230370A5234D
:10A660004370052383708223C37014230371AC23CA
:10A67000437100238371D4F8A8301B0AC371916120
:10A68000082117F083F81DF055F80028FBD0994BEE
:10A690004FF400225A6196485A210170A521417059
:10A6A000052181708221C17014210171AE21417197
:10A6B00000218171B4F8AA10C1719A61082117F0C4
:10A6C00065F81DF037F80028FBD08A4B4FF40022C4
:10A6D0005A6187485A210170A52141700521817076
:10A6E0008221C17014210171B02141710021817159
:10A6F000B4F8B210C1719A61082117F047F81DF043
:10A7000019F80028FBD07B4A4FF4002151617848AA
:10A710005A230370A5234370052383708223C370DB
:10A7200014230371B223437100238371D4F8B03032
:10A730001B0AC3719161082117F028F81CF0FAFF79
:10A740000028FBD06B4B4FF400225A6168485A2115
:10A750000170A5214170052181708221C1701421F1
:10A760000171B421417100218171D4F8B010C1711F
:10A770009A61082117F00AF81CF0DCFF0028FBD0D2
:10A780005C4A4FF40021516159485A230370A523B4
:10A790004370072383708223C37014230371CA2379
:10A7A0004371D4F8A0301D0E85711D0CC5711D0AB2
:10A7B0000572437291610A2116F0E8FF1CF0BAFF9E
:10A7C0000028FBD04B4A4FF40021516148485A23DE
:10A7D0000370A5234370072383708223C37014235F
:10A7E0000371CF23437100238371C3710372B4F8E3
:10A7F000BE30437291610A2116F0C8FF1CF09AFF27
:10A800000028FBD03B4B4FF400225A6138485A21B4
:10A810000170A5214170072181708221C17014212E
:10A820000171C621417100218171C171D4F8BC1040
:10A830000D0A057241729A610A2116F0A7FF1CF0F9
:10A8400079FF0028FBD02B4B4FF400225A61284897
:10A850005A210170A5214170052181708221C170AA
:10A8600014210171B621417100218171D4F8A41025
:10A87000C1719A61082116F089FF1CF05BFF002866
:10A88000FBD01C4A4FF40021516119485A23037030
:10A89000A5234370052383708223C370142303719F
:10A8A000B823437100238371D4F8A4301B0AC37109
:10A8B0009161082116F06AFF1CF03CFF0028FBD0D4
:10A8C0000C4B4FF400225A6109485A210170A5210E
:10A8D0004170052181708221C17014210171BA215A
:10A8E000417100218171B4F8A610C1719A6103E031
:10A8F0005095012000800041082116F047FF1CF010
:10A9000019FF0028FBD04E4B4FF400225A614D48EE
:10A910005A210170A5214170052181708221C170E9
:10A9200014210171BC21417100218171B4F8AE1074
:10A93000C1719A61082116F029FF1CF0FBFE002866
:10A94000FBD03F4A4FF4002151613E485A23037027
:10A95000A5234370052383708223C37014230371DE
:10A96000BE23437100238371D4F8AC301B0AC3713A
:10A970009161082116F00AFF1CF0DCFE0028FBD0D4
:10A980002F4B4FF400225A612E485A210170A52105
:10A990004170052181708221C17014210171C02193
:10A9A000417100218171D4F8AC10C1719A61082104
:10A9B00016F0ECFE1CF0BEFE0028FBD0204B4FF43E
:10A9C00000225A611F485A210170A52141700521BA
:10A9D00081708221C17014210171C2214171002155
:10A9E0008171B4F8BA10C1719A61082116F0CEFED7
:10A9F0001CF0A0FE0028FBD0114B4FF400225A613E
:10AA000010485A210170A5214170052181708221D1
:10AA1000C17014210171C421417100218171D4F8E8
:10AA2000B810C1719A61082116F0B0FE1CF082FEC8
:10AA30000028FBD0024B4FF400225A6138BD00BF02
:10AA4000008000415095012038B50446D5485A236E
:10AA50000370A5234370072383708223C3701423DC
:10AA60000371A623437100238371C371D4F8D430DA
:10AA70001A0A02724372CC4B4FF400229A610A21E7
:10AA800016F084FE1CF056FE0028FBD0C64B4FF497
:10AA900000225A61C3485A210170A5214170052145
:10AAA00081708221C17014210171CE214171002178
:10AAB0008171B4F8D610C1719A61082116F066FE52
:10AAC0001CF038FE0028FBD0B74B4FF400225A612F
:10AAD000B4485A210170A52141700521817082215D
:10AAE000C17014210171AA21417100218171D4F832
:10AAF000C810C1719A61082116F048FE1CF01AFEB8
:10AB00000028FBD0A84A4FF400215161A5485A23E0
:10AB10000370A5234370052383708223C37014231D
:10AB20000371AC23437100238371D4F8C8301B0A2E
:10AB3000C3719161082116F029FE1CF0FBFD00286D
:10AB4000FBD0994B4FF400225A6196485A2101706C
:10AB5000A5214170052181708221C17014210171EC
:10AB6000AE21417100218171B4F8CA10C1719A619E
:10AB7000082116F00BFE1CF0DDFD0028FBD08A4BEF
:10AB80004FF400225A6187485A210170A521417073
:10AB9000052181708221C17014210171B0214171A0
:10ABA00000218171B4F8D210C1719A61082116F0A8
:10ABB000EDFD1CF0BFFD0028FBD07B4A4FF40021C7
:10ABC000516178485A230370A5234370052383708D
:10ABD0008223C37014230371B22343710023837152
:10ABE000D4F8D0301B0AC3719161082116F0CEFD54
:10ABF0001CF0A0FD0028FBD06B4B4FF400225A61E3
:10AC000068485A210170A521417005218170822177
:10AC1000C17014210171B421417100218171D4F8F6
:10AC2000D010C1719A61082116F0B0FD1CF082FDB0
:10AC30000028FBD05C4A4FF40021516159485A2347
:10AC40000370A5234370072383708223C3701423EA
:10AC50000371CA234371D4F8C0301D0E85711D0CD9
:10AC6000C5711D0A0572437291610A2116F08EFDAD
:10AC70001CF060FD0028FBD04B4A4FF400215161CD
:10AC800048485A230370A523437007238370822307
:10AC9000C37014230371CF23437100238371C371E5
:10ACA0000372B4F8DE30437291610A2116F06EFD32
:10ACB0001CF040FD0028FBD03B4B4FF400225A61B2
:10ACC00038485A210170A5214170072181708221E5
:10ACD000C17014210171C621417100218171C171BE
:10ACE000D4F8DC100D0A057241729A610A2116F03F
:10ACF0004DFD1CF01FFD0028FBD02B4B4FF4002214
:10AD00005A6128485A210170A5214170052181709E
:10AD10008221C17014210171B6214171002181711C
:10AD2000D4F8C410C1719A61082116F02FFD1CF0EF
:10AD300001FD0028FBD01C4A4FF400215161194845
:10AD40005A230370A5234370052383708223C370A5
:10AD500014230371B823437100238371D4F8C430E2
:10AD60001B0AC3719161082116F010FD1CF0E2FC72
:10AD70000028FBD00C4B4FF400225A6109485A219D
:10AD80000170A5214170052181708221C1701421BB
:10AD90000171BA21417100218171B4F8C610C171ED
:10ADA0009A6103E05095012000800041082116F0CF
:10ADB000EDFC1CF0BFFC0028FBD04E4B4FF40022F2
:10ADC0005A614D485A210170A521417005218170B9
:10ADD0008221C17014210171BC2141710021817156
:10ADE000B4F8CE10C1719A61082116F0CFFC1CF0A6
:10ADF000A1FC0028FBD03F4A4FF4002151613E489E
:10AE00005A230370A5234370052383708223C370E4
:10AE100014230371BE23437100238371D4F8CC3013
:10AE20001B0AC3719161082116F0B0FC1CF082FC72
:10AE30000028FBD02F4B4FF400225A612E485A2194
:10AE40000170A5214170052181708221C1701421FA
:10AE50000171C021417100218171D4F8CC10C17100
:10AE60009A61082116F092FC1CF064FC0028FBD0CB
:10AE7000204B4FF400225A611F485A210170A5212E
:10AE80004170052181708221C17014210171C2219C
:10AE9000417100218171B4F8DA10C1719A61082101
:10AEA00016F074FC1CF046FC0028FBD0114B4FF44C
:10AEB00000225A6110485A210170A52141700521D4
:10AEC00081708221C17014210171C421417100215E
:10AED0008171D4F8D810C1719A61082116F056FC1E
:10AEE0001CF028FC0028FBD0024B4FF400225A61D2
:10AEF00038BD00BF008000415095012038B50446A0
:10AF0000D5485A230370A5234370072383708223F7
:10AF1000C37014230371A623437100238371C3718B
:10AF2000D4F8F4301A0A02724372CC4B4FF4002268
:10AF30009A610A2116F02AFC1CF0FCFB0028FBD0C9
:10AF4000C64B4FF400225A61C3485A210170A52113
:10AF50004170052181708221C17014210171CE21BF
:10AF6000417100218171B4F8F610C1719A61082114
:10AF700016F00CFC1CF0DEFB0028FBD0B74B4FF4A6
:10AF800000225A61B4485A210170A521417005215F
:10AF900081708221C17014210171AA2141710021A7
:10AFA0008171D4F8E810C1719A61082116F0EEFBA6
:10AFB0001CF0C0FB0028FBD0A84A4FF400215161CF
:10AFC000A5485A230370A523437005238370822369
:10AFD000C37014230371AC23437100238371D4F82D
:10AFE000E8301B0AC3719161082116F0CFFB1CF0F9
:10AFF000A1FB0028FBD0994B4FF400225A619648E0
:10B000005A210170A5214170052181708221C170F2
:10B0100014210171AE21417100218171B4F8EA104F
:10B02000C1719A61082116F0B1FB1CF083FB002866
:10B03000FBD08A4B4FF400225A6187485A21017095
:10B04000A5214170052181708221C17014210171F7
:10B05000B021417100218171B4F8F210C1719A617F
:10B06000082116F093FB1CF065FB0028FBD07B4AFF
:10B070004FF40021516178485A230370A52343708F
:10B08000052383708223C37014230371B223437199
:10B0900000238371D4F8F0301B0AC3719161082139
:10B0A00016F074FB1CF046FB0028FBD06B4B4FF4F2
:10B0B00000225A6168485A210170A521417005217A
:10B0C00081708221C17014210171B421417100216C
:10B0D0008171D4F8F010C1719A61082116F056FB05
:10B0E0001CF028FB0028FBD05C4A4FF40021516182
:10B0F00059485A230370A523437007238370822382
:10B10000C37014230371CA234371D4F8E0301D0EB9
:10B1100085711D0CC5711D0A0572437291610A216A
:10B1200016F034FB1CF006FB0028FBD04B4A4FF412
:10B130000021516148485A230370A5234370072317
:10B1400083708223C37014230371CF2343710023C0
:10B150008371C3710372B4F8FE30437291610A21A6
:10B1600016F014FB1CF0E6FA0028FBD03B4B4FF422
:10B1700000225A6138485A210170A52141700721E7
:10B1800081708221C17014210171C6214171002199
:10B190008171C171D4F8FC100D0A057241729A6177
:10B1A0000A2116F0F3FA1CF0C5FA0028FBD02B4B4D
:10B1B0004FF400225A6128485A210170A52141709C
:10B1C000052181708221C17014210171B621417164
:10B1D00000218171D4F8E410C1719A61082116F040
:10B1E000D5FA1CF0A7FA0028FBD01C4A4FF4002126
:10B1F000516119485A230370A523437005238370B6
:10B200008223C37014230371B82343710023837115
:10B21000D4F8E4301B0AC3719161082116F0B6FA24
:10B220001CF088FA0028FBD00C4B4FF400225A6126
:10B2300009485A210170A5214170052181708221A0
:10B24000C17014210171BA21417100218171B4F8DA
:10B25000E610C1719A6103E0509501200080004121
:10B26000082116F093FA1CF065FA0028FBD04E4B2B
:10B270004FF400225A614D485A210170A5214170B6
:10B28000052181708221C17014210171BC2141719D
:10B2900000218171B4F8EE10C1719A61082116F095
:10B2A00075FA1CF047FA0028FBD03F4A4FF4002102
:10B2B00051613E485A230370A523437005238370D0
:10B2C0008223C37014230371BE234371002383714F
:10B2D000D4F8EC301B0AC3719161082116F056FABC
:10B2E0001CF028FA0028FBD02F4B4FF400225A61A3
:10B2F0002E485A210170A5214170052181708221BB
:10B30000C17014210171C021417100218171D4F8F3
:10B31000EC10C1719A61082116F038FA1CF00AFA93
:10B320000028FBD0204B4FF400225A611F485A21BD
:10B330000170A5214170052181708221C170142105
:10B340000171C221417100218171B4F8FA10C171FB
:10B350009A61082116F01AFA1CF0ECF90028FBD0CB
:10B36000114B4FF400225A6110485A210170A52157
:10B370004170052181708221C17014210171C421A5
:10B38000417100218171D4F8F810C1719A610821CE
:10B3900016F0FCF91CF0CEF90028FBD0024B4FF45C
:10B3A00000225A6138BD00BF008000415095012045
:10B3B00038B50446D5485A230370A52343700723A4
:10B3C00083708223C37014230371A6234371002367
:10B3D0008371C371D4F814311A0A02724372CC4BD0
:10B3E0004FF400229A610A2116F0D0F91CF0A2F95C
:10B3F0000028FBD0C64B4FF400225A61C3485A21A3
:10B400000170A5214170052181708221C170142134
:10B410000171CE21417100218171B4F81611C17101
:10B420009A61082116F0B2F91CF084F90028FBD0CB
:10B43000B74B4FF400225A61B4485A210170A5213C
:10B440004170052181708221C17014210171AA21EE
:10B45000417100218171D4F80811C1719A610821EC
:10B4600016F094F91CF066F90028FBD0A84A4FF4B6
:10B4700000215161A5485A230370A5234370052379
:10B4800083708223C37014230371AC2343710023A0
:10B490008371D4F808311B0AC3719161082116F039
:10B4A00075F91CF047F90028FBD0994B4FF40022A6
:10B4B0005A6196485A210170A52141700521817079
:10B4C0008221C17014210171AE214171002181716D
:10B4D000B4F80A11C1719A61082116F057F91CF0ED
:10B4E00029F90028FBD08A4B4FF400225A61874883
:10B4F0005A210170A5214170052181708221C170FE
:10B5000014210171B021417100218171B4F812112F
:10B51000C1719A61082116F039F91CF00BF9002865
:10B52000FBD07B4A4FF40021516178485A230370C5
:10B53000A5234370052383708223C37014230371F2
:10B54000B223437100238371D4F810311B0AC371F5
:10B550009161082116F01AF91CF0ECF80028FBD0D4
:10B560006B4B4FF400225A6168485A210170A521A3
:10B570004170052181708221C17014210171B421B3
:10B58000417100218171D4F81011C1719A610821B3
:10B5900016F0FCF81CF0CEF80028FBD05C4A4FF403
:10B5A0000021516159485A230370A5234370072392
:10B5B00083708223C37014230371CA234371D4F8A8
:10B5C00000311D0E85711D0CC5711D0A0572437277
:10B5D00091610A2116F0DAF81CF0ACF80028FBD0D3
:10B5E0004B4A4FF40021516148485A230370A52368
:10B5F0004370072383708223C37014230371CF2306
:10B60000437100238371C3710372B4F81E31437216
:10B6100091610A2116F0BAF81CF08CF80028FBD0D2
:10B620003B4B4FF400225A6138485A210170A52142
:10B630004170072181708221C17014210171C621DE
:10B64000417100218171C171D4F81C110D0A05727C
:10B6500041729A610A2116F099F81CF06BF80028E3
:10B66000FBD02B4B4FF400225A6128485A2101701D
:10B67000A5214170052181708221C17014210171C1
:10B68000B621417100218171D4F80411C1719A6110
:10B69000082116F07BF81CF04DF80028FBD01C4A5E
:10B6A0004FF40021516119485A230370A5234370B8
:10B6B000052383708223C37014230371B82343715D
:10B6C00000238371D4F804311B0AC37191610821EE
:10B6D00016F05CF81CF02EF80028FBD00C4B4FF451
:10B6E00000225A6109485A210170A52141700521A3
:10B6F00081708221C17014210171BA214171002130
:10B700008171B4F80611C1719A6103E0509501206E
:10B7100000800041082116F039F81CF00BF80028D1
:10B72000FBD04E4B4FF400225A614D485A21017014
:10B73000A5214170052181708221C1701421017100
:10B74000BC21417100218171B4F80E11C1719A615F
:10B75000082116F01BF81BF0EDFF0028FBD03F4A34
:10B760004FF4002151613E485A230370A5234370D2
:10B77000052383708223C37014230371BE23437196
:10B7800000238371D4F80C311B0AC3719161082125
:10B7900015F0FCFF1BF0CEFF0028FBD02F4B4FF421
:10B7A00000225A612E485A210170A52141700521BD
:10B7B00081708221C17014210171C0214171002169
:10B7C0008171D4F80C11C1719A61082115F0DEFF66
:10B7D0001BF0B0FF0028FBD0204B4FF400225A6131
:10B7E0001F485A210170A5214170052181708221D5
:10B7F000C17014210171C221417100218171B4F81D
:10B800001A11C1719A61082115F0C0FF1BF092FF57
:10B810000028FBD0114B4FF400225A6110485A21E6
:10B820000170A5214170052181708221C170142110
:10B830000171C421417100218171D4F81811C171C5
:10B840009A61082115F0A2FF1BF074FF0028FBD0BD
:10B85000024B4FF400225A6138BD00BF0080004106
:10B860005095012038B50446D5485A230370A523C6
:10B870004370072383708223C37014230371A623AC
:10B88000437100238371C371D4F834311A0A0272F0
:10B890004372CC4B4FF400229A610A2115F076FFD7
:10B8A0001BF048FF0028FBD0C64B4FF400225A6122
:10B8B000C3485A210170A521417005218170822160
:10B8C000C17014210171CE21417100218171B4F840
:10B8D0003611C1719A61082115F058FF1BF02AFF3B
:10B8E0000028FBD0B74B4FF400225A61B4485A21CC
:10B8F0000170A5214170052181708221C170142140
:10B900000171AA21417100218171D4F82811C171FE
:10B910009A61082115F03AFF1BF00CFF0028FBD0BC
:10B92000A84A4FF400215161A5485A230370A5236A
:10B930004370052383708223C37014230371AC23E7
:10B94000437100238371D4F828311B0AC3719161BC
:10B95000082115F01BFF1BF0EDFE0028FBD0994BD2
:10B960004FF400225A6196485A210170A521417076
:10B97000052181708221C17014210171AE214171B4
:10B9800000218171B4F82A11C1719A61082115F062
:10B99000FDFE1BF0CFFE0028FBD08A4B4FF40022A7
:10B9A0005A6187485A210170A52141700521817093
:10B9B0008221C17014210171B02141710021817176
:10B9C000B4F83211C1719A61082115F0DFFE1BF045
:10B9D000B1FE0028FBD07B4A4FF40021516178482A
:10B9E0005A230370A5234370052383708223C370F9
:10B9F00014230371B223437100238371D4F83031CF
:10BA00001B0AC3719161082115F0C0FE1BF092FE64
:10BA10000028FBD06B4B4FF400225A6168485A2132
:10BA20000170A5214170052181708221C17014210E
:10BA30000171B421417100218171D4F83011C171BB
:10BA40009A61082115F0A2FE1BF074FE0028FBD0BD
:10BA50005C4A4FF40021516159485A230370A523D1
:10BA60004370072383708223C37014230371CA2396
:10BA70004371D4F820311D0E85711D0CC5711D0A4E
:10BA80000572437291610A2115F080FE1BF052FE8F
:10BA90000028FBD04B4A4FF40021516148485A23FB
:10BAA0000370A5234370072383708223C37014237C
:10BAB0000371CF23437100238371C3710372B4F800
:10BAC0003E31437291610A2115F060FE1BF032FE97
:10BAD0000028FBD03B4B4FF400225A6138485A21D2
:10BAE0000170A5214170072181708221C17014214C
:10BAF0000171C621417100218171C171D4F83C11DD
:10BB00000D0A057241729A610A2115F03FFE1BF081
:10BB100011FE0028FBD02B4B4FF400225A6128481D
:10BB20005A210170A5214170052181708221C170C7
:10BB300014210171B621417100218171D4F82411C1
:10BB4000C1719A61082115F021FE1BF0F3FD002858
:10BB5000FBD01C4A4FF40021516119485A2303704D
:10BB6000A5234370052383708223C37014230371BC
:10BB7000B823437100238371D4F824311B0AC371A5
:10BB80009161082115F002FE1BF0D4FD0028FBD0C6
:10BB90000C4B4FF400225A6109485A210170A5212B
:10BBA0004170052181708221C17014210171BA2177
:10BBB000417100218171B4F82611C1719A6103E0CD
:10BBC0005095012000800041082115F0DFFD1BF099
:10BBD000B1FD0028FBD04E4B4FF400225A614D4876
:10BBE0005A210170A5214170052181708221C17007
:10BBF00014210171BC21417100218171B4F82E1111
:10BC0000C1719A61082115F0C1FD1BF093FD002858
:10BC1000FBD03F4A4FF4002151613E485A23037044
:10BC2000A5234370052383708223C37014230371FB
:10BC3000BE23437100238371D4F82C311B0AC371D6
:10BC40009161082115F0A2FD1BF074FD0028FBD0C6
:10BC50002F4B4FF400225A612E485A210170A52122
:10BC60004170052181708221C17014210171C021B0
:10BC7000417100218171D4F82C11C1719A610821A0
:10BC800015F084FD1BF056FD0028FBD0204B4FF42F
:10BC900000225A611F485A210170A52141700521D7
:10BCA00081708221C17014210171C2214171002172
:10BCB0008171B4F83A11C1719A61082115F066FDDD
:10BCC0001BF038FD0028FBD0114B4FF400225A61C5
:10BCD00010485A210170A5214170052181708221EF
:10BCE000C17014210171C421417100218171D4F806
:10BCF0003811C1719A61082115F048FD1BF01AFD39
:10BD00000028FBD0024B4FF400225A6138BD00BF1F
:10BD1000008000415095012038B50446D5485A238B
:10BD20000370A5234370072383708223C3701423F9
:10BD30000371A623437100238371C371D4F8543176
:10BD40001A0A02724372CC4B4FF400229A610A2104
:10BD500015F01CFD1BF0EEFC0028FBD0C64B4FF489
:10BD600000225A61C3485A210170A5214170052162
:10BD700081708221C17014210171CE214171002195
:10BD80008171B4F85611C1719A61082115F0FEFC59
:10BD90001BF0D0FC0028FBD0B74B4FF400225A61B7
:10BDA000B4485A210170A52141700521817082217A
:10BDB000C17014210171AA21417100218171D4F84F
:10BDC0004811C1719A61082115F0E0FC1BF0B2FC2A
:10BDD0000028FBD0A84A4FF400215161A5485A23FE
:10BDE0000370A5234370052383708223C37014233B
:10BDF0000371AC23437100238371D4F848311B0ACB
:10BE0000C3719161082115F0C1FC1BF093FC00285F
:10BE1000FBD0994B4FF400225A6196485A21017089
:10BE2000A5214170052181708221C1701421017109
:10BE3000AE21417100218171B4F84A11C1719A613A
:10BE4000082115F0A3FC1BF075FC0028FBD08A4BE1
:10BE50004FF400225A6187485A210170A521417090
:10BE6000052181708221C17014210171B0214171BD
:10BE700000218171B4F85211C1719A61082115F045
:10BE800085FC1BF057FC0028FBD07B4A4FF40021B7
:10BE9000516178485A230370A523437005238370AA
:10BEA0008223C37014230371B2234371002383716F
:10BEB000D4F850311B0AC3719161082115F066FC5A
:10BEC0001BF038FC0028FBD06B4B4FF400225A616A
:10BED00068485A210170A521417005218170822195
:10BEE000C17014210171B421417100218171D4F814
:10BEF0005011C1719A61082115F048FC1BF01AFC21
:10BF00000028FBD05C4A4FF40021516159485A2364
:10BF10000370A5234370072383708223C370142307
:10BF20000371CA234371D4F840311D0E85711D0C75
:10BF3000C5711D0A0572437291610A2115F026FC34
:10BF40001BF0F8FB0028FBD04B4A4FF40021516155
:10BF500048485A230370A523437007238370822324
:10BF6000C37014230371CF23437100238371C37102
:10BF70000372B4F85E31437291610A2115F006FC38
:10BF80001BF0D8FB0028FBD03B4B4FF400225A613A
:10BF900038485A210170A521417007218170822102
:10BFA000C17014210171C621417100218171C171DB
:10BFB000D4F85C110D0A057241729A610A2115F0DC
:10BFC000E5FB1BF0B7FB0028FBD02B4B4FF4002206
:10BFD0005A6128485A210170A521417005218170BC
:10BFE0008221C17014210171B6214171002181713A
:10BFF000D4F84411C1719A61082115F0C7FB1BF0F8
:10C0000099FB0028FBD01C4A4FF4002151611948CC
:10C010005A230370A5234370052383708223C370C2
:10C0200014230371B823437100238371D4F844317E
:10C030001B0AC3719161082115F0A8FB1BF07AFB64
:10C040000028FBD00C4B4FF400225A6109485A21BA
:10C050000170A5214170052181708221C1701421D8
:10C060000171BA21417100218171B4F84611C17189
:10C070009A6103E05095012000800041082115F0ED
:10C0800085FB1BF057FB0028FBD04E4B4FF40022E2
:10C090005A614D485A210170A521417005218170D6
:10C0A0008221C17014210171BC2141710021817173
:10C0B000B4F84E11C1719A61082115F067FB1BF0AD
:10C0C00039FB0028FBD03F4A4FF4002151613E4824
:10C0D0005A230370A5234370052383708223C37002
:10C0E00014230371BE23437100238371D4F84C31B0
:10C0F0001B0AC3719161082115F048FB1BF01AFB64
:10C100000028FBD02F4B4FF400225A612E485A21B1
:10C110000170A5214170052181708221C170142117
:10C120000171C021417100218171D4F84C11C1719C
:10C130009A61082115F02AFB1BF0FCFA0028FBD0BD
:10C14000204B4FF400225A611F485A210170A5214B
:10C150004170052181708221C17014210171C221B9
:10C16000417100218171B4F85A11C1719A6108219D
:10C1700015F00CFB1BF0DEFA0028FBD0114B4FF43E
:10C1800000225A6110485A210170A52141700521F1
:10C1900081708221C17014210171C421417100217B
:10C1A0008171D4F85811C1719A61082115F0EEFA25
:10C1B0001BF0C0FA0028FBD0024B4FF400225A615A
:10C1C00038BD00BF008000415095012038B50446BD
:10C1D000D5485A230370A523437007238370822315
:10C1E000C37014230371A623437100238371C371A9
:10C1F000D4F874311A0A02724372CC4B4FF4002205
:10C200009A610A2115F0C2FA1BF094FA0028FBD0BB
:10C21000C64B4FF400225A61C3485A210170A52130
:10C220004170052181708221C17014210171CE21DC
:10C23000417100218171B4F87611C1719A610821B0
:10C2400015F0A4FA1BF076FA0028FBD0B74B4FF498
:10C2500000225A61B4485A210170A521417005217C
:10C2600081708221C17014210171AA2141710021C4
:10C270008171D4F86811C1719A61082115F086FAAC
:10C280001BF058FA0028FBD0A84A4FF40021516156
:10C29000A5485A230370A523437005238370822386
:10C2A000C37014230371AC23437100238371D4F84A
:10C2B00068311B0AC3719161082115F067FA1BF000
:10C2C00039FA0028FBD0994B4FF400225A61964866
:10C2D0005A210170A5214170052181708221C17010
:10C2E00014210171AE21417100218171B4F86A11EC
:10C2F000C1719A61082115F049FA1BF01BFA002858
:10C30000FBD08A4B4FF400225A6187485A210170B2
:10C31000A5214170052181708221C1701421017114
:10C32000B021417100218171B4F87211C1719A611B
:10C33000082115F02BFA1BF0FDF90028FBD07B4AF1
:10C340004FF40021516178485A230370A5234370AC
:10C35000052383708223C37014230371B2234371B6
:10C3600000238371D4F870311B0AC37191610821D5
:10C3700015F00CFA1BF0DEF90028FBD06B4B4FF4E4
:10C3800000225A6168485A210170A5214170052197
:10C3900081708221C17014210171B4214171002189
:10C3A0008171D4F87011C1719A61082115F0EEF90C
:10C3B0001BF0C0F90028FBD05C4A4FF4002151610A
:10C3C00059485A230370A52343700723837082239F
:10C3D000C37014230371CA234371D4F860311D0E56
:10C3E00085711D0CC5711D0A0572437291610A2188
:10C3F00015F0CCF91BF09EF90028FBD04B4A4FF406
:10C400000021516148485A230370A5234370072334
:10C4100083708223C37014230371CF2343710023DD
:10C420008371C3710372B4F87E31437291610A2142
:10C4300015F0ACF91BF07EF90028FBD03B4B4FF414
:10C4400000225A6138485A210170A5214170072104
:10C4500081708221C17014210171C62141710021B6
:10C460008171C171D4F87C110D0A057241729A6113
:10C470000A2115F08BF91BF05DF90028FBD02B4B3E
:10C480004FF400225A6128485A210170A5214170B9
:10C49000052181708221C17014210171B621417181
:10C4A00000218171D4F86411C1719A61082115F0DD
:10C4B0006DF91BF03FF90028FBD01C4A4FF4002116
:10C4C000516119485A230370A523437005238370D3
:10C4D0008223C37014230371B82343710023837133
:10C4E000D4F864311B0AC3719161082115F04EF92B
:10C4F0001BF020F90028FBD00C4B4FF400225A61AE
:10C5000009485A210170A5214170052181708221BD
:10C51000C17014210171BA21417100218171B4F8F7
:10C520006611C1719A6103E05095012000800041BD
:10C53000082115F02BF91BF0FDF80028FBD04E4B1D
:10C540004FF400225A614D485A210170A5214170D3
:10C55000052181708221C17014210171BC214171BA
:10C5600000218171B4F86E11C1719A61082115F032
:10C570000DF91BF0DFF80028FBD03F4A4FF40021F3
:10C5800051613E485A230370A523437005238370ED
:10C590008223C37014230371BE234371002383716C
:10C5A000D4F86C311B0AC3719161082115F0EEF8C3
:10C5B0001BF0C0F80028FBD02F4B4FF400225A612B
:10C5C0002E485A210170A5214170052181708221D8
:10C5D000C17014210171C021417100218171D4F811
:10C5E0006C11C1719A61082115F0D0F81BF0A2F806
:10C5F0000028FBD0204B4FF400225A611F485A21DB
:10C600000170A5214170052181708221C170142122
:10C610000171C221417100218171B4F87A11C17197
:10C620009A61082115F0B2F81BF084F80028FBD0BD
:10C63000114B4FF400225A6110485A210170A52174
:10C640004170052181708221C17014210171C421C2
:10C65000417100218171D4F87811C1719A6108216A
:10C6600015F094F81BF066F80028FBD0024B4FF44D
:10C6700000225A6138BD00BF008000415095012062
:10C6800038B50446D5485A230370A52343700723C1
:10C6900083708223C37014230371A6234371002384
:10C6A0008371C371D4F894311A0A02724372CC4B6D
:10C6B0004FF400229A610A2115F068F81BF03AF84D
:10C6C0000028FBD0C64B4FF400225A61C3485A21C0
:10C6D0000170A5214170052181708221C170142152
:10C6E0000171CE21417100218171B4F89611C1719F
:10C6F0009A61082115F04AF81BF01CF80028FBD0BD
:10C70000B74B4FF400225A61B4485A210170A52159
:10C710004170052181708221C17014210171AA210B
:10C72000417100218171D4F88811C1719A61082189
:10C7300015F02CF81AF0FEFF0028FBD0A84A4FF4A1
:10C7400000215161A5485A230370A5234370052396
:10C7500083708223C37014230371AC2343710023BD
:10C760008371D4F888311B0AC3719161082115F0D7
:10C770000DF81AF0DFFF0028FBD0994B4FF4002290
:10C780005A6196485A210170A52141700521817096
:10C790008221C17014210171AE214171002181718A
:10C7A000B4F88A11C1719A61082114F0EFFF1AF0F0
:10C7B000C1FF0028FBD08A4B4FF400225A61874802
:10C7C0005A210170A5214170052181708221C1701B
:10C7D00014210171B021417100218171B4F89211CD
:10C7E000C1719A61082114F0D1FF1AF0A3FF00284B
:10C7F000FBD07B4A4FF40021516178485A230370E3
:10C80000A5234370052383708223C370142303710F
:10C81000B223437100238371D4F890311B0AC37192
:10C820009161082114F0B2FF1AF084FF0028FBD0B8
:10C830006B4B4FF400225A6168485A210170A521C0
:10C840004170052181708221C17014210171B421D0
:10C85000417100218171D4F89011C1719A61082150
:10C8600014F094FF1AF066FF0028FBD05C4A4FF4E6
:10C870000021516159485A230370A52343700723AF
:10C8800083708223C37014230371CA234371D4F8C5
:10C8900080311D0E85711D0CC5711D0A0572437214
:10C8A00091610A2114F072FF1AF044FF0028FBD0B6
:10C8B0004B4A4FF40021516148485A230370A52385
:10C8C0004370072383708223C37014230371CF2323
:10C8D000437100238371C3710372B4F89E314372B4
:10C8E00091610A2114F052FF1AF024FF0028FBD0B6
:10C8F0003B4B4FF400225A6138485A210170A52160
:10C900004170072181708221C17014210171C621FB
:10C91000417100218171C171D4F89C110D0A057219
:10C9200041729A610A2114F031FF1AF003FF0028C6
:10C93000FBD02B4B4FF400225A6128485A2101703A
:10C94000A5214170052181708221C17014210171DE
:10C95000B621417100218171D4F88411C1719A61AD
:10C96000082114F013FF1AF0E5FE0028FBD01C4A42
:10C970004FF40021516119485A230370A5234370D5
:10C98000052383708223C37014230371B82343717A
:10C9900000238371D4F884311B0AC371916108218B
:10C9A00014F0F4FE1AF0C6FE0028FBD00C4B4FF436
:10C9B00000225A6109485A210170A52141700521C0
:10C9C00081708221C17014210171BA21417100214D
:10C9D0008171B4F88611C1719A6103E0509501200C
:10C9E00000800041082114F0D1FE1AF0A3FE0028B7
:10C9F000FBD04E4B4FF400225A614D485A21017032
:10CA0000A5214170052181708221C170142101711D
:10CA1000BC21417100218171B4F88E11C1719A61FC
:10CA2000082114F0B3FE1AF085FE0028FBD03F4A1F
:10CA30004FF4002151613E485A230370A5234370EF
:10CA4000052383708223C37014230371BE234371B3
:10CA500000238371D4F88C311B0AC37191610821C2
:10CA600014F094FE1AF066FE0028FBD02F4B4FF412
:10CA700000225A612E485A210170A52141700521DA
:10CA800081708221C17014210171C0214171002186
:10CA90008171D4F88C11C1719A61082114F076FE6D
:10CAA0001AF048FE0028FBD0204B4FF400225A61B8
:10CAB0001F485A210170A5214170052181708221F2
:10CAC000C17014210171C221417100218171B4F83A
:10CAD0009A11C1719A61082114F058FE1AF02AFEC9
:10CAE0000028FBD0114B4FF400225A6110485A2104
:10CAF0000170A5214170052181708221C17014212E
:10CB00000171C421417100218171D4F89811C17162
:10CB10009A61082114F03AFE1AF00CFE0028FBD0AE
:10CB2000024B4FF400225A6138BD00BF0080004123
:10CB30005095012038B50446D5485A230370A523E3
:10CB40004370072383708223C37014230371A623C9
:10CB5000437100238371C371D4F8B4311A0A02728D
:10CB60004372CC4B4FF400229A610A2114F00EFE5E
:10CB70001AF0E0FD0028FBD0C64B4FF400225A61AA
:10CB8000C3485A210170A52141700521817082217D
:10CB9000C17014210171CE21417100218171B4F85D
:10CBA000B611C1719A61082114F0F0FD1AF0C2FDAE
:10CBB0000028FBD0B74B4FF400225A61B4485A21E9
:10CBC0000170A5214170052181708221C17014215D
:10CBD0000171AA21417100218171D4F8A811C1719C
:10CBE0009A61082114F0D2FD1AF0A4FD0028FBD0B0
:10CBF000A84A4FF400215161A5485A230370A52388
:10CC00004370052383708223C37014230371AC2304
:10CC1000437100238371D4F8A8311B0AC371916159
:10CC2000082114F0B3FD1AF085FD0028FBD0994BC4
:10CC30004FF400225A6196485A210170A521417093
:10CC4000052181708221C17014210171AE214171D1
:10CC500000218171B4F8AA11C1719A61082114F000
:10CC600095FD1AF067FD0028FBD08A4B4FF4002297
:10CC70005A6187485A210170A521417005218170B0
:10CC80008221C17014210171B02141710021817193
:10CC9000B4F8B211C1719A61082114F077FD1AF04D
:10CCA00049FD0028FBD07B4A4FF4002151617848B0
:10CCB0005A230370A5234370052383708223C37016
:10CCC00014230371B223437100238371D4F8B0316C
:10CCD0001B0AC3719161082114F058FD1AF02AFD56
:10CCE0000028FBD06B4B4FF400225A6168485A2150
:10CCF0000170A5214170052181708221C17014212C
:10CD00000171B421417100218171D4F8B011C17158
:10CD10009A61082114F03AFD1AF00CFD0028FBD0AE
:10CD20005C4A4FF40021516159485A230370A523EE
:10CD30004370072383708223C37014230371CA23B3
:10CD40004371D4F8A0311D0E85711D0CC5711D0AEB
:10CD50000572437291610A2114F018FD1AF0EAFC81
:10CD60000028FBD04B4A4FF40021516148485A2318
:10CD70000370A5234370072383708223C370142399
:10CD80000371CF23437100238371C3710372B4F81D
:10CD9000BE31437291610A2114F0F8FC1AF0CAFC0A
:10CDA0000028FBD03B4B4FF400225A6138485A21EF
:10CDB0000170A5214170072181708221C170142169
:10CDC0000171C621417100218171C171D4F8BC117A
:10CDD0000D0A057241729A610A2114F0D7FC1AF00B
:10CDE000A9FC0028FBD02B4B4FF400225A612848A5
:10CDF0005A210170A5214170052181708221C170E5
:10CE000014210171B621417100218171D4F8A4115E
:10CE1000C1719A61082114F0B9FC1AF08BFC00284A
:10CE2000FBD01C4A4FF40021516119485A2303706A
:10CE3000A5234370052383708223C37014230371D9
:10CE4000B823437100238371D4F8A4311B0AC37142
:10CE50009161082114F09AFC1AF06CFC0028FBD0B8
:10CE60000C4B4FF400225A6109485A210170A52148
:10CE70004170052181708221C17014210171BA2194
:10CE8000417100218171B4F8A611C1719A6103E06A
:10CE90005095012000800041082114F077FC1AF021
:10CEA00049FC0028FBD04E4B4FF400225A614D48FC
:10CEB0005A210170A5214170052181708221C17024
:10CEC00014210171BC21417100218171B4F8AE11AE
:10CED000C1719A61082114F059FC1AF02BFC00284A
:10CEE000FBD03F4A4FF4002151613E485A23037062
:10CEF000A5234370052383708223C3701423037119
:10CF0000BE23437100238371D4F8AC311B0AC37173
:10CF10009161082114F03AFC1AF00CFC0028FBD0B7
:10CF20002F4B4FF400225A612E485A210170A5213F
:10CF30004170052181708221C17014210171C021CD
:10CF4000417100218171D4F8AC11C1719A6108213D
:10CF500014F01CFC1AF0EEFB0028FBD0204B4FF421
:10CF600000225A611F485A210170A52141700521F4
:10CF700081708221C17014210171C221417100218F
:10CF80008171B4F8BA11C1719A61082114F0FEFBE5
:10CF90001AF0D0FB0028FBD0114B4FF400225A614D
:10CFA00010485A210170A52141700521817082210C
:10CFB000C17014210171C421417100218171D4F823
:10CFC000B811C1719A61082114F0E0FB1AF0B2FBAC
:10CFD0000028FBD0024B4FF400225A6138BD00BF3D
:10CFE000008000415095012038B50446D5485A23A9
:10CFF0000370A5234370072383708223C370142317
:10D000000371A623437100238371C371D4F8D43113
:10D010001A0A02724372CC4B4FF400229A610A2121
:10D0200014F0B4FB1AF086FB0028FBD0C64B4FF47B
:10D0300000225A61C3485A210170A521417005217F
:10D0400081708221C17014210171CE2141710021B2
:10D050008171B4F8D611C1719A61082114F096FB60
:10D060001AF068FB0028FBD0B74B4FF400225A613E
:10D07000B4485A210170A521417005218170822197
:10D08000C17014210171AA21417100218171D4F86C
:10D09000C811C1719A61082114F078FB1AF04AFB9B
:10D0A0000028FBD0A84A4FF400215161A5485A231B
:10D0B0000370A5234370052383708223C370142358
:10D0C0000371AC23437100238371D4F8C8311B0A68
:10D0D000C3719161082114F059FB1AF02BFB002851
:10D0E000FBD0994B4FF400225A6196485A210170A7
:10D0F000A5214170052181708221C1701421017127
:10D10000AE21417100218171B4F8CA11C1719A61D7
:10D11000082114F03BFB1AF00DFB0028FBD08A4BD2
:10D120004FF400225A6187485A210170A5214170AD
:10D13000052181708221C17014210171B0214171DA
:10D1400000218171B4F8D211C1719A61082114F0E3
:10D150001DFB1AF0EFFA0028FBD07B4A4FF40021A8
:10D16000516178485A230370A523437005238370C7
:10D170008223C37014230371B2234371002383718C
:10D18000D4F8D0311B0AC3719161082114F0FEFA62
:10D190001AF0D0FA0028FBD06B4B4FF400225A61F2
:10D1A00068485A210170A5214170052181708221B2
:10D1B000C17014210171B421417100218171D4F831
:10D1C000D011C1719A61082114F0E0FA1AF0B2FA94
:10D1D0000028FBD05C4A4FF40021516159485A2382
:10D1E0000370A5234370072383708223C370142325
:10D1F0000371CA234371D4F8C0311D0E85711D0C13
:10D20000C5711D0A0572437291610A2114F0BEFABC
:10D210001AF090FA0028FBD04B4A4FF400215161DC
:10D2200048485A230370A523437007238370822341
:10D23000C37014230371CF23437100238371C3711F
:10D240000372B4F8DE31437291610A2114F09EFA40
:10D250001AF070FA0028FBD03B4B4FF400225A61C1
:10D2600038485A210170A52141700721817082211F
:10D27000C17014210171C621417100218171C171F8
:10D28000D4F8DC110D0A057241729A610A2114F07A
:10D290007DFA1AF04FFA0028FBD02B4B4FF40022F6
:10D2A0005A6128485A210170A521417005218170D9
:10D2B0008221C17014210171B62141710021817157
:10D2C000D4F8C411C1719A61082114F05FFA1AF000
:10D2D00031FA0028FBD01C4A4FF400215161194853
:10D2E0005A230370A5234370052383708223C370E0
:10D2F00014230371B823437100238371D4F8C4311C
:10D300001B0AC3719161082114F040FA1AF012FA55
:10D310000028FBD00C4B4FF400225A6109485A21D7
:10D320000170A5214170052181708221C1701421F5
:10D330000171BA21417100218171B4F8C611C17126
:10D340009A6103E05095012000800041082114F00B
:10D350001DFA1AF0EFF90028FBD04E4B4FF40022D3
:10D360005A614D485A210170A521417005218170F3
:10D370008221C17014210171BC2141710021817190
:10D38000B4F8CE11C1719A61082114F0FFF91AF0B6
:10D39000D1F90028FBD03F4A4FF4002151613E48AB
:10D3A0005A230370A5234370052383708223C3701F
:10D3B00014230371BE23437100238371D4F8CC314D
:10D3C0001B0AC3719161082114F0E0F91AF0B2F957
:10D3D0000028FBD02F4B4FF400225A612E485A21CF
:10D3E0000170A5214170052181708221C170142135
:10D3F0000171C021417100218171D4F8CC11C1713A
:10D400009A61082114F0C2F91AF094F90028FBD0AF
:10D41000204B4FF400225A611F485A210170A52168
:10D420004170052181708221C17014210171C221D6
:10D43000417100218171B4F8DA11C1719A6108213A
:10D4400014F0A4F91AF076F90028FBD0114B4FF430
:10D4500000225A6110485A210170A521417005210E
:10D4600081708221C17014210171C4214171002198
:10D470008171D4F8D811C1719A61082114F086F92C
:10D480001AF058F90028FBD0024B4FF400225A61E1
:10D4900038BD00BF008000415095012038B50446DA
:10D4A000D5485A230370A523437007238370822332
:10D4B000C37014230371A623437100238371C371C6
:10D4C000D4F8F4311A0A02724372CC4B4FF40022A2
:10D4D0009A610A2114F05AF91AF02CF90028FBD0AD
:10D4E000C64B4FF400225A61C3485A210170A5214E
:10D4F0004170052181708221C17014210171CE21FA
:10D50000417100218171B4F8F611C1719A6108214D
:10D5100014F03CF91AF00EF90028FBD0B74B4FF489
:10D5200000225A61B4485A210170A5214170052199
:10D5300081708221C17014210171AA2141710021E1
:10D540008171D4F8E811C1719A61082114F01EF9B3
:10D550001AF0F0F80028FBD0A84A4FF400215161DE
:10D56000A5485A230370A5234370052383708223A3
:10D57000C37014230371AC23437100238371D4F867
:10D58000E8311B0AC3719161082114F0FFF81AF009
:10D59000D1F80028FBD0994B4FF400225A619648ED
:10D5A0005A210170A5214170052181708221C1702D
:10D5B00014210171AE21417100218171B4F8EA1189
:10D5C000C1719A61082114F0E1F81AF0B3F800284B
:10D5D000FBD08A4B4FF400225A6187485A210170D0
:10D5E000A5214170052181708221C1701421017132
:10D5F000B021417100218171B4F8F211C1719A61B9
:10D60000082114F0C3F81AF095F80028FBD07B4AE3
:10D610004FF40021516178485A230370A5234370C9
:10D62000052383708223C37014230371B2234371D3
:10D6300000238371D4F8F0311B0AC3719161082172
:10D6400014F0A4F81AF076F80028FBD06B4B4FF4D6
:10D6500000225A6168485A210170A52141700521B4
:10D6600081708221C17014210171B42141710021A6
:10D670008171D4F8F011C1719A61082114F086F813
:10D680001AF058F80028FBD05C4A4FF40021516191
:10D6900059485A230370A5234370072383708223BC
:10D6A000C37014230371CA234371D4F8E0311D0EF3
:10D6B00085711D0CC5711D0A0572437291610A21A5
:10D6C00014F064F81AF036F80028FBD04B4A4FF4F7
:10D6D0000021516148485A230370A5234370072352
:10D6E00083708223C37014230371CF2343710023FB
:10D6F0008371C3710372B4F8FE31437291610A21E0
:10D7000014F044F81AF016F80028FBD03B4B4FF405
:10D7100000225A6138485A210170A5214170072121
:10D7200081708221C17014210171C62141710021D3
:10D730008171C171D4F8FC110D0A057241729A61B0
:10D740000A2114F023F819F0F5FF0028FBD02B4B29
:10D750004FF400225A6128485A210170A5214170D6
:10D76000052181708221C17014210171B62141719E
:10D7700000218171D4F8E411C1719A61082114F07B
:10D7800005F819F0D7FF0028FBD01C4A4FF4002100
:10D79000516119485A230370A523437005238370F0
:10D7A0008223C37014230371B82343710023837150
:10D7B000D4F8E4311B0AC3719161082113F0E6FF2C
:10D7C00019F0B8FF0028FBD00C4B4FF400225A612F
:10D7D00009485A210170A5214170052181708221DB
:10D7E000C17014210171BA21417100218171B4F815
:10D7F000E611C1719A6103E050950120008000415B
:10D80000082113F0C3FF19F095FF0028FBD04E4B01
:10D810004FF400225A614D485A210170A5214170F0
:10D82000052181708221C17014210171BC214171D7
:10D8300000218171B4F8EE11C1719A61082113F0D1
:10D84000A5FF19F077FF0028FBD03F4A4FF40021D5
:10D8500051613E485A230370A5234370052383700A
:10D860008223C37014230371BE2343710023837189
:10D87000D4F8EC311B0AC3719161082113F086FFC3
:10D8800019F058FF0028FBD02F4B4FF400225A61AB
:10D890002E485A210170A5214170052181708221F5
:10D8A000C17014210171C021417100218171D4F82E
:10D8B000EC11C1719A61082113F068FF19F03AFF69
:10D8C0000028FBD0204B4FF400225A611F485A21F8
:10D8D0000170A5214170052181708221C170142140
:10D8E0000171C221417100218171B4F8FA11C17135
:10D8F0009A61082113F04AFF19F01CFF0028FBD0A1
:10D90000114B4FF400225A6110485A210170A52191
:10D910004170052181708221C17014210171C421DF
:10D92000417100218171D4F8F811C1719A61082107
:10D9300013F02CFF19F0FEFE0028FBD0024B4FF431
:10D9400000225A6138BD00BF00800041509501207F
:10D9500038B50446D5485A230370A52343700723DE
:10D9600083708223C37014230371A62343710023A1
:10D970008371C371D4F894301A0A02724372CC4B8B
:10D980004FF400229A610A2113F000FF19F0D2FE31
:10D990000028FBD0C64B4FF400225A61C3485A21DD
:10D9A0000170A5214170052181708221C17014216F
:10D9B0000171CE21417100218171B4F89610C171BD
:10D9C0009A61082113F0E2FE19F0B4FE0028FBD0A2
:10D9D000B74B4FF400225A61B4485A210170A52177
:10D9E0004170052181708221C17014210171AA2129
:10D9F000417100218171D4F88810C1719A610821A8
:10DA000013F0C4FE19F096FE0028FBD0A84A4FF48C
:10DA100000215161A5485A230370A52343700523B3
:10DA200083708223C37014230371AC2343710023DA
:10DA30008371D4F888301B0AC3719161082113F0F7
:10DA4000A5FE19F077FE0028FBD0994B4FF4002279
:10DA50005A6196485A210170A521417005218170B3
:10DA60008221C17014210171AE21417100218171A7
:10DA7000B4F88A10C1719A61082113F087FE19F079
:10DA800059FE0028FBD08A4B4FF400225A61874888
:10DA90005A210170A5214170052181708221C17038
:10DAA00014210171B021417100218171B4F89210EB
:10DAB000C1719A61082113F069FE19F03BFE00283C
:10DAC000FBD07B4A4FF40021516178485A23037000
:10DAD000A5234370052383708223C370142303712D
:10DAE000B223437100238371D4F890301B0AC371B1
:10DAF0009161082113F04AFE19F01CFE0028FBD0AA
:10DB00006B4B4FF400225A6168485A210170A521DD
:10DB10004170052181708221C17014210171B421ED
:10DB2000417100218171D4F89010C1719A6108216E
:10DB300013F02CFE19F0FEFD0028FBD05C4A4FF4D8
:10DB40000021516159485A230370A52343700723CC
:10DB500083708223C37014230371CA234371D4F8E2
:10DB600080301D0E85711D0CC5711D0A0572437232
:10DB700091610A2113F00AFE19F0DCFD0028FBD0A8
:10DB80004B4A4FF40021516148485A230370A523A2
:10DB90004370072383708223C37014230371CF2340
:10DBA000437100238371C3710372B4F89E304372D2
:10DBB00091610A2113F0EAFD19F0BCFD0028FBD0A9
:10DBC0003B4B4FF400225A6138485A210170A5217D
:10DBD0004170072181708221C17014210171C62119
:10DBE000417100218171C171D4F89C100D0A057238
:10DBF00041729A610A2113F0C9FD19F09BFD0028BA
:10DC0000FBD02B4B4FF400225A6128485A21017057
:10DC1000A5214170052181708221C17014210171FB
:10DC2000B621417100218171D4F88410C1719A61CB
:10DC3000082113F0ABFD19F07DFD0028FBD01C4A34
:10DC40004FF40021516119485A230370A5234370F2
:10DC5000052383708223C37014230371B823437197
:10DC600000238371D4F884301B0AC37191610821A9
:10DC700013F08CFD19F05EFD0028FBD00C4B4FF427
:10DC800000225A6109485A210170A52141700521DD
:10DC900081708221C17014210171BA21417100216A
:10DCA0008171B4F88610C1719A6103E0509501202A
:10DCB00000800041082113F069FD19F03BFD0028A8
:10DCC000FBD04E4B4FF400225A614D485A2101704F
:10DCD000A5214170052181708221C170142101713B
:10DCE000BC21417100218171B4F88E10C1719A611B
:10DCF000082113F04BFD19F01DFD0028FBD03F4A11
:10DD00004FF4002151613E485A230370A52343700C
:10DD1000052383708223C37014230371BE234371D0
:10DD200000238371D4F88C301B0AC37191610821E0
:10DD300013F02CFD19F0FEFC0028FBD02F4B4FF404
:10DD400000225A612E485A210170A52141700521F7
:10DD500081708221C17014210171C02141710021A3
:10DD60008171D4F88C10C1719A61082113F00EFDF5
:10DD700019F0E0FC0028FBD0204B4FF400225A6140
:10DD80001F485A210170A52141700521817082210F
:10DD9000C17014210171C221417100218171B4F857
:10DDA0009A10C1719A61082113F0F0FC19F0C2FCBD
:10DDB0000028FBD0114B4FF400225A6110485A2121
:10DDC0000170A5214170052181708221C17014214B
:10DDD0000171C421417100218171D4F89810C17181
:10DDE0009A61082113F0D2FC19F0A4FC0028FBD0A2
:10DDF000024B4FF400225A6138BD00BF0080004141
:10DE00005095012038B50446D5485A230370A52300
:10DE10004370072383708223C37014230371A623E6
:10DE2000437100238371C371D4F8B4301A0A0272AB
:10DE30004372CC4B4FF400229A610A2113F0A6FCE6
:10DE400019F078FC0028FBD0C64B4FF400225A6131
:10DE5000C3485A210170A52141700521817082219A
:10DE6000C17014210171CE21417100218171B4F87A
:10DE7000B610C1719A61082113F088FC19F05AFCA0
:10DE80000028FBD0B74B4FF400225A61B4485A2106
:10DE90000170A5214170052181708221C17014217A
:10DEA0000171AA21417100218171D4F8A810C171BA
:10DEB0009A61082113F06AFC19F03CFC0028FBD0A1
:10DEC000A84A4FF400215161A5485A230370A523A5
:10DED0004370052383708223C37014230371AC2322
:10DEE000437100238371D4F8A8301B0AC371916178
:10DEF000082113F04BFC19F01DFC0028FBD0994BB6
:10DF00004FF400225A6196485A210170A5214170B0
:10DF1000052181708221C17014210171AE214171EE
:10DF200000218171B4F8AA10C1719A61082113F01F
:10DF30002DFC19F0FFFB0028FBD08A4B4FF4002288
:10DF40005A6187485A210170A521417005218170CD
:10DF50008221C17014210171B021417100218171B0
:10DF6000B4F8B210C1719A61082113F00FFC19F0D6
:10DF7000E1FB0028FBD07B4A4FF400215161784837
:10DF80005A230370A5234370052383708223C37033
:10DF900014230371B223437100238371D4F8B0308A
:10DFA0001B0AC3719161082113F0F0FB19F0C2FB49
:10DFB0000028FBD06B4B4FF400225A6168485A216D
:10DFC0000170A5214170052181708221C170142149
:10DFD0000171B421417100218171D4F8B010C17177
:10DFE0009A61082113F0D2FB19F0A4FB0028FBD0A2
:10DFF0005C4A4FF40021516159485A230370A5230C
:10E000004370072383708223C37014230371CA23D0
:10E010004371D4F8A0301D0E85711D0CC5711D0A09
:10E020000572437291610A2113F0B0FB19F082FB73
:10E030000028FBD04B4A4FF40021516148485A2335
:10E040000370A5234370072383708223C3701423B6
:10E050000371CF23437100238371C3710372B4F83A
:10E06000BE30437291610A2113F090FB19F062FBFC
:10E070000028FBD03B4B4FF400225A6138485A210C
:10E080000170A5214170072181708221C170142186
:10E090000171C621417100218171C171D4F8BC1098
:10E0A0000D0A057241729A610A2113F06FFB19F093
:10E0B00041FB0028FBD02B4B4FF400225A6128482B
:10E0C0005A210170A5214170052181708221C17002
:10E0D00014210171B621417100218171D4F8A4107D
:10E0E000C1719A61082113F051FB19F023FB00283C
:10E0F000FBD01C4A4FF40021516119485A23037088
:10E10000A5234370052383708223C37014230371F6
:10E11000B823437100238371D4F8A4301B0AC37160
:10E120009161082113F032FB19F004FB0028FBD0A9
:10E130000C4B4FF400225A6109485A210170A52165
:10E140004170052181708221C17014210171BA21B1
:10E15000417100218171B4F8A610C1719A6103E088
:10E160005095012000800041082113F00FFB19F0A9
:10E17000E1FA0028FBD04E4B4FF400225A614D4883
:10E180005A210170A5214170052181708221C17041
:10E1900014210171BC21417100218171B4F8AE10CC
:10E1A000C1719A61082113F0F1FA19F0C3FA00283D
:10E1B000FBD03F4A4FF4002151613E485A2303707F
:10E1C000A5234370052383708223C3701423037136
:10E1D000BE23437100238371D4F8AC301B0AC37192
:10E1E0009161082113F0D2FA19F0A4FA0028FBD0AB
:10E1F0002F4B4FF400225A612E485A210170A5215D
:10E200004170052181708221C17014210171C021EA
:10E21000417100218171D4F8AC10C1719A6108215B
:10E2200013F0B4FA19F086FA0028FBD0204B4FF413
:10E2300000225A611F485A210170A5214170052111
:10E2400081708221C17014210171C22141710021AC
:10E250008171B4F8BA10C1719A61082113F096FA6D
:10E2600019F068FA0028FBD0114B4FF400225A61D4
:10E2700010485A210170A521417005218170822129
:10E28000C17014210171C421417100218171D4F840
:10E29000B810C1719A61082113F078FA19F04AFA9E
:10E2A0000028FBD0024B4FF400225A6138BD00BF5A
:10E2B000008000415095012038B50446D5485A23C6
:10E2C0000370A5234370072383708223C370142334
:10E2D0000371A623437100238371C371D4F8D43032
:10E2E0001A0A02724372CC4B4FF400229A610A213F
:10E2F00013F04CFA19F01EFA0028FBD0C64B4FF46D
:10E3000000225A61C3485A210170A521417005219C
:10E3100081708221C17014210171CE2141710021CF
:10E320008171B4F8D610C1719A61082113F02EFAE8
:10E3300019F000FA0028FBD0B74B4FF400225A61C5
:10E34000B4485A210170A5214170052181708221B4
:10E35000C17014210171AA21417100218171D4F889
:10E36000C810C1719A61082113F010FA19F0E2F98E
:10E370000028FBD0A84A4FF400215161A5485A2338
:10E380000370A5234370052383708223C370142375
:10E390000371AC23437100238371D4F8C8301B0A86
:10E3A000C3719161082113F0F1F919F0C3F9002844
:10E3B000FBD0994B4FF400225A6196485A210170C4
:10E3C000A5214170052181708221C1701421017144
:10E3D000AE21417100218171B4F8CA10C1719A61F6
:10E3E000082113F0D3F919F0A5F90028FBD08A4BC6
:10E3F0004FF400225A6187485A210170A5214170CB
:10E40000052181708221C17014210171B0214171F7
:10E4100000218171B4F8D210C1719A61082113F002
:10E42000B5F919F087F90028FBD07B4A4FF4002199
:10E43000516178485A230370A523437005238370E4
:10E440008223C37014230371B223437100238371A9
:10E45000D4F8D0301B0AC3719161082113F096F9EA
:10E4600019F068F90028FBD06B4B4FF400225A6179
:10E4700068485A210170A5214170052181708221CF
:10E48000C17014210171B421417100218171D4F84E
:10E49000D010C1719A61082113F078F919F04AF986
:10E4A0000028FBD05C4A4FF40021516159485A239F
:10E4B0000370A5234370072383708223C370142342
:10E4C0000371CA234371D4F8C0301D0E85711D0C31
:10E4D000C5711D0A0572437291610A2113F056F944
:10E4E00019F028F90028FBD04B4A4FF40021516164
:10E4F00048485A230370A52343700723837082235F
:10E50000C37014230371CF23437100238371C3713C
:10E510000372B4F8DE30437291610A2113F036F9C8
:10E5200019F008F90028FBD03B4B4FF400225A6148
:10E5300038485A210170A52141700721817082213C
:10E54000C17014210171C621417100218171C17115
:10E55000D4F8DC100D0A057241729A610A2113F099
:10E5600015F919F0E7F80028FBD02B4B4FF40022E7
:10E570005A6128485A210170A521417005218170F6
:10E580008221C17014210171B62141710021817174
:10E59000D4F8C410C1719A61082113F0F7F819F08A
:10E5A000C9F80028FBD01C4A4FF4002151611948DA
:10E5B0005A230370A5234370052383708223C370FD
:10E5C00014230371B823437100238371D4F8C4303A
:10E5D0001B0AC3719161082113F0D8F819F0AAF849
:10E5E0000028FBD00C4B4FF400225A6109485A21F5
:10E5F0000170A5214170052181708221C170142113
:10E600000171BA21417100218171B4F8C610C17144
:10E610009A6103E05095012000800041082113F029
:10E62000B5F819F087F80028FBD04E4B4FF40022C4
:10E630005A614D485A210170A52141700521817010
:10E640008221C17014210171BC21417100218171AD
:10E65000B4F8CE10C1719A61082113F097F819F03F
:10E6600069F80028FBD03F4A4FF4002151613E4831
:10E670005A230370A5234370052383708223C3703C
:10E6800014230371BE23437100238371D4F8CC306B
:10E690001B0AC3719161082113F078F819F04AF848
:10E6A0000028FBD02F4B4FF400225A612E485A21EC
:10E6B0000170A5214170052181708221C170142152
:10E6C0000171C021417100218171D4F8CC10C17158
:10E6D0009A61082113F05AF819F02CF80028FBD0A1
:10E6E000204B4FF400225A611F485A210170A52186
:10E6F0004170052181708221C17014210171C221F4
:10E70000417100218171B4F8DA10C1719A61082158
:10E7100013F03CF819F00EF80028FBD0114B4FF421
:10E7200000225A6110485A210170A521417005212B
:10E7300081708221C17014210171C42141710021B5
:10E740008171D4F8D810C1719A61082113F01EF8B4
:10E7500018F0F0FF0028FBD0024B4FF400225A6162
:10E7600038BD00BF008000415095012038B50446F7
:10E77000D5485A230370A52343700723837082234F
:10E78000C37014230371A623437100238371C371E3
:10E79000D4F8F4301A0A02724372CC4B4FF40022C0
:10E7A0009A610A2112F0F2FF18F0C4FF0028FBD092
:10E7B000C64B4FF400225A61C3485A210170A5216B
:10E7C0004170052181708221C17014210171CE2117
:10E7D000417100218171B4F8F610C1719A6108216C
:10E7E00012F0D4FF18F0A6FF0028FBD0B74B4FF46F
:10E7F00000225A61B4485A210170A52141700521B7
:10E8000081708221C17014210171AA2141710021FE
:10E810008171D4F8E810C1719A61082112F0B6FF35
:10E8200018F088FF0028FBD0A84A4FF4002151615E
:10E83000A5485A230370A5234370052383708223C0
:10E84000C37014230371AC23437100238371D4F884
:10E85000E8301B0AC3719161082112F097FF18F08C
:10E8600069FF0028FBD0994B4FF400225A6196486B
:10E870005A210170A5214170052181708221C1704A
:10E8800014210171AE21417100218171B4F8EA10A7
:10E89000C1719A61082112F079FF18F04BFF00282E
:10E8A000FBD08A4B4FF400225A6187485A210170ED
:10E8B000A5214170052181708221C170142101714F
:10E8C000B021417100218171B4F8F210C1719A61D7
:10E8D000082112F05BFF18F02DFF0028FBD07B4AC7
:10E8E0004FF40021516178485A230370A5234370E7
:10E8F000052383708223C37014230371B2234371F1
:10E9000000238371D4F8F0301B0AC3719161082190
:10E9100012F03CFF18F00EFF0028FBD06B4B4FF4B9
:10E9200000225A6168485A210170A52141700521D1
:10E9300081708221C17014210171B42141710021C3
:10E940008171D4F8F010C1719A61082112F01EFF94
:10E9500018F0F0FE0028FBD05C4A4FF40021516112
:10E9600059485A230370A5234370072383708223D9
:10E97000C37014230371CA234371D4F8E0301D0E11
:10E9800085711D0CC5711D0A0572437291610A21C2
:10E9900012F0FCFE18F0CEFE0028FBD04B4A4FF4DC
:10E9A0000021516148485A230370A523437007236F
:10E9B00083708223C37014230371CF234371002318
:10E9C0008371C3710372B4F8FE30437291610A21FE
:10E9D00012F0DCFE18F0AEFE0028FBD03B4B4FF4EB
:10E9E00000225A6138485A210170A521417007213F
:10E9F00081708221C17014210171C62141710021F1
:10EA00008171C171D4F8FC100D0A057241729A61CE
:10EA10000A2112F0BBFE18F08DFE0028FBD02B4B14
:10EA20004FF400225A6128485A210170A5214170F3
:10EA3000052181708221C17014210171B6214171BB
:10EA400000218171D4F8E410C1719A61082112F09B
:10EA50009DFE18F06FFE0028FBD01C4A4FF40021E9
:10EA6000516119485A230370A5234370052383700D
:10EA70008223C37014230371B8234371002383716D
:10EA8000D4F8E4301B0AC3719161082112F07EFEB4
:10EA900018F050FE0028FBD00C4B4FF400225A61B6
:10EAA00009485A210170A5214170052181708221F8
:10EAB000C17014210171BA21417100218171B4F832
:10EAC000E610C1719A6103E0509501200080004179
:10EAD000082112F05BFE18F02DFE0028FBD04E4BF3
:10EAE0004FF400225A614D485A210170A52141700E
:10EAF000052181708221C17014210171BC214171F5
:10EB000000218171B4F8EE10C1719A61082112F0F0
:10EB10003DFE18F00FFE0028FBD03F4A4FF40021C5
:10EB200051613E485A230370A52343700523837027
:10EB30008223C37014230371BE23437100238371A6
:10EB4000D4F8EC301B0AC3719161082112F01EFE4B
:10EB500018F0F0FD0028FBD02F4B4FF400225A6133
:10EB60002E485A210170A521417005218170822112
:10EB7000C17014210171C021417100218171D4F84B
:10EB8000EC10C1719A61082112F000FE18F0D2FD5C
:10EB90000028FBD0204B4FF400225A611F485A2115
:10EBA0000170A5214170052181708221C17014215D
:10EBB0000171C221417100218171B4F8FA10C17153
:10EBC0009A61082112F0E2FD18F0B4FD0028FBD094
:10EBD000114B4FF400225A6110485A210170A521AF
:10EBE0004170052181708221C17014210171C421FD
:10EBF000417100218171D4F8F810C1719A61082126
:10EC000012F0C4FD18F096FD0028FBD0024B4FF423
:10EC100000225A6138BD00BF00800041509501209C
:10EC200038B50446D5485A230370A52343700723FB
:10EC300083708223C37014230371A62343710023BE
:10EC40008371C371D4F814311A0A02724372CC4B27
:10EC50004FF400229A610A2112F098FD18F06AFD23
:10EC60000028FBD0C64B4FF400225A61C3485A21FA
:10EC70000170A5214170052181708221C17014218C
:10EC80000171CE21417100218171B4F81611C17159
:10EC90009A61082112F07AFD18F04CFD0028FBD093
:10ECA000B74B4FF400225A61B4485A210170A52194
:10ECB0004170052181708221C17014210171AA2146
:10ECC000417100218171D4F80811C1719A61082144
:10ECD00012F05CFD18F02EFD0028FBD0A84A4FF47E
:10ECE00000215161A5485A230370A52343700523D1
:10ECF00083708223C37014230371AC2343710023F8
:10ED00008371D4F808311B0AC3719161082112F094
:10ED10003DFD18F00FFD0028FBD0994B4FF4002269
:10ED20005A6196485A210170A521417005218170D0
:10ED30008221C17014210171AE21417100218171C4
:10ED4000B4F80A11C1719A61082112F01FFD18F080
:10ED5000F1FC0028FBD08A4B4FF400225A6187480F
:10ED60005A210170A5214170052181708221C17055
:10ED700014210171B021417100218171B4F8121187
:10ED8000C1719A61082112F001FD18F0D3FC00282E
:10ED9000FBD07B4A4FF40021516178485A2303701D
:10EDA000A5234370052383708223C370142303714A
:10EDB000B223437100238371D4F810311B0AC3714D
:10EDC0009161082112F0E2FC18F0B4FC0028FBD09D
:10EDD0006B4B4FF400225A6168485A210170A521FB
:10EDE0004170052181708221C17014210171B4210B
:10EDF000417100218171D4F81011C1719A6108210B
:10EE000012F0C4FC18F096FC0028FBD05C4A4FF4CA
:10EE10000021516159485A230370A52343700723E9
:10EE200083708223C37014230371CA234371D4F8FF
:10EE300000311D0E85711D0CC5711D0A05724372CE
:10EE400091610A2112F0A2FC18F074FC0028FBD09A
:10EE50004B4A4FF40021516148485A230370A523BF
:10EE60004370072383708223C37014230371CF235D
:10EE7000437100238371C3710372B4F81E3143726E
:10EE800091610A2112F082FC18F054FC0028FBD09A
:10EE90003B4B4FF400225A6138485A210170A5219A
:10EEA0004170072181708221C17014210171C62136
:10EEB000417100218171C171D4F81C110D0A0572D4
:10EEC00041729A610A2112F061FC18F033FC0028AB
:10EED000FBD02B4B4FF400225A6128485A21017075
:10EEE000A5214170052181708221C1701421017119
:10EEF000B621417100218171D4F80411C1719A6168
:10EF0000082112F043FC18F015FC0028FBD01C4A25
:10EF10004FF40021516119485A230370A52343700F
:10EF2000052383708223C37014230371B8234371B4
:10EF300000238371D4F804311B0AC3719161082145
:10EF400012F024FC18F0F6FB0028FBD00C4B4FF419
:10EF500000225A6109485A210170A52141700521FA
:10EF600081708221C17014210171BA214171002187
:10EF70008171B4F80611C1719A6103E050950120C6
:10EF800000800041082112F001FC18F0D3FB00289A
:10EF9000FBD04E4B4FF400225A614D485A2101706C
:10EFA000A5214170052181708221C1701421017158
:10EFB000BC21417100218171B4F80E11C1719A61B7
:10EFC000082112F0E3FB18F0B5FB0028FBD03F4A04
:10EFD0004FF4002151613E485A230370A52343702A
:10EFE000052383708223C37014230371BE234371EE
:10EFF00000238371D4F80C311B0AC371916108217D
:10F0000012F0C4FB18F096FB0028FBD02F4B4FF4F6
:10F0100000225A612E485A210170A5214170052114
:10F0200081708221C17014210171C02141710021C0
:10F030008171D4F80C11C1719A61082112F0A6FBFC
:10F0400018F078FB0028FBD0204B4FF400225A61C7
:10F050001F485A210170A52141700521817082212C
:10F06000C17014210171C221417100218171B4F874
:10F070001A11C1719A61082112F088FB18F05AFB2D
:10F080000028FBD0114B4FF400225A6110485A213E
:10F090000170A5214170052181708221C170142168
:10F0A0000171C421417100218171D4F81811C1711D
:10F0B0009A61082112F06AFB18F03CFB0028FBD093
:10F0C000024B4FF400225A6138BD00BF008000415E
:10F0D0005095012038B50446D5485A230370A5231E
:10F0E0004370072383708223C37014230371A62304
:10F0F000437100238371C371D4F834311A0A027248
:10F100004372CC4B4FF400229A610A2112F03EFB6D
:10F1100018F010FB0028FBD0C64B4FF400225A61B8
:10F12000C3485A210170A5214170052181708221B7
:10F13000C17014210171CE21417100218171B4F897
:10F140003611C1719A61082112F020FB18F0F2FA11
:10F150000028FBD0B74B4FF400225A61B4485A2123
:10F160000170A5214170052181708221C170142197
:10F170000171AA21417100218171D4F82811C17156
:10F180009A61082112F002FB18F0D4FA0028FBD093
:10F19000A84A4FF400215161A5485A230370A523C2
:10F1A0004370052383708223C37014230371AC233F
:10F1B000437100238371D4F828311B0AC371916114
:10F1C000082112F0E3FA18F0B5FA0028FBD0994BA9
:10F1D0004FF400225A6196485A210170A5214170CE
:10F1E000052181708221C17014210171AE2141710C
:10F1F00000218171B4F82A11C1719A61082112F0BD
:10F20000C5FA18F097FA0028FBD08A4B4FF4002279
:10F210005A6187485A210170A521417005218170EA
:10F220008221C17014210171B021417100218171CD
:10F23000B4F83211C1719A61082112F0A7FA18F0DE
:10F2400079FA0028FBD07B4A4FF4002151617848BD
:10F250005A230370A5234370052383708223C37050
:10F2600014230371B223437100238371D4F8303126
:10F270001B0AC3719161082112F088FA18F05AFA3A
:10F280000028FBD06B4B4FF400225A6168485A218A
:10F290000170A5214170052181708221C170142166
:10F2A0000171B421417100218171D4F83011C17113
:10F2B0009A61082112F06AFA18F03CFA0028FBD093
:10F2C0005C4A4FF40021516159485A230370A52329
:10F2D0004370072383708223C37014230371CA23EE
:10F2E0004371D4F820311D0E85711D0CC5711D0AA6
:10F2F0000572437291610A2112F048FA18F01AFA65
:10F300000028FBD04B4A4FF40021516148485A2352
:10F310000370A5234370072383708223C3701423D3
:10F320000371CF23437100238371C3710372B4F857
:10F330003E31437291610A2112F028FA18F0FAF96D
:10F340000028FBD03B4B4FF400225A6138485A2129
:10F350000170A5214170072181708221C1701421A3
:10F360000171C621417100218171C171D4F83C1134
:10F370000D0A057241729A610A2112F007FA18F01B
:10F38000D9F90028FBD02B4B4FF400225A612848B2
:10F390005A210170A5214170052181708221C1701F
:10F3A00014210171B621417100218171D4F8241119
:10F3B000C1719A61082112F0E9F918F0BBF900282F
:10F3C000FBD01C4A4FF40021516119485A230370A5
:10F3D000A5234370052383708223C3701423037114
:10F3E000B823437100238371D4F824311B0AC371FD
:10F3F0009161082112F0CAF918F09CF90028FBD09D
:10F400000C4B4FF400225A6109485A210170A52182
:10F410004170052181708221C17014210171BA21CE
:10F42000417100218171B4F82611C1719A6103E024
:10F430005095012000800041082112F0A7F918F032
:10F4400079F90028FBD04E4B4FF400225A614D4809
:10F450005A210170A5214170052181708221C1705E
:10F4600014210171BC21417100218171B4F82E1168
:10F47000C1719A61082112F089F918F05BF900282E
:10F48000FBD03F4A4FF4002151613E485A2303709C
:10F49000A5234370052383708223C3701423037153
:10F4A000BE23437100238371D4F82C311B0AC3712E
:10F4B0009161082112F06AF918F03CF90028FBD09C
:10F4C0002F4B4FF400225A612E485A210170A5217A
:10F4D0004170052181708221C17014210171C02108
:10F4E000417100218171D4F82C11C1719A610821F8
:10F4F00012F04CF918F01EF90028FBD0204B4FF405
:10F5000000225A611F485A210170A521417005212E
:10F5100081708221C17014210171C22141710021C9
:10F520008171B4F83A11C1719A61082112F02EF973
:10F5300018F000F90028FBD0114B4FF400225A615B
:10F5400010485A210170A521417005218170822146
:10F55000C17014210171C421417100218171D4F85D
:10F560003811C1719A61082112F010F918F0E2F80F
:10F570000028FBD0024B4FF400225A6138BD00BF77
:10F58000008000415095012038B50446D5485A23E3
:10F590000370A5234370072383708223C370142351
:10F5A0000371A623437100238371C371D4F85431CE
:10F5B0001A0A02724372CC4B4FF400229A610A215C
:10F5C00012F0E4F818F0B6F80028FBD0C64B4FF460
:10F5D00000225A61C3485A210170A52141700521BA
:10F5E00081708221C17014210171CE2141710021ED
:10F5F0008171B4F85611C1719A61082112F0C6F8F0
:10F6000018F098F80028FBD0B74B4FF400225A614D
:10F61000B4485A210170A5214170052181708221D1
:10F62000C17014210171AA21417100218171D4F8A6
:10F630004811C1719A61082112F0A8F818F07AF8FF
:10F640000028FBD0A84A4FF400215161A5485A2355
:10F650000370A5234370052383708223C370142392
:10F660000371AC23437100238371D4F848311B0A22
:10F67000C3719161082112F089F818F05BF8002835
:10F68000FBD0994B4FF400225A6196485A210170E1
:10F69000A5214170052181708221C1701421017161
:10F6A000AE21417100218171B4F84A11C1719A6192
:10F6B000082112F06BF818F03DF80028FBD08A4BB7
:10F6C0004FF400225A6187485A210170A5214170E8
:10F6D000052181708221C17014210171B021417115
:10F6E00000218171B4F85211C1719A61082112F0A0
:10F6F0004DF818F01FF80028FBD07B4A4FF400218A
:10F70000516178485A230370A52343700523837001
:10F710008223C37014230371B223437100238371C6
:10F72000D4F850311B0AC3719161082112F02EF8F0
:10F7300018F000F80028FBD06B4B4FF400225A6100
:10F7400068485A210170A5214170052181708221EC
:10F75000C17014210171B421417100218171D4F86B
:10F760005011C1719A61082112F010F817F0E2FFF0
:10F770000028FBD05C4A4FF40021516159485A23BC
:10F780000370A5234370072383708223C37014235F
:10F790000371CA234371D4F840311D0E85711D0CCD
:10F7A000C5711D0A0572437291610A2111F0EEFFC5
:10F7B00017F0C0FF0028FBD04B4A4FF400215161E5
:10F7C00048485A230370A52343700723837082237C
:10F7D000C37014230371CF23437100238371C3715A
:10F7E0000372B4F85E31437291610A2111F0CEFFC9
:10F7F00017F0A0FF0028FBD03B4B4FF400225A61CA
:10F8000038485A210170A521417007218170822159
:10F81000C17014210171C621417100218171C17132
:10F82000D4F85C110D0A057241729A610A2111F037
:10F83000ADFF17F07FFF0028FBD02B4B4FF40022C9
:10F840005A6128485A210170A52141700521817013
:10F850008221C17014210171B62141710021817191
:10F86000D4F84411C1719A61082111F08FFF17F08B
:10F8700061FF0028FBD01C4A4FF400215161194858
:10F880005A230370A5234370052383708223C3701A
:10F8900014230371B823437100238371D4F84431D6
:10F8A0001B0AC3719161082111F070FF17F042FF2C
:10F8B0000028FBD00C4B4FF400225A6109485A2112
:10F8C0000170A5214170052181708221C170142130
:10F8D0000171BA21417100218171B4F84611C171E1
:10F8E0009A6103E05095012000800041082111F049
:10F8F0004DFF17F01FFF0028FBD04E4B4FF40022A6
:10F900005A614D485A210170A5214170052181702D
:10F910008221C17014210171BC21417100218171CA
:10F92000B4F84E11C1719A61082111F02FFF17F040
:10F9300001FF0028FBD03F4A4FF4002151613E48AF
:10F940005A230370A5234370052383708223C37059
:10F9500014230371BE23437100238371D4F84C3107
:10F960001B0AC3719161082111F010FF17F0E2FE2C
:10F970000028FBD02F4B4FF400225A612E485A2109
:10F980000170A5214170052181708221C17014216F
:10F990000171C021417100218171D4F84C11C171F4
:10F9A0009A61082111F0F2FE17F0C4FE0028FBD086
:10F9B000204B4FF400225A611F485A210170A521A3
:10F9C0004170052181708221C17014210171C22111
:10F9D000417100218171B4F85A11C1719A610821F5
:10F9E00011F0D4FE17F0A6FE0028FBD0114B4FF407
:10F9F00000225A6110485A210170A5214170052149
:10FA000081708221C17014210171C42141710021D2
:10FA10008171D4F85811C1719A61082111F0B6FEB4
:10FA200017F088FE0028FBD0024B4FF400225A61E9
:10FA300038BD00BF008000415095012038B5044614
:10FA4000D5485A230370A52343700723837082236C
:10FA5000C37014230371A623437100238371C37100
:10FA6000D4F874311A0A02724372CC4B4FF400225C
:10FA70009A610A2111F08AFE17F05CFE0028FBD083
:10FA8000C64B4FF400225A61C3485A210170A52188
:10FA90004170052181708221C17014210171CE2134
:10FAA000417100218171B4F87611C1719A61082108
:10FAB00011F06CFE17F03EFE0028FBD0B74B4FF460
:10FAC00000225A61B4485A210170A52141700521D4
:10FAD00081708221C17014210171AA21417100211C
:10FAE0008171D4F86811C1719A61082111F04EFE3C
:10FAF00017F020FE0028FBD0A84A4FF400215161E6
:10FB0000A5485A230370A5234370052383708223DD
:10FB1000C37014230371AC23437100238371D4F8A1
:10FB200068311B0AC3719161082111F02FFE17F093
:10FB300001FE0028FBD0994B4FF400225A619648F1
:10FB40005A210170A5214170052181708221C17067
:10FB500014210171AE21417100218171B4F86A1143
:10FB6000C1719A61082111F011FE17F0E3FD002820
:10FB7000FBD08A4B4FF400225A6187485A2101700A
:10FB8000A5214170052181708221C170142101716C
:10FB9000B021417100218171B4F87211C1719A6173
:10FBA000082111F0F3FD17F0C5FD0028FBD07B4ABA
:10FBB0004FF40021516178485A230370A523437004
:10FBC000052383708223C37014230371B22343710E
:10FBD00000238371D4F870311B0AC371916108212D
:10FBE00011F0D4FD17F0A6FD0028FBD06B4B4FF4AD
:10FBF00000225A6168485A210170A52141700521EF
:10FC000081708221C17014210171B42141710021E0
:10FC10008171D4F87011C1719A61082111F0B6FD9B
:10FC200017F088FD0028FBD05C4A4FF40021516199
:10FC300059485A230370A5234370072383708223F6
:10FC4000C37014230371CA234371D4F860311D0EAD
:10FC500085711D0CC5711D0A0572437291610A21DF
:10FC600011F094FD17F066FD0028FBD04B4A4FF4CD
:10FC70000021516148485A230370A523437007238C
:10FC800083708223C37014230371CF234371002335
:10FC90008371C3710372B4F87E31437291610A219A
:10FCA00011F074FD17F046FD0028FBD03B4B4FF4DC
:10FCB00000225A6138485A210170A521417007215C
:10FCC00081708221C17014210171C621417100210E
:10FCD0008171C171D4F87C110D0A057241729A616B
:10FCE0000A2111F053FD17F025FD0028FBD02B4B06
:10FCF0004FF400225A6128485A210170A521417011
:10FD0000052181708221C17014210171B6214171D8
:10FD100000218171D4F86411C1719A61082111F038
:10FD200035FD17F007FD0028FBD01C4A4FF40021D9
:10FD3000516119485A230370A5234370052383702A
:10FD40008223C37014230371B8234371002383718A
:10FD5000D4F864311B0AC3719161082111F016FDBA
:10FD600017F0E8FC0028FBD00C4B4FF400225A613E
:10FD700009485A210170A521417005218170822115
:10FD8000C17014210171BA21417100218171B4F84F
:10FD90006611C1719A6103E0509501200080004115
:10FDA000082111F0F3FC17F0C5FC0028FBD04E4BE6
:10FDB0004FF400225A614D485A210170A52141702B
:10FDC000052181708221C17014210171BC21417112
:10FDD00000218171B4F86E11C1719A61082111F08E
:10FDE000D5FC17F0A7FC0028FBD03F4A4FF40021B8
:10FDF00051613E485A230370A52343700523837045
:10FE00008223C37014230371BE23437100238371C3
:10FE1000D4F86C311B0AC3719161082111F0B6FC52
:10FE200017F088FC0028FBD02F4B4FF400225A61BA
:10FE30002E485A210170A52141700521817082212F
:10FE4000C17014210171C021417100218171D4F868
:10FE50006C11C1719A61082111F098FC17F06AFCCD
:10FE60000028FBD0204B4FF400225A611F485A2132
:10FE70000170A5214170052181708221C17014217A
:10FE80000171C221417100218171B4F87A11C171EF
:10FE90009A61082111F07AFC17F04CFC0028FBD085
:10FEA000114B4FF400225A6110485A210170A521CC
:10FEB0004170052181708221C17014210171C4211A
:10FEC000417100218171D4F87811C1719A610821C2
:10FED00011F05CFC17F02EFC0028FBD0024B4FF415
:10FEE00000225A6138BD00BF0080004150950120BA
:10FEF00038B50446D5485A230370A5234370072319
:10FF000083708223C37014230371A62343710023DB
:10FF10008371C371D4F894311A0A02724372CC4BC4
:10FF20004FF400229A610A2111F030FC17F002FC14
:10FF30000028FBD0C64B4FF400225A61C3485A2117
:10FF40000170A5214170052181708221C1701421A9
:10FF50000171CE21417100218171B4F89611C171F6
:10FF60009A61082111F012FC17F0E4FB0028FBD085
:10FF7000B74B4FF400225A61B4485A210170A521B1
:10FF80004170052181708221C17014210171AA2163
:10FF9000417100218171D4F88811C1719A610821E1
:10FFA00011F0F4FB17F0C6FB0028FBD0A84A4FF471
:10FFB00000215161A5485A230370A52343700523EE
:10FFC00083708223C37014230371AC234371002315
:10FFD0008371D4F888311B0AC3719161082111F033
:10FFE000D5FB17F0A7FB0028FBD0994B4FF400225C
:10FFF0005A6196485A210170A521417005218170EE
:020000040002F8
:100000008221C17014210171AE21417100218171E1
:10001000B4F88A11C1719A61082111F0B7FB17F089
:1000200089FB0028FBD08A4B4FF400225A61874895
:100030005A210170A5214170052181708221C17072
:1000400014210171B021417100218171B4F8921124
:10005000C1719A61082111F099FB17F06BFB002820
:10006000FBD07B4A4FF40021516178485A2303703A
:10007000A5234370052383708223C3701423037167
:10008000B223437100238371D4F890311B0AC371EA
:100090009161082111F07AFB17F04CFB0028FBD08E
:1000A0006B4B4FF400225A6168485A210170A52118
:1000B0004170052181708221C17014210171B42128
:1000C000417100218171D4F89011C1719A610821A8
:1000D00011F05CFB17F02EFB0028FBD05C4A4FF4BC
:1000E0000021516159485A230370A5234370072307
:1000F00083708223C37014230371CA234371D4F81D
:1001000080311D0E85711D0CC5711D0A057243726B
:1001100091610A2111F03AFB17F00CFB0028FBD08B
:100120004B4A4FF40021516148485A230370A523DC
:100130004370072383708223C37014230371CF237A
:10014000437100238371C3710372B4F89E3143720B
:1001500091610A2111F01AFB17F0ECFA0028FBD08C
:100160003B4B4FF400225A6138485A210170A521B7
:100170004170072181708221C17014210171C62153
:10018000417100218171C171D4F89C110D0A057271
:1001900041729A610A2111F0F9FA17F0CBFA00289E
:1001A000FBD02B4B4FF400225A6128485A21017092
:1001B000A5214170052181708221C1701421017136
:1001C000B621417100218171D4F88411C1719A6105
:1001D000082111F0DBFA17F0ADFA0028FBD01C4A19
:1001E0004FF40021516119485A230370A52343702D
:1001F000052383708223C37014230371B8234371D2
:1002000000238371D4F884311B0AC37191610821E2
:1002100011F0BCFA17F08EFA0028FBD00C4B4FF40B
:1002200000225A6109485A210170A5214170052117
:1002300081708221C17014210171BA2141710021A4
:100240008171B4F88611C1719A6103E05095012063
:1002500000800041082111F099FA17F06BFA00288C
:10026000FBD04E4B4FF400225A614D485A21017089
:10027000A5214170052181708221C1701421017175
:10028000BC21417100218171B4F88E11C1719A6154
:10029000082111F07BFA17F04DFA0028FBD03F4AF5
:1002A0004FF4002151613E485A230370A523437047
:1002B000052383708223C37014230371BE2343710B
:1002C00000238371D4F88C311B0AC371916108211A
:1002D00011F05CFA17F02EFA0028FBD02F4B4FF4E8
:1002E00000225A612E485A210170A5214170052132
:1002F00081708221C17014210171C02141710021DE
:100300008171D4F88C11C1719A61082111F03EFA03
:1003100017F010FA0028FBD0204B4FF400225A614E
:100320001F485A210170A521417005218170822149
:10033000C17014210171C221417100218171B4F891
:100340009A11C1719A61082111F020FA17F0F2F99F
:100350000028FBD0114B4FF400225A6110485A215B
:100360000170A5214170052181708221C170142185
:100370000171C421417100218171D4F89811C171BA
:100380009A61082111F002FA17F0D4F90028FBD085
:10039000024B4FF400225A6138BD00BF008000417B
:1003A0005095012038B50446D5485A230370A5233B
:1003B0004370072383708223C37014230371A62321
:1003C000437100238371C371D4F8B4311A0A0272E5
:1003D0004372CC4B4FF400229A610A2111F0D6F9F6
:1003E00017F0A8F90028FBD0C64B4FF400225A6141
:1003F000C3485A210170A5214170052181708221D5
:10040000C17014210171CE21417100218171B4F8B4
:10041000B611C1719A61082111F0B8F917F08AF983
:100420000028FBD0B74B4FF400225A61B4485A2140
:100430000170A5214170052181708221C1701421B4
:100440000171AA21417100218171D4F8A811C171F3
:100450009A61082111F09AF917F06CF90028FBD085
:10046000A84A4FF400215161A5485A230370A523DF
:100470004370052383708223C37014230371AC235C
:10048000437100238371D4F8A8311B0AC3719161B1
:10049000082111F07BF917F04DF90028FBD0994B9A
:1004A0004FF400225A6196485A210170A5214170EB
:1004B000052181708221C17014210171AE21417129
:1004C00000218171B4F8AA11C1719A61082111F05B
:1004D0005DF917F02FF90028FBD08A4B4FF400226A
:1004E0005A6187485A210170A52141700521817008
:1004F0008221C17014210171B021417100218171EB
:10050000B4F8B211C1719A61082111F03FF917F0E6
:1005100011F90028FBD07B4A4FF400215161784843
:100520005A230370A5234370052383708223C3706D
:1005300014230371B223437100238371D4F8B031C3
:100540001B0AC3719161082111F020F917F0F2F82C
:100550000028FBD06B4B4FF400225A6168485A21A7
:100560000170A5214170052181708221C170142183
:100570000171B421417100218171D4F8B011C171B0
:100580009A61082111F002F917F0D4F80028FBD085
:100590005C4A4FF40021516159485A230370A52346
:1005A0004370072383708223C37014230371CA230B
:1005B0004371D4F8A0311D0E85711D0CC5711D0A43
:1005C0000572437291610A2111F0E0F817F0B2F858
:1005D0000028FBD04B4A4FF40021516148485A2370
:1005E0000370A5234370072383708223C3701423F1
:1005F0000371CF23437100238371C3710372B4F875
:10060000BE31437291610A2111F0C0F817F092F8DF
:100610000028FBD03B4B4FF400225A6138485A2146
:100620000170A5214170072181708221C1701421C0
:100630000171C621417100218171C171D4F8BC11D1
:100640000D0A057241729A610A2111F09FF817F0A4
:1006500071F80028FBD02B4B4FF400225A61284838
:100660005A210170A5214170052181708221C1703C
:1006700014210171B621417100218171D4F8A411B6
:10068000C1719A61082111F081F817F053F8002820
:10069000FBD01C4A4FF40021516119485A230370C2
:1006A000A5234370052383708223C3701423037131
:1006B000B823437100238371D4F8A4311B0AC3719A
:1006C0009161082111F062F817F034F80028FBD08E
:1006D0000C4B4FF400225A6109485A210170A521A0
:1006E0004170052181708221C17014210171BA21EC
:1006F000417100218171B4F8A611C1719A6103E0C2
:100700005095012000800041082111F03FF817F0BA
:1007100011F80028FBD04E4B4FF400225A614D488F
:100720005A210170A5214170052181708221C1707B
:1007300014210171BC21417100218171B4F8AE1105
:10074000C1719A61082111F021F816F0F3FF002819
:10075000FBD03F4A4FF4002151613E485A230370B9
:10076000A5234370052383708223C3701423037170
:10077000BE23437100238371D4F8AC311B0AC371CB
:100780009161082111F002F816F0D4FF0028FBD087
:100790002F4B4FF400225A612E485A210170A52197
:1007A0004170052181708221C17014210171C02125
:1007B000417100218171D4F8AC11C1719A61082195
:1007C00010F0E4FF16F0B6FF0028FBD0204B4FF4EA
:1007D00000225A611F485A210170A521417005214C
:1007E00081708221C17014210171C22141710021E7
:1007F0008171B4F8BA11C1719A61082110F0C6FF75
:1008000016F098FF0028FBD0114B4FF400225A61DC
:1008100010485A210170A521417005218170822163
:10082000C17014210171C421417100218171D4F87A
:10083000B811C1719A61082110F0A8FF16F07AFF73
:100840000028FBD0024B4FF400225A6138BD00BF94
:10085000008000415095012038B50446D5485A2300
:100860000370A5234370072383708223C37014236E
:100870000371A623437100238371C371D4F8D4316B
:100880001A0A02724372CC4B4FF400229A610A2179
:1008900010F07CFF16F04EFF0028FBD0C64B4FF443
:1008A00000225A61C3485A210170A52141700521D7
:1008B00081708221C17014210171CE21417100210A
:1008C0008171B4F8D611C1719A61082110F05EFFF0
:1008D00016F030FF0028FBD0B74B4FF400225A61CE
:1008E000B4485A210170A5214170052181708221EF
:1008F000C17014210171AA21417100218171D4F8C4
:10090000C811C1719A61082110F040FF16F012FF62
:100910000028FBD0A84A4FF400215161A5485A2372
:100920000370A5234370052383708223C3701423AF
:100930000371AC23437100238371D4F8C8311B0ABF
:10094000C3719161082110F021FF16F0F3FE002819
:10095000FBD0994B4FF400225A6196485A210170FE
:10096000A5214170052181708221C170142101717E
:10097000AE21417100218171B4F8CA11C1719A612F
:10098000082110F003FF16F0D5FE0028FBD08A4B9B
:100990004FF400225A6187485A210170A521417005
:1009A000052181708221C17014210171B021417132
:1009B00000218171B4F8D211C1719A61082110F03F
:1009C000E5FE16F0B7FE0028FBD07B4A4FF400216D
:1009D000516178485A230370A5234370052383701F
:1009E0008223C37014230371B223437100238371E4
:1009F000D4F8D0311B0AC3719161082110F0C6FEF2
:100A000016F098FE0028FBD06B4B4FF400225A6181
:100A100068485A210170A521417005218170822109
:100A2000C17014210171B421417100218171D4F888
:100A3000D011C1719A61082110F0A8FE16F07AFE5B
:100A40000028FBD05C4A4FF40021516159485A23D9
:100A50000370A5234370072383708223C37014237C
:100A60000371CA234371D4F8C0311D0E85711D0C6A
:100A7000C5711D0A0572437291610A2110F086FE4C
:100A800016F058FE0028FBD04B4A4FF4002151616C
:100A900048485A230370A523437007238370822399
:100AA000C37014230371CF23437100238371C37177
:100AB0000372B4F8DE31437291610A2110F066FED0
:100AC00016F038FE0028FBD03B4B4FF400225A6151
:100AD00038485A210170A521417007218170822177
:100AE000C17014210171C621417100218171C17150
:100AF000D4F8DC110D0A057241729A610A2110F0D6
:100B000045FE16F017FE0028FBD02B4B4FF40022B9
:100B10005A6128485A210170A52141700521817030
:100B20008221C17014210171B621417100218171AE
:100B3000D4F8C411C1719A61082110F027FE16F093
:100B4000F9FD0028FBD01C4A4FF4002151611948DF
:100B50005A230370A5234370052383708223C37037
:100B600014230371B823437100238371D4F8C43173
:100B70001B0AC3719161082110F008FE16F0DAFD1E
:100B80000028FBD00C4B4FF400225A6109485A212F
:100B90000170A5214170052181708221C17014214D
:100BA0000171BA21417100218171B4F8C611C1717E
:100BB0009A6103E05095012000800041082110F067
:100BC000E5FD16F0B7FD0028FBD04E4B4FF4002298
:100BD0005A614D485A210170A5214170052181704B
:100BE0008221C17014210171BC21417100218171E8
:100BF000B4F8CE11C1719A61082110F0C7FD16F04A
:100C000099FD0028FBD03F4A4FF4002151613E4836
:100C10005A230370A5234370052383708223C37076
:100C200014230371BE23437100238371D4F8CC31A4
:100C30001B0AC3719161082110F0A8FD16F07AFD1E
:100C40000028FBD02F4B4FF400225A612E485A2126
:100C50000170A5214170052181708221C17014218C
:100C60000171C021417100218171D4F8CC11C17191
:100C70009A61082110F08AFD16F05CFD0028FBD077
:100C8000204B4FF400225A611F485A210170A521C0
:100C90004170052181708221C17014210171C2212E
:100CA000417100218171B4F8DA11C1719A61082192
:100CB00010F06CFD16F03EFD0028FBD0114B4FF4F8
:100CC00000225A6110485A210170A5214170052166
:100CD00081708221C17014210171C42141710021F0
:100CE0008171D4F8D811C1719A61082110F04EFDBC
:100CF00016F020FD0028FBD0024B4FF400225A6171
:100D000038BD00BF008000415095012038B5044631
:100D1000D5485A230370A523437007238370822389
:100D2000C37014230371A623437100238371C3711D
:100D3000D4F8F4311A0A02724372CC4B4FF40022F9
:100D40009A610A2110F022FD16F0F4FC0028FBD075
:100D5000C64B4FF400225A61C3485A210170A521A5
:100D60004170052181708221C17014210171CE2151
:100D7000417100218171B4F8F611C1719A610821A5
:100D800010F004FD16F0D6FC0028FBD0B74B4FF452
:100D900000225A61B4485A210170A52141700521F1
:100DA00081708221C17014210171AA214171002139
:100DB0008171D4F8E811C1719A61082110F0E6FC44
:100DC00016F0B8FC0028FBD0A84A4FF4002151616E
:100DD000A5485A230370A5234370052383708223FB
:100DE000C37014230371AC23437100238371D4F8BF
:100DF000E8311B0AC3719161082110F0C7FC16F09D
:100E000099FC0028FBD0994B4FF400225A61964878
:100E10005A210170A5214170052181708221C17084
:100E200014210171AE21417100218171B4F8EA11E0
:100E3000C1719A61082110F0A9FC16F07BFC002812
:100E4000FBD08A4B4FF400225A6187485A21017027
:100E5000A5214170052181708221C1701421017189
:100E6000B021417100218171B4F8F211C1719A6110
:100E7000082110F08BFC16F05DFC0028FBD07B4AAB
:100E80004FF40021516178485A230370A523437021
:100E9000052383708223C37014230371B22343712B
:100EA00000238371D4F8F0311B0AC37191610821CA
:100EB00010F06CFC16F03EFC0028FBD06B4B4FF49E
:100EC00000225A6168485A210170A521417005210C
:100ED00081708221C17014210171B42141710021FE
:100EE0008171D4F8F011C1719A61082110F04EFCA3
:100EF00016F020FC0028FBD05C4A4FF40021516121
:100F000059485A230370A523437007238370822313
:100F1000C37014230371CA234371D4F8E0311D0E4A
:100F200085711D0CC5711D0A0572437291610A21FC
:100F300010F02CFC16F0FEFB0028FBD04B4A4FF4BF
:100F40000021516148485A230370A52343700723A9
:100F500083708223C37014230371CF234371002352
:100F60008371C3710372B4F8FE31437291610A2137
:100F700010F00CFC16F0DEFB0028FBD03B4B4FF4CE
:100F800000225A6138485A210170A5214170072179
:100F900081708221C17014210171C621417100212B
:100FA0008171C171D4F8FC110D0A057241729A6108
:100FB0000A2110F0EBFB16F0BDFB0028FBD02B4BF9
:100FC0004FF400225A6128485A210170A52141702E
:100FD000052181708221C17014210171B6214171F6
:100FE00000218171D4F8E411C1719A61082110F0D7
:100FF000CDFB16F09FFB0028FBD01C4A4FF40021CC
:10100000516119485A230370A52343700523837047
:101010008223C37014230371B823437100238371A7
:10102000D4F8E4311B0AC3719161082110F0AEFBC2
:1010300016F080FB0028FBD00C4B4FF400225A61C5
:1010400009485A210170A521417005218170822132
:10105000C17014210171BA21417100218171B4F86C
:10106000E611C1719A6103E05095012000800041B2
:10107000082110F08BFB16F05DFB0028FBD04E4BD7
:101080004FF400225A614D485A210170A521417048
:10109000052181708221C17014210171BC2141712F
:1010A00000218171B4F8EE11C1719A61082110F02C
:1010B0006DFB16F03FFB0028FBD03F4A4FF40021A8
:1010C00051613E485A230370A52343700523837062
:1010D0008223C37014230371BE23437100238371E1
:1010E000D4F8EC311B0AC3719161082110F04EFB5A
:1010F00016F020FB0028FBD02F4B4FF400225A6142
:101100002E485A210170A52141700521817082214C
:10111000C17014210171C021417100218171D4F885
:10112000EC11C1719A61082110F030FB16F002FB3E
:101130000028FBD0204B4FF400225A611F485A214F
:101140000170A5214170052181708221C170142197
:101150000171C221417100218171B4F8FA11C1718C
:101160009A61082110F012FB16F0E4FA0028FBD077
:10117000114B4FF400225A6110485A210170A521E9
:101180004170052181708221C17014210171C42137
:10119000417100218171D4F8F811C1719A6108215F
:1011A00010F0F4FA16F0C6FA0028FBD0024B4FF408
:1011B00000225A6138BD00BF0080004150950120D7
:1011C00038B50446D5485A230370A5234370072336
:1011D00083708223C37014230371A62343710023F9
:1011E0008371C371D4F894301A0A02724372CC4BE3
:1011F0004FF400229A610A2110F0C8FA16F09AFA08
:101200000028FBD0C64B4FF400225A61C3485A2134
:101210000170A5214170052181708221C1701421C6
:101220000171CE21417100218171B4F89610C17114
:101230009A61082110F0AAFA16F07CFA0028FBD077
:10124000B74B4FF400225A61B4485A210170A521CE
:101250004170052181708221C17014210171AA2180
:10126000417100218171D4F88810C1719A610821FF
:1012700010F08CFA16F05EFA0028FBD0A84A4FF462
:1012800000215161A5485A230370A523437005230B
:1012900083708223C37014230371AC234371002332
:1012A0008371D4F888301B0AC3719161082110F052
:1012B0006DFA16F03FFA0028FBD0994B4FF400224C
:1012C0005A6196485A210170A5214170052181700B
:1012D0008221C17014210171AE21417100218171FF
:1012E000B4F88A10C1719A61082110F04FFA16F013
:1012F00021FA0028FBD08A4B4FF400225A6187481C
:101300005A210170A5214170052181708221C1708F
:1013100014210171B021417100218171B4F8921042
:10132000C1719A61082110F031FA16F003FA002811
:10133000FBD07B4A4FF40021516178485A23037057
:10134000A5234370052383708223C3701423037184
:10135000B223437100238371D4F890301B0AC37108
:101360009161082110F012FA16F0E4F90028FBD080
:101370006B4B4FF400225A6168485A210170A52135
:101380004170052181708221C17014210171B42145
:10139000417100218171D4F89010C1719A610821C6
:1013A00010F0F4F916F0C6F90028FBD05C4A4FF4AF
:1013B0000021516159485A230370A5234370072324
:1013C00083708223C37014230371CA234371D4F83A
:1013D00080301D0E85711D0CC5711D0A057243728A
:1013E00091610A2110F0D2F916F0A4F90028FBD07F
:1013F0004B4A4FF40021516148485A230370A523FA
:101400004370072383708223C37014230371CF2397
:10141000437100238371C3710372B4F89E30437229
:1014200091610A2110F0B2F916F084F90028FBD07E
:101430003B4B4FF400225A6138485A210170A521D4
:101440004170072181708221C17014210171C62170
:10145000417100218171C171D4F89C100D0A05728F
:1014600041729A610A2110F091F916F063F900288F
:10147000FBD02B4B4FF400225A6128485A210170AF
:10148000A5214170052181708221C1701421017153
:10149000B621417100218171D4F88410C1719A6123
:1014A000082110F073F916F045F90028FBD01C4A0A
:1014B0004FF40021516119485A230370A52343704A
:1014C000052383708223C37014230371B8234371EF
:1014D00000238371D4F884301B0AC3719161082101
:1014E00010F054F916F026F90028FBD00C4B4FF4FD
:1014F00000225A6109485A210170A5214170052135
:1015000081708221C17014210171BA2141710021C1
:101510008171B4F88610C1719A6103E05095012081
:1015200000800041082110F031F916F003F900287D
:10153000FBD04E4B4FF400225A614D485A210170A6
:10154000A5214170052181708221C1701421017192
:10155000BC21417100218171B4F88E10C1719A6172
:10156000082110F013F916F0E5F80028FBD03F4AE7
:101570004FF4002151613E485A230370A523437064
:10158000052383708223C37014230371BE23437128
:1015900000238371D4F88C301B0AC3719161082138
:1015A00010F0F4F816F0C6F80028FBD02F4B4FF4DB
:1015B00000225A612E485A210170A521417005214F
:1015C00081708221C17014210171C02141710021FB
:1015D0008171D4F88C10C1719A61082110F0D6F88D
:1015E00016F0A8F80028FBD0204B4FF400225A61D7
:1015F0001F485A210170A521417005218170822167
:10160000C17014210171C221417100218171B4F8AE
:101610009A10C1719A61082110F0B8F816F08AF892
:101620000028FBD0114B4FF400225A6110485A2178
:101630000170A5214170052181708221C1701421A2
:101640000171C421417100218171D4F89810C171D8
:101650009A61082110F09AF816F06CF80028FBD077
:10166000024B4FF400225A6138BD00BF0080004198
:101670005095012038B50446D5485A230370A52358
:101680004370072383708223C37014230371A6233E
:10169000437100238371C371D4F8B4301A0A027203
:1016A0004372CC4B4FF400229A610A2110F06EF87D
:1016B00016F040F80028FBD0C64B4FF400225A61C8
:1016C000C3485A210170A5214170052181708221F2
:1016D000C17014210171CE21417100218171B4F8D2
:1016E000B610C1719A61082110F050F816F022F876
:1016F0000028FBD0B74B4FF400225A61B4485A215E
:101700000170A5214170052181708221C1701421D1
:101710000171AA21417100218171D4F8A810C17111
:101720009A61082110F032F816F004F80028FBD076
:10173000A84A4FF400215161A5485A230370A523FC
:101740004370052383708223C37014230371AC2379
:10175000437100238371D4F8A8301B0AC3719161CF
:10176000082110F013F815F0E5FF0028FBD0994B85
:101770004FF400225A6196485A210170A521417008
:10178000052181708221C17014210171AE21417146
:1017900000218171B4F8AA10C1719A6108210FF07B
:1017A000F5FF15F0C7FF0028FBD08A4B4FF400224D
:1017B0005A6187485A210170A52141700521817025
:1017C0008221C17014210171B02141710021817108
:1017D000B4F8B210C1719A6108210FF0D7FF15F06B
:1017E000A9FF0028FBD07B4A4FF4002151617848C3
:1017F0005A230370A5234370052383708223C3708B
:1018000014230371B223437100238371D4F8B030E1
:101810001B0AC371916108210FF0B8FF15F08AFF10
:101820000028FBD06B4B4FF400225A6168485A21C4
:101830000170A5214170052181708221C1701421A0
:101840000171B421417100218171D4F8B010C171CE
:101850009A6108210FF09AFF15F06CFF0028FBD069
:101860005C4A4FF40021516159485A230370A52363
:101870004370072383708223C37014230371CA2328
:101880004371D4F8A0301D0E85711D0CC5711D0A61
:101890000572437291610A210FF078FF15F04AFF3B
:1018A0000028FBD04B4A4FF40021516148485A238D
:1018B0000370A5234370072383708223C37014230E
:1018C0000371CF23437100238371C3710372B4F892
:1018D000BE30437291610A210FF058FF15F02AFFC4
:1018E0000028FBD03B4B4FF400225A6138485A2164
:1018F0000170A5214170072181708221C1701421DE
:101900000171C621417100218171C171D4F8BC10EF
:101910000D0A057241729A610A210FF037FF15F026
:1019200009FF0028FBD02B4B4FF400225A612848B6
:101930005A210170A5214170052181708221C17059
:1019400014210171B621417100218171D4F8A410D4
:10195000C1719A6108210FF019FF15F0EBFE002804
:10196000FBD01C4A4FF40021516119485A230370DF
:10197000A5234370052383708223C370142303714E
:10198000B823437100238371D4F8A4301B0AC371B8
:10199000916108210FF0FAFE15F0CCFE0028FBD073
:1019A0000C4B4FF400225A6109485A210170A521BD
:1019B0004170052181708221C17014210171BA2109
:1019C000417100218171B4F8A610C1719A6103E0E0
:1019D000509501200080004108210FF0D7FE15F03E
:1019E000A9FE0028FBD04E4B4FF400225A614D480F
:1019F0005A210170A5214170052181708221C17099
:101A000014210171BC21417100218171B4F8AE1023
:101A1000C1719A6108210FF0B9FE15F08BFE002804
:101A2000FBD03F4A4FF4002151613E485A230370D6
:101A3000A5234370052383708223C370142303718D
:101A4000BE23437100238371D4F8AC301B0AC371E9
:101A5000916108210FF09AFE15F06CFE0028FBD072
:101A60002F4B4FF400225A612E485A210170A521B4
:101A70004170052181708221C17014210171C02142
:101A8000417100218171D4F8AC10C1719A610821B3
:101A90000FF07CFE15F04EFE0028FBD0204B4FF4DB
:101AA00000225A611F485A210170A5214170052169
:101AB00081708221C17014210171C2214171002104
:101AC0008171B4F8BA10C1719A6108210FF05EFEFD
:101AD00015F030FE0028FBD0114B4FF400225A6164
:101AE00010485A210170A521417005218170822181
:101AF000C17014210171C421417100218171D4F898
:101B0000B810C1719A6108210FF040FE15F012FE65
:101B10000028FBD0024B4FF400225A6138BD00BFB1
:101B2000008000415095012038B50446D5485A231D
:101B30000370A5234370072383708223C37014238B
:101B40000371A623437100238371C371D4F8D43089
:101B50001A0A02724372CC4B4FF400229A610A2196
:101B60000FF014FE15F0E6FD0028FBD0C64B4FF435
:101B700000225A61C3485A210170A52141700521F4
:101B800081708221C17014210171CE214171002127
:101B90008171B4F8D610C1719A6108210FF0F6FD79
:101BA00015F0C8FD0028FBD0B74B4FF400225A6156
:101BB000B4485A210170A52141700521817082210C
:101BC000C17014210171AA21417100218171D4F8E1
:101BD000C810C1719A6108210FF0D8FD15F0AAFD57
:101BE0000028FBD0A84A4FF400215161A5485A2390
:101BF0000370A5234370052383708223C3701423CD
:101C00000371AC23437100238371D4F8C8301B0ADD
:101C1000C371916108210FF0B9FD15F08BFD00280B
:101C2000FBD0994B4FF400225A6196485A2101701B
:101C3000A5214170052181708221C170142101719B
:101C4000AE21417100218171B4F8CA10C1719A614D
:101C500008210FF09BFD15F06DFD0028FBD08A4B8D
:101C60004FF400225A6187485A210170A521417022
:101C7000052181708221C17014210171B02141714F
:101C800000218171B4F8D210C1719A6108210FF05E
:101C90007DFD15F04FFD0028FBD07B4A4FF400215D
:101CA000516178485A230370A5234370052383703C
:101CB0008223C37014230371B22343710023837101
:101CC000D4F8D0301B0AC371916108210FF05EFD7A
:101CD00015F030FD0028FBD06B4B4FF400225A6109
:101CE00068485A210170A521417005218170822127
:101CF000C17014210171B421417100218171D4F8A6
:101D0000D010C1719A6108210FF040FD15F012FD4D
:101D10000028FBD05C4A4FF40021516159485A23F6
:101D20000370A5234370072383708223C370142399
:101D30000371CA234371D4F8C0301D0E85711D0C88
:101D4000C5711D0A0572437291610A210FF01EFDD3
:101D500015F0F0FC0028FBD04B4A4FF400215161F4
:101D600048485A230370A5234370072383708223B6
:101D7000C37014230371CF23437100238371C37194
:101D80000372B4F8DE30437291610A210FF0FEFC59
:101D900015F0D0FC0028FBD03B4B4FF400225A61D9
:101DA00038485A210170A521417007218170822194
:101DB000C17014210171C621417100218171C1716D
:101DC000D4F8DC100D0A057241729A610A210FF0F5
:101DD000DDFC15F0AFFC0028FBD02B4B4FF40022AC
:101DE0005A6128485A210170A5214170052181704E
:101DF0008221C17014210171B621417100218171CC
:101E0000D4F8C410C1719A6108210FF0BFFC15F01D
:101E100091FC0028FBD01C4A4FF400215161194865
:101E20005A230370A5234370052383708223C37054
:101E300014230371B823437100238371D4F8C43091
:101E40001B0AC371916108210FF0A0FC15F072FC10
:101E50000028FBD00C4B4FF400225A6109485A214C
:101E60000170A5214170052181708221C17014216A
:101E70000171BA21417100218171B4F8C610C1719C
:101E80009A6103E0509501200080004108210FF085
:101E90007DFC15F04FFC0028FBD04E4B4FF4002288
:101EA0005A614D485A210170A52141700521817068
:101EB0008221C17014210171BC2141710021817105
:101EC000B4F8CE10C1719A6108210FF05FFC15F0D3
:101ED00031FC0028FBD03F4A4FF4002151613E48BD
:101EE0005A230370A5234370052383708223C37094
:101EF00014230371BE23437100238371D4F8CC30C3
:101F00001B0AC371916108210FF040FC15F012FC0F
:101F10000028FBD02F4B4FF400225A612E485A2143
:101F20000170A5214170052181708221C1701421A9
:101F30000171C021417100218171D4F8CC10C171AF
:101F40009A6108210FF022FC15F0F4FB0028FBD069
:101F5000204B4FF400225A611F485A210170A521DD
:101F60004170052181708221C17014210171C2214B
:101F7000417100218171B4F8DA10C1719A610821B0
:101F80000FF004FC15F0D6FB0028FBD0114B4FF4EA
:101F900000225A6110485A210170A5214170052183
:101FA00081708221C17014210171C421417100210D
:101FB0008171D4F8D810C1719A6108210FF0E6FB45
:101FC00015F0B8FB0028FBD0024B4FF400225A61F9
:101FD00038BD00BF008000415095012038B504464F
:101FE000D5485A230370A5234370072383708223A7
:101FF000C37014230371A623437100238371C3713B
:10200000D4F8F4301A0A02724372CC4B4FF4002217
:102010009A610A210FF0BAFB15F08CFB0028FBD067
:10202000C64B4FF400225A61C3485A210170A521C2
:102030004170052181708221C17014210171CE216E
:10204000417100218171B4F8F610C1719A610821C3
:102050000FF09CFB15F06EFB0028FBD0B74B4FF444
:1020600000225A61B4485A210170A521417005210E
:1020700081708221C17014210171AA214171002156
:102080008171D4F8E810C1719A6108210FF07EFBCC
:1020900015F050FB0028FBD0A84A4FF400215161F5
:1020A000A5485A230370A523437005238370822318
:1020B000C37014230371AC23437100238371D4F8DC
:1020C000E8301B0AC371916108210FF05FFB15F026
:1020D00031FB0028FBD0994B4FF400225A619648FF
:1020E0005A210170A5214170052181708221C170A2
:1020F00014210171AE21417100218171B4F8EA10FF
:10210000C1719A6108210FF041FB15F013FB002803
:10211000FBD08A4B4FF400225A6187485A21017044
:10212000A5214170052181708221C17014210171A6
:10213000B021417100218171B4F8F210C1719A612E
:1021400008210FF023FB15F0F5FA0028FBD07B4A9D
:102150004FF40021516178485A230370A52343703E
:10216000052383708223C37014230371B223437148
:1021700000238371D4F8F0301B0AC37191610821E8
:102180000FF004FB15F0D6FA0028FBD06B4B4FF490
:1021900000225A6168485A210170A5214170052129
:1021A00081708221C17014210171B421417100211B
:1021B0008171D4F8F010C1719A6108210FF0E6FA2C
:1021C00015F0B8FA0028FBD05C4A4FF400215161A9
:1021D00059485A230370A523437007238370822331
:1021E000C37014230371CA234371D4F8E0301D0E69
:1021F00085711D0CC5711D0A0572437291610A211A
:102200000FF0C4FA15F096FA0028FBD04B4A4FF4B1
:102210000021516148485A230370A52343700723C6
:1022200083708223C37014230371CF23437100236F
:102230008371C3710372B4F8FE30437291610A2155
:102240000FF0A4FA15F076FA0028FBD03B4B4FF4C0
:1022500000225A6138485A210170A5214170072196
:1022600081708221C17014210171C6214171002148
:102270008171C171D4F8FC100D0A057241729A6126
:102280000A210FF083FA15F055FA0028FBD02B4BEA
:102290004FF400225A6128485A210170A52141704B
:1022A000052181708221C17014210171B621417113
:1022B00000218171D4F8E410C1719A6108210FF0F6
:1022C00065FA15F037FA0028FBD01C4A4FF40021BC
:1022D000516119485A230370A52343700523837065
:1022E0008223C37014230371B823437100238371C5
:1022F000D4F8E4301B0AC371916108210FF046FA4B
:1023000015F018FA0028FBD00C4B4FF400225A614C
:1023100009485A210170A52141700521817082214F
:10232000C17014210171BA21417100218171B4F889
:10233000E610C1719A6103E05095012000800041D0
:1023400008210FF023FA15F0F5F90028FBD04E4BC9
:102350004FF400225A614D485A210170A521417065
:10236000052181708221C17014210171BC2141714C
:1023700000218171B4F8EE10C1719A6108210FF04B
:1023800005FA15F0D7F90028FBD03F4A4FF4002199
:1023900051613E485A230370A5234370052383707F
:1023A0008223C37014230371BE23437100238371FE
:1023B000D4F8EC301B0AC371916108210FF0E6F9E3
:1023C00015F0B8F90028FBD02F4B4FF400225A61CA
:1023D0002E485A210170A52141700521817082216A
:1023E000C17014210171C021417100218171D4F8A3
:1023F000EC10C1719A6108210FF0C8F915F09AF933
:102400000028FBD0204B4FF400225A611F485A216C
:102410000170A5214170052181708221C1701421B4
:102420000171C221417100218171B4F8FA10C171AA
:102430009A6108210FF0AAF915F07CF90028FBD069
:10244000114B4FF400225A6110485A210170A52106
:102450004170052181708221C17014210171C42154
:10246000417100218171D4F8F810C1719A6108217D
:102470000FF08CF915F05EF90028FBD0024B4FF4F9
:1024800000225A6138BD00BF0080004150950120F4
:1024900038B50446D5485A230370A5234370072353
:1024A00083708223C37014230371A6234371002316
:1024B0008371C371D4F814311A0A02724372CC4B7F
:1024C0004FF400229A610A210FF060F915F032F9F9
:1024D0000028FBD0C64B4FF400225A61C3485A2152
:1024E0000170A5214170052181708221C1701421E4
:1024F0000171CE21417100218171B4F81611C171B1
:102500009A6108210FF042F915F014F90028FBD068
:10251000B74B4FF400225A61B4485A210170A521EB
:102520004170052181708221C17014210171AA219D
:10253000417100218171D4F80811C1719A6108219B
:102540000FF024F915F0F6F80028FBD0A84A4FF454
:1025500000215161A5485A230370A5234370052328
:1025600083708223C37014230371AC23437100234F
:102570008371D4F808311B0AC371916108210FF0EF
:1025800005F915F0D7F80028FBD0994B4FF400223D
:102590005A6196485A210170A52141700521817028
:1025A0008221C17014210171AE214171002181711C
:1025B000B4F80A11C1719A6108210FF0E7F815F01B
:1025C000B9F80028FBD08A4B4FF400225A618748A3
:1025D0005A210170A5214170052181708221C170AD
:1025E00014210171B021417100218171B4F81211DF
:1025F000C1719A6108210FF0C9F815F09BF8002805
:10260000FBD07B4A4FF40021516178485A23037074
:10261000A5234370052383708223C37014230371A1
:10262000B223437100238371D4F810311B0AC371A4
:10263000916108210FF0AAF815F07CF80028FBD072
:102640006B4B4FF400225A6168485A210170A52152
:102650004170052181708221C17014210171B42162
:10266000417100218171D4F81011C1719A61082162
:102670000FF08CF815F05EF80028FBD05C4A4FF4A0
:102680000021516159485A230370A5234370072341
:1026900083708223C37014230371CA234371D4F857
:1026A00000311D0E85711D0CC5711D0A0572437226
:1026B00091610A210FF06AF815F03CF80028FBD070
:1026C0004B4A4FF40021516148485A230370A52317
:1026D0004370072383708223C37014230371CF23B5
:1026E000437100238371C3710372B4F81E314372C6
:1026F00091610A210FF04AF815F01CF80028FBD070
:102700003B4B4FF400225A6138485A210170A521F1
:102710004170072181708221C17014210171C6218D
:10272000417100218171C171D4F81C110D0A05722B
:1027300041729A610A210FF029F814F0FBFF00287A
:10274000FBD02B4B4FF400225A6128485A210170CC
:10275000A5214170052181708221C1701421017170
:10276000B621417100218171D4F80411C1719A61BF
:1027700008210FF00BF814F0DDFF0028FBD01C4AF5
:102780004FF40021516119485A230370A523437067
:10279000052383708223C37014230371B82343710C
:1027A00000238371D4F804311B0AC371916108219D
:1027B0000EF0ECFF14F0BEFF0028FBD00C4B4FF4E2
:1027C00000225A6109485A210170A5214170052152
:1027D00081708221C17014210171BA2141710021DF
:1027E0008171B4F80611C1719A6103E0509501201E
:1027F0000080004108210EF0C9FF14F09BFF002863
:10280000FBD04E4B4FF400225A614D485A210170C3
:10281000A5214170052181708221C17014210171AF
:10282000BC21417100218171B4F80E11C1719A610E
:1028300008210EF0ABFF14F07DFF0028FBD03F4ACB
:102840004FF4002151613E485A230370A523437081
:10285000052383708223C37014230371BE23437145
:1028600000238371D4F80C311B0AC37191610821D4
:102870000EF08CFF14F05EFF0028FBD02F4B4FF4BE
:1028800000225A612E485A210170A521417005216C
:1028900081708221C17014210171C0214171002118
:1028A0008171D4F80C11C1719A6108210EF06EFF8C
:1028B00014F040FF0028FBD0204B4FF400225A6157
:1028C0001F485A210170A521417005218170822184
:1028D000C17014210171C221417100218171B4F8CC
:1028E0001A11C1719A6108210EF050FF14F022FFF5
:1028F0000028FBD0114B4FF400225A6110485A2196
:102900000170A5214170052181708221C1701421BF
:102910000171C421417100218171D4F81811C17174
:102920009A6108210EF032FF14F004FF0028FBD05A
:10293000024B4FF400225A6138BD00BF00800041B5
:102940005095012038B50446D5485A230370A52375
:102950004370072383708223C37014230371A6235B
:10296000437100238371C371D4F834311A0A02729F
:102970004372CC4B4FF400229A610A210EF006FFFD
:1029800014F0D8FE0028FBD0C64B4FF400225A6149
:10299000C3485A210170A52141700521817082210F
:1029A000C17014210171CE21417100218171B4F8EF
:1029B0003611C1719A6108210EF0E8FE14F0BAFEDA
:1029C0000028FBD0B74B4FF400225A61B4485A217B
:1029D0000170A5214170052181708221C1701421EF
:1029E0000171AA21417100218171D4F82811C171AE
:1029F0009A6108210EF0CAFE14F09CFE0028FBD05C
:102A0000A84A4FF400215161A5485A230370A52319
:102A10004370052383708223C37014230371AC2396
:102A2000437100238371D4F828311B0AC37191616B
:102A300008210EF0ABFE14F07DFE0028FBD0994B70
:102A40004FF400225A6196485A210170A521417025
:102A5000052181708221C17014210171AE21417163
:102A600000218171B4F82A11C1719A6108210EF018
:102A70008DFE14F05FFE0028FBD08A4B4FF400223D
:102A80005A6187485A210170A52141700521817042
:102A90008221C17014210171B02141710021817125
:102AA000B4F83211C1719A6108210EF06FFE14F072
:102AB00041FE0028FBD07B4A4FF400215161784849
:102AC0005A230370A5234370052383708223C370A8
:102AD00014230371B223437100238371D4F830317E
:102AE0001B0AC371916108210EF050FE14F022FE02
:102AF0000028FBD06B4B4FF400225A6168485A21E2
:102B00000170A5214170052181708221C1701421BD
:102B10000171B421417100218171D4F83011C1716A
:102B20009A6108210EF032FE14F004FE0028FBD05A
:102B30005C4A4FF40021516159485A230370A52380
:102B40004370072383708223C37014230371CA2345
:102B50004371D4F820311D0E85711D0CC5711D0AFD
:102B60000572437291610A210EF010FE14F0E2FD2D
:102B70000028FBD04B4A4FF40021516148485A23AA
:102B80000370A5234370072383708223C37014232B
:102B90000371CF23437100238371C3710372B4F8AF
:102BA0003E31437291610A210EF0F0FD14F0C2FD36
:102BB0000028FBD03B4B4FF400225A6138485A2181
:102BC0000170A5214170072181708221C1701421FB
:102BD0000171C621417100218171C171D4F83C118C
:102BE0000D0A057241729A610A210EF0CFFD14F0B0
:102BF000A1FD0028FBD02B4B4FF400225A6128483E
:102C00005A210170A5214170052181708221C17076
:102C100014210171B621417100218171D4F8241170
:102C2000C1719A6108210EF0B1FD14F083FD0028F6
:102C3000FBD01C4A4FF40021516119485A230370FC
:102C4000A5234370052383708223C370142303716B
:102C5000B823437100238371D4F824311B0AC37154
:102C6000916108210EF092FD14F064FD0028FBD064
:102C70000C4B4FF400225A6109485A210170A521DA
:102C80004170052181708221C17014210171BA2126
:102C9000417100218171B4F82611C1719A6103E07C
:102CA000509501200080004108210EF06FFD14F0C6
:102CB00041FD0028FBD04E4B4FF400225A614D4895
:102CC0005A210170A5214170052181708221C170B6
:102CD00014210171BC21417100218171B4F82E11C0
:102CE000C1719A6108210EF051FD14F023FD0028F6
:102CF000FBD03F4A4FF4002151613E485A230370F4
:102D0000A5234370052383708223C37014230371AA
:102D1000BE23437100238371D4F82C311B0AC37185
:102D2000916108210EF032FD14F004FD0028FBD063
:102D30002F4B4FF400225A612E485A210170A521D1
:102D40004170052181708221C17014210171C0215F
:102D5000417100218171D4F82C11C1719A6108214F
:102D60000EF014FD14F0E6FC0028FBD0204B4FF4CD
:102D700000225A611F485A210170A5214170052186
:102D800081708221C17014210171C2214171002121
:102D90008171B4F83A11C1719A6108210EF0F6FC04
:102DA00014F0C8FC0028FBD0114B4FF400225A61EC
:102DB00010485A210170A52141700521817082219E
:102DC000C17014210171C421417100218171D4F8B5
:102DD0003811C1719A6108210EF0D8FC14F0AAFCD8
:102DE0000028FBD0024B4FF400225A6138BD00BFCF
:102DF000008000415095012038B50446D5485A233B
:102E00000370A5234370072383708223C3701423A8
:102E10000371A623437100238371C371D4F8543125
:102E20001A0A02724372CC4B4FF400229A610A21B3
:102E30000EF0ACFC14F07EFC0028FBD0C64B4FF427
:102E400000225A61C3485A210170A5214170052111
:102E500081708221C17014210171CE214171002144
:102E60008171B4F85611C1719A6108210EF08EFC7F
:102E700014F060FC0028FBD0B74B4FF400225A61DD
:102E8000B4485A210170A521417005218170822129
:102E9000C17014210171AA21417100218171D4F8FE
:102EA0004811C1719A6108210EF070FC14F042FCC7
:102EB0000028FBD0A84A4FF400215161A5485A23AD
:102EC0000370A5234370052383708223C3701423EA
:102ED0000371AC23437100238371D4F848311B0A7A
:102EE000C371916108210EF051FC14F023FC0028FD
:102EF000FBD0994B4FF400225A6196485A21017039
:102F0000A5214170052181708221C17014210171B8
:102F1000AE21417100218171B4F84A11C1719A61E9
:102F200008210EF033FC14F005FC0028FBD08A4B7E
:102F30004FF400225A6187485A210170A52141703F
:102F4000052181708221C17014210171B02141716C
:102F500000218171B4F85211C1719A6108210EF0FB
:102F600015FC14F0E7FB0028FBD07B4A4FF400214E
:102F7000516178485A230370A52343700523837059
:102F80008223C37014230371B2234371002383711E
:102F9000D4F850311B0AC371916108210EF0F6FB81
:102FA00014F0C8FB0028FBD06B4B4FF400225A6191
:102FB00068485A210170A521417005218170822144
:102FC000C17014210171B421417100218171D4F8C3
:102FD0005011C1719A6108210EF0D8FB14F0AAFBC0
:102FE0000028FBD05C4A4FF40021516159485A2314
:102FF0000370A5234370072383708223C3701423B7
:103000000371CA234371D4F840311D0E85711D0C24
:10301000C5711D0A0572437291610A210EF0B6FB5B
:1030200014F088FB0028FBD04B4A4FF4002151617B
:1030300048485A230370A5234370072383708223D3
:10304000C37014230371CF23437100238371C371B1
:103050000372B4F85E31437291610A210EF096FB5F
:1030600014F068FB0028FBD03B4B4FF400225A6160
:1030700038485A210170A5214170072181708221B1
:10308000C17014210171C621417100218171C1718A
:10309000D4F85C110D0A057241729A610A210EF092
:1030A00075FB14F047FB0028FBD02B4B4FF400229C
:1030B0005A6128485A210170A5214170052181706B
:1030C0008221C17014210171B621417100218171E9
:1030D000D4F84411C1719A6108210EF057FB14F025
:1030E00029FB0028FBD01C4A4FF4002151611948EC
:1030F0005A230370A5234370052383708223C37072
:1031000014230371B823437100238371D4F844312D
:103110001B0AC371916108210EF038FB14F00AFB01
:103120000028FBD00C4B4FF400225A6109485A2169
:103130000170A5214170052181708221C170142187
:103140000171BA21417100218171B4F84611C17138
:103150009A6103E0509501200080004108210EF0A3
:1031600015FB14F0E7FA0028FBD04E4B4FF4002279
:103170005A614D485A210170A52141700521817085
:103180008221C17014210171BC2141710021817122
:10319000B4F84E11C1719A6108210EF0F7FA14F0DB
:1031A000C9FA0028FBD03F4A4FF4002151613E4844
:1031B0005A230370A5234370052383708223C370B1
:1031C00014230371BE23437100238371D4F84C315F
:1031D0001B0AC371916108210EF0D8FA14F0AAFA03
:1031E0000028FBD02F4B4FF400225A612E485A2161
:1031F0000170A5214170052181708221C1701421C7
:103200000171C021417100218171D4F84C11C1714B
:103210009A6108210EF0BAFA14F08CFA0028FBD05B
:10322000204B4FF400225A611F485A210170A521FA
:103230004170052181708221C17014210171C22168
:10324000417100218171B4F85A11C1719A6108214C
:103250000EF09CFA14F06EFA0028FBD0114B4FF4DC
:1032600000225A6110485A210170A52141700521A0
:1032700081708221C17014210171C421417100212A
:103280008171D4F85811C1719A6108210EF07EFA4B
:1032900014F050FA0028FBD0024B4FF400225A6180
:1032A00038BD00BF008000415095012038B504466C
:1032B000D5485A230370A5234370072383708223C4
:1032C000C37014230371A623437100238371C37158
:1032D000D4F874311A0A02724372CC4B4FF40022B4
:1032E0009A610A210EF052FA14F024FA0028FBD059
:1032F000C64B4FF400225A61C3485A210170A521E0
:103300004170052181708221C17014210171CE218B
:10331000417100218171B4F87611C1719A6108215F
:103320000EF034FA14F006FA0028FBD0B74B4FF435
:1033300000225A61B4485A210170A521417005212B
:1033400081708221C17014210171AA214171002173
:103350008171D4F86811C1719A6108210EF016FAD2
:1033600014F0E8F90028FBD0A84A4FF4002151617D
:10337000A5485A230370A523437005238370822335
:10338000C37014230371AC23437100238371D4F8F9
:1033900068311B0AC371916108210EF0F7F914F02E
:1033A000C9F90028FBD0994B4FF400225A61964886
:1033B0005A210170A5214170052181708221C170BF
:1033C00014210171AE21417100218171B4F86A119B
:1033D000C1719A6108210EF0D9F914F0ABF90028F7
:1033E000FBD08A4B4FF400225A6187485A21017062
:1033F000A5214170052181708221C17014210171C4
:10340000B021417100218171B4F87211C1719A61CA
:1034100008210EF0BBF914F08DF90028FBD07B4A8F
:103420004FF40021516178485A230370A52343705B
:10343000052383708223C37014230371B223437165
:1034400000238371D4F870311B0AC3719161082184
:103450000EF09CF914F06EF90028FBD06B4B4FF482
:1034600000225A6168485A210170A5214170052146
:1034700081708221C17014210171B4214171002138
:103480008171D4F87011C1719A6108210EF07EF932
:1034900014F050F90028FBD05C4A4FF40021516130
:1034A00059485A230370A52343700723837082234E
:1034B000C37014230371CA234371D4F860311D0E05
:1034C00085711D0CC5711D0A0572437291610A2137
:1034D0000EF05CF914F02EF90028FBD04B4A4FF4A3
:1034E0000021516148485A230370A52343700723E4
:1034F00083708223C37014230371CF23437100238D
:103500008371C3710372B4F87E31437291610A21F1
:103510000EF03CF914F00EF90028FBD03B4B4FF4B1
:1035200000225A6138485A210170A52141700721B3
:1035300081708221C17014210171C6214171002165
:103540008171C171D4F87C110D0A057241729A61C2
:103550000A210EF01BF914F0EDF80028FBD02B4BDC
:103560004FF400225A6128485A210170A521417068
:10357000052181708221C17014210171B621417130
:1035800000218171D4F86411C1719A6108210EF093
:10359000FDF814F0CFF80028FBD01C4A4FF40021AE
:1035A000516119485A230370A52343700523837082
:1035B0008223C37014230371B823437100238371E2
:1035C000D4F864311B0AC371916108210EF0DEF852
:1035D00014F0B0F80028FBD00C4B4FF400225A61D5
:1035E00009485A210170A52141700521817082216D
:1035F000C17014210171BA21417100218171B4F8A7
:103600006611C1719A6103E050950120008000416C
:1036100008210EF0BBF814F08DF80028FBD04E4BBB
:103620004FF400225A614D485A210170A521417082
:10363000052181708221C17014210171BC21417169
:1036400000218171B4F86E11C1719A6108210EF0E8
:103650009DF814F06FF80028FBD03F4A4FF400218A
:1036600051613E485A230370A5234370052383709C
:103670008223C37014230371BE234371002383711B
:10368000D4F86C311B0AC371916108210EF07EF8E9
:1036900014F050F80028FBD02F4B4FF400225A6151
:1036A0002E485A210170A521417005218170822187
:1036B000C17014210171C021417100218171D4F8C0
:1036C0006C11C1719A6108210EF060F814F032F8A3
:1036D0000028FBD0204B4FF400225A611F485A218A
:1036E0000170A5214170052181708221C1701421D2
:1036F0000171C221417100218171B4F87A11C17147
:103700009A6108210EF042F814F014F80028FBD05A
:10371000114B4FF400225A6110485A210170A52123
:103720004170052181708221C17014210171C42171
:10373000417100218171D4F87811C1719A61082119
:103740000EF024F813F0F6FF0028FBD0024B4FF4E4
:1037500000225A6138BD00BF008000415095012011
:1037600038B50446D5485A230370A5234370072370
:1037700083708223C37014230371A6234371002333
:103780008371C371D4F894311A0A02724372CC4B1C
:103790004FF400229A610A210DF0F8FF13F0CAFFDE
:1037A0000028FBD0C64B4FF400225A61C3485A216F
:1037B0000170A5214170052181708221C170142101
:1037C0000171CE21417100218171B4F89611C1714E
:1037D0009A6108210DF0DAFF13F0ACFF0028FBD04E
:1037E000B74B4FF400225A61B4485A210170A52109
:1037F0004170052181708221C17014210171AA21BB
:10380000417100218171D4F88811C1719A61082138
:103810000DF0BCFF13F08EFF0028FBD0A84A4FF438
:1038200000215161A5485A230370A5234370052345
:1038300083708223C37014230371AC23437100236C
:103840008371D4F888311B0AC371916108210DF08E
:103850009DFF13F06FFF0028FBD0994B4FF400221F
:103860005A6196485A210170A52141700521817045
:103870008221C17014210171AE2141710021817139
:10388000B4F88A11C1719A6108210DF07FFF13F01D
:1038900051FF0028FBD08A4B4FF400225A61874821
:1038A0005A210170A5214170052181708221C170CA
:1038B00014210171B021417100218171B4F892117C
:1038C000C1719A6108210DF061FF13F033FF0028E8
:1038D000FBD07B4A4FF40021516178485A23037092
:1038E000A5234370052383708223C37014230371BF
:1038F000B223437100238371D4F890311B0AC37142
:10390000916108210DF042FF13F014FF0028FBD055
:103910006B4B4FF400225A6168485A210170A5216F
:103920004170052181708221C17014210171B4217F
:10393000417100218171D4F89011C1719A610821FF
:103940000DF024FF13F0F6FE0028FBD05C4A4FF484
:103950000021516159485A230370A523437007235E
:1039600083708223C37014230371CA234371D4F874
:1039700080311D0E85711D0CC5711D0A05724372C3
:1039800091610A210DF002FF13F0D4FE0028FBD054
:103990004B4A4FF40021516148485A230370A52334
:1039A0004370072383708223C37014230371CF23D2
:1039B000437100238371C3710372B4F89E31437263
:1039C00091610A210DF0E2FE13F0B4FE0028FBD055
:1039D0003B4B4FF400225A6138485A210170A5210F
:1039E0004170072181708221C17014210171C621AB
:1039F000417100218171C171D4F89C110D0A0572C9
:103A000041729A610A210DF0C1FE13F093FE002865
:103A1000FBD02B4B4FF400225A6128485A210170E9
:103A2000A5214170052181708221C170142101718D
:103A3000B621417100218171D4F88411C1719A615C
:103A400008210DF0A3FE13F075FE0028FBD01C4AE0
:103A50004FF40021516119485A230370A523437084
:103A6000052383708223C37014230371B823437129
:103A700000238371D4F884311B0AC371916108213A
:103A80000DF084FE13F056FE0028FBD00C4B4FF4D3
:103A900000225A6109485A210170A521417005216F
:103AA00081708221C17014210171BA2141710021FC
:103AB0008171B4F88611C1719A6103E050950120BB
:103AC0000080004108210DF061FE13F033FE002854
:103AD000FBD04E4B4FF400225A614D485A210170E1
:103AE000A5214170052181708221C17014210171CD
:103AF000BC21417100218171B4F88E11C1719A61AC
:103B000008210DF043FE13F015FE0028FBD03F4ABC
:103B10004FF4002151613E485A230370A52343709E
:103B2000052383708223C37014230371BE23437162
:103B300000238371D4F88C311B0AC3719161082171
:103B40000DF024FE13F0F6FD0028FBD02F4B4FF4B0
:103B500000225A612E485A210170A5214170052189
:103B600081708221C17014210171C0214171002135
:103B70008171D4F88C11C1719A6108210DF006FE93
:103B800013F0D8FD0028FBD0204B4FF400225A61DF
:103B90001F485A210170A5214170052181708221A1
:103BA000C17014210171C221417100218171B4F8E9
:103BB0009A11C1719A6108210DF0E8FD13F0BAFD68
:103BC0000028FBD0114B4FF400225A6110485A21B3
:103BD0000170A5214170052181708221C1701421DD
:103BE0000171C421417100218171D4F89811C17112
:103BF0009A6108210DF0CAFD13F09CFD0028FBD04E
:103C0000024B4FF400225A6138BD00BF00800041D2
:103C10005095012038B50446D5485A230370A52392
:103C20004370072383708223C37014230371A62378
:103C3000437100238371C371D4F8B4311A0A02723C
:103C40004372CC4B4FF400229A610A210DF09EFD85
:103C500013F070FD0028FBD0C64B4FF400225A61D0
:103C6000C3485A210170A52141700521817082212C
:103C7000C17014210171CE21417100218171B4F80C
:103C8000B611C1719A6108210DF080FD13F052FD4B
:103C90000028FBD0B74B4FF400225A61B4485A2198
:103CA0000170A5214170052181708221C17014210C
:103CB0000171AA21417100218171D4F8A811C1714B
:103CC0009A6108210DF062FD13F034FD0028FBD04D
:103CD000A84A4FF400215161A5485A230370A52337
:103CE0004370052383708223C37014230371AC23B4
:103CF000437100238371D4F8A8311B0AC371916109
:103D000008210DF043FD13F015FD0028FBD0994B61
:103D10004FF400225A6196485A210170A521417042
:103D2000052181708221C17014210171AE21417180
:103D300000218171B4F8AA11C1719A6108210DF0B6
:103D400025FD13F0F7FC0028FBD08A4B4FF400222E
:103D50005A6187485A210170A5214170052181705F
:103D60008221C17014210171B02141710021817142
:103D7000B4F8B211C1719A6108210DF007FD13F07A
:103D8000D9FC0028FBD07B4A4FF4002151617848D0
:103D90005A230370A5234370052383708223C370C5
:103DA00014230371B223437100238371D4F8B0311B
:103DB0001B0AC371916108210DF0E8FC13F0BAFCF5
:103DC0000028FBD06B4B4FF400225A6168485A21FF
:103DD0000170A5214170052181708221C1701421DB
:103DE0000171B421417100218171D4F8B011C17108
:103DF0009A6108210DF0CAFC13F09CFC0028FBD04E
:103E00005C4A4FF40021516159485A230370A5239D
:103E10004370072383708223C37014230371CA2362
:103E20004371D4F8A0311D0E85711D0CC5711D0A9A
:103E30000572437291610A210DF0A8FC13F07AFC1F
:103E40000028FBD04B4A4FF40021516148485A23C7
:103E50000370A5234370072383708223C370142348
:103E60000371CF23437100238371C3710372B4F8CC
:103E7000BE31437291610A210DF088FC13F05AFCA7
:103E80000028FBD03B4B4FF400225A6138485A219E
:103E90000170A5214170072181708221C170142118
:103EA0000171C621417100218171C171D4F8BC1129
:103EB0000D0A057241729A610A210DF067FC13F038
:103EC00039FC0028FBD02B4B4FF400225A612848C4
:103ED0005A210170A5214170052181708221C17094
:103EE00014210171B621417100218171D4F8A4110E
:103EF000C1719A6108210DF049FC13F01BFC0028E8
:103F0000FBD01C4A4FF40021516119485A23037019
:103F1000A5234370052383708223C3701423037188
:103F2000B823437100238371D4F8A4311B0AC371F1
:103F3000916108210DF02AFC13F0FCFB0028FBD056
:103F40000C4B4FF400225A6109485A210170A521F7
:103F50004170052181708221C17014210171BA2143
:103F6000417100218171B4F8A611C1719A6103E019
:103F7000509501200080004108210DF007FC13F04E
:103F8000D9FB0028FBD04E4B4FF400225A614D481C
:103F90005A210170A5214170052181708221C170D3
:103FA00014210171BC21417100218171B4F8AE115D
:103FB000C1719A6108210DF0E9FB13F0BBFB0028E9
:103FC000FBD03F4A4FF4002151613E485A23037011
:103FD000A5234370052383708223C37014230371C8
:103FE000BE23437100238371D4F8AC311B0AC37123
:103FF000916108210DF0CAFB13F09CFB0028FBD057
:104000002F4B4FF400225A612E485A210170A521EE
:104010004170052181708221C17014210171C0217C
:10402000417100218171D4F8AC11C1719A610821EC
:104030000DF0ACFB13F07EFB0028FBD0204B4FF4BF
:1040400000225A611F485A210170A52141700521A3
:1040500081708221C17014210171C221417100213E
:104060008171B4F8BA11C1719A6108210DF08EFB0B
:1040700013F060FB0028FBD0114B4FF400225A6173
:1040800010485A210170A5214170052181708221BB
:10409000C17014210171C421417100218171D4F8D2
:1040A000B811C1719A6108210DF070FB13F042FB49
:1040B0000028FBD0024B4FF400225A6138BD00BFEC
:1040C00000800041509501202DE9F0412DED088B35
:1040D000ECB012F04FFE12F065FECA22002138A8A3
:1040E00013F0B8FB322200212BA813F0B3FBDFED55
:1040F000218AF0EE689AB0EE688AB0EE689A0024E1
:104100004FF4C0551C4EB0EE68AADFED1CBA9FED0F
:104110001CBADFED1CAA3FE01B4B00221A701B4BA0
:1041200074225A63012011F0EFFA642010F048FC69
:1041300077E0154B01221A700020144B586311F0E0
:10414000E3FA642010F03CFC75E083ED00AA002047
:1041500011F040FA642010F033FC0C4B00221A627C
:10416000AEE0002011F088FC9EE1002011F09AFCE6
:10417000AFE100BF00000000B29B012000002F4310
:10418000000082420000BF43099C0120E08F012013
:104190004FF42F6010F014FC2946002012F056F95D
:1041A00012F0F4FD12F076F90028FBD012F002FABA
:1041B00007EE900AF8EE677A17EE900A10F034FCDA
:1041C000E7A3D3E9002313F063FDE7A3D3E90023BA
:1041D00007F0C0FC0EF056FF10F026FCE4A3D3E974
:1041E000002313F055FD0022CD4B07F0B3FC002255
:1041F000CC4B0AF0E9FA0EF045FF07EE900A6B90FF
:10420000FDEEE77A17EE903A98B2308010F010FF8A
:10421000642010F0D5FBC44B1A7833889A42FFF41F
:104220007BAFC24B1A7833889A4204D9C04B1B78B3
:10423000002B3FF47EAF00236B932946092012F038
:1042400005F912F0A3FD12F025F90028FBD012F0B9
:10425000B1F912F07AFAB0A3D3E900230AF0B4FA64
:104260000EF010FFDFEDB37A07EE100A77EE677AF3
:104270009FEDB17A67EE877ADFEDB06A87EEA67AB6
:1042800077EE0A7AAE4BC3ED007AF5EEC07AF1EE26
:1042900010FA3FF55AAFAB4B1B7807EE103AB8EE69
:1042A000C77AB4EEE77AF1EE10FA7FF550AF01204D
:1042B00011F090F9642010F083FBA34B6E221A6278
:1042C00029460A2012F0F8F812F078FD12F018F9D9
:1042D0000028FBD013F002FB274621AB03EB84033D
:1042E00007EE900AF8EE677A77EEEB7A67EE8B7A54
:1042F00087EEAA7A77EE0A7AC3ED007A0134E4B247
:104300000A2C28BF002421AB2BAAF3EC017A39EE4A
:10431000279A9342F9D1F2EE047A89EE279A294638
:104320000B2012F0C9F812F049FD12F0E9F800284C
:10433000FBD013F0D3FA17AB03EB870307EE900A19
:10434000F8EE677A77EEEB7A67EE8B7A87EEAA7AE9
:1043500077EE0A7AC3ED007A17AB21AAF3EC017A63
:1043600038EE278A9A42F9D1F2EE047A88EE278A4B
:104370002946042012F0A0F812F020FD12F0C0F837
:104380000028FBD013F0AAFA0DAB03EB870307EE6E
:10439000900AF8EE677A77EEEB7A67EE8B7A87EE23
:1043A000AA7A77EE0A7AC3ED007A0DAB17AAF3EC7E
:1043B000017A79EEA79A9A42F9D1F2EE047AC9EE1F
:1043C000A79A2946052012F077F812F0F7FC12F0B0
:1043D00097F80028FBD013F081FA03AB03EB8707B3
:1043E00007EE900AF8EE677A77EEEB7A67EE8B7A53
:1043F00087EEAA7A77EE0A7AC7ED007A0DAAF3EC77
:10440000017A78EEA78A9A42F9D1F2EE047AC8EEE0
:10441000A78A322200212BA813F01CFA3388ADF8AA
:104420000030FCEEC97A17EE903AADF80230FCEE9F
:10443000C87A17EE903A1FFA83F8ADF80480FCEEC4
:10444000E97A17EE903AADF80630FCEEE87A17EE0E
:10445000903A9FB2ADF808700223002269463B48AB
:1044600000680AF049FA404610F012FE642010F08D
:10447000A7FA384610F024FE642010F0A1FA344B5D
:104480001B7807EE903AF8EEE77AF4EEC87AF1EE90
:1044900010FA7FF566AE012011F0EEFA2A4B752274
:1044A0009A630122C3F8A0202A4B1B7807EE903AAA
:1044B000F8EEE77AF4EEE87AF1EE10FA7FF555AE11
:1044C000012011F0EFFA204B75229A630222C3F803
:1044D000A020214B1B7807EE903AF8EEE77AF4EE35
:1044E000C87AF1EE10FA7FF753AE1C4B1B7807EE3B
:1044F000903AF8EEE77AF4EEE87AF1EE10FA7FF708
:1045000047AE002011F0CEFA002011F0B5FA0E4BA4
:1045100000229A633CE600BF6666666666666A3F8E
:1045200000802BC000408F408B9D01207F9D01208B
:10453000099C01200AD7D33F0000C8435C8FD23FBB
:10454000DC9801202B9D0120E08F01205C99012047
:10455000EB9C01200B9D0120EA9C01200A9D01207B
:104560009A99999999991E40CDCCCCCCCC50734056
:10457000F6285C8FC2F5044038B50446D1485A236A
:104580000370A5234370072383708223C370142311
:104590000371A623437100238371C371636D1A0AEB
:1045A00002724372C84B4FF400229A610A210DF047
:1045B000EDF813F0BFF80028FBD0C34B4FF40022F6
:1045C0005A61C0485A210170A521417005218170AE
:1045D0008221C17014210171CE21417100218171AC
:1045E000B4F85610C1719A6108210DF0CFF813F09C
:1045F000A1F80028FBD0B44B4FF400225A61B14817
:104600005A210170A5214170052181708221C1705C
:1046100014210171AA21417100218171A16CC17124
:104620009A6108210DF0B2F813F084F80028FBD04D
:10463000A54A4FF400215161A2485A230370A523D3
:104640004370052383708223C37014230371AC234A
:10465000437100238371A36C1B0AC371916108210C
:104660000DF094F813F066F80028FBD0964B4FF449
:1046700000225A6193485A210170A52141700521F9
:1046800081708221C17014210171AE21417100211C
:104690008171B4F84A10C1719A6108210DF076F861
:1046A00013F048F80028FBD0874B4FF400225A61E2
:1046B00084485A210170A521417005218170822111
:1046C000C17014210171B021417100218171B4F8D0
:1046D0005210C1719A6108210DF058F813F02AF8B0
:1046E0000028FBD0784A4FF40021516175485A23C5
:1046F0000370A5234370052383708223C3701423A2
:104700000371B223437100238371236D1B0AC371AC
:10471000916108210DF03AF813F00CF80028FBD055
:10472000694B4FF400225A6166485A210170A52155
:104730004170052181708221C17014210171B42161
:10474000417100218171216DC1719A6108210DF0C3
:104750001DF812F0EFFF0028FBD05B4A4FF4002158
:10476000516158485A230370A5234370072383706F
:104770008223C37014230371CA234371236C1D0E5B
:1047800085711D0CC5711D0A0572437291610A2164
:104790000CF0FCFF12F0CEFF0028FBD04A4A4FF489
:1047A0000021516147485A230370A5234370072312
:1047B00083708223C37014230371CF2343710023BA
:1047C0008371C3710372B4F85E30437291610A2140
:1047D0000CF0DCFF12F0AEFF0028FBD03A4B4FF498
:1047E00000225A6137485A210170A52141700721E2
:1047F00081708221C17014210171C6214171002193
:104800008171C171E16D0D0A057241729A610A21CF
:104810000CF0BCFF12F08EFF0028FBD02A4B4FF4A7
:1048200000225A6127485A210170A52141700521B3
:1048300081708221C17014210171B6214171002162
:104840008171616CC1719A6108210CF09FFF12F0B7
:1048500071FF0028FBD01C4A4FF400215161194818
:104860005A230370A5234370052383708223C370EA
:1048700014230371B823437100238371636C1B0AF3
:10488000C371916108210CF081FF12F053FF0028E1
:10489000FBD00D4B4FF400225A610A485A21017097
:1048A000A5214170052181708221C17014210171FF
:1048B000BA21417100218171B4F84610C1719A6129
:1048C00004E000BF509501200080004108210CF059
:1048D0005DFF12F02FFF0028FBD04C4B4FF400225D
:1048E0005A614B485A210170A52141700521817000
:1048F0008221C17014210171BC214171002181719B
:10490000B4F84E10C1719A6108210CF03FFF12F00B
:1049100011FF0028FBD03D4A4FF4002151613C4873
:104920005A230370A5234370052383708223C37029
:1049300014230371BE23437100238371E36C1B0AAC
:10494000C371916108210CF021FF12F0F3FE0028E1
:10495000FBD02E4B4FF400225A612D485A21017092
:10496000A5214170052181708221C170142101713E
:10497000C021417100218171E16CC1719A610821EE
:104980000CF004FF12F0D6FE0028FBD01F4B4FF4B2
:1049900000225A611E485A210170A521417005214B
:1049A00081708221C17014210171C22141710021E5
:1049B0008171B4F85A10C1719A6108210CF0E6FEB9
:1049C00012F0B8FE0028FBD0104B4FF400225A61C1
:1049D0000F485A210170A521417005218170822163
:1049E000C17014210171C421417100218171A16D37
:1049F000C1719A6108210CF0C9FE12F09BFE0028DB
:104A0000FBD0024B4FF400225A6138BD00800041B8
:104A10005095012038B50446D1485A230370A52388
:104A20004370072383708223C37014230371A6236A
:104A3000437100238371C371636F1A0A0272437258
:104A4000C84B4FF400229A610A210CF09FFE12F02D
:104A500071FE0028FBD0C34B4FF400225A61C048BE
:104A60005A210170A5214170052181708221C170F8
:104A700014210171CE21417100218171B4F87610A9
:104A8000C1719A6108210CF081FE12F053FE0028DA
:104A9000FBD0B44B4FF400225A61B1485A21017047
:104AA000A5214170052181708221C17014210171FD
:104AB000AA21417100218171A16EC1719A61082101
:104AC0000CF064FE12F036FE0028FBD0A54A4FF42D
:104AD00000215161A2485A230370A5234370052386
:104AE00083708223C37014230371AC2343710023AA
:104AF0008371A36E1B0AC371916108210CF046FEFD
:104B000012F018FE0028FBD0964B4FF400225A6199
:104B100093485A210170A52141700521817082219D
:104B2000C17014210171AE21417100218171B4F86D
:104B30006A10C1719A6108210CF028FE12F0FAFD8A
:104B40000028FBD0874B4FF400225A6184485A2139
:104B50000170A5214170052181708221C17014214D
:104B60000171B021417100218171B4F87210C171DD
:104B70009A6108210CF00AFE12F0DCFD0028FBD03F
:104B8000784A4FF40021516175485A230370A523D8
:104B90004370052383708223C37014230371B223EF
:104BA000437100238371236F1B0AC3719161082134
:104BB0000CF0ECFD12F0BEFD0028FBD0694B4FF469
:104BC00000225A6166485A210170A52141700521D1
:104BD00081708221C17014210171B42141710021C1
:104BE0008171216FC1719A6108210CF0CFFD12F023
:104BF000A1FD0028FBD05B4A4FF4002151615848C9
:104C00005A230370A5234370072383708223C37044
:104C100014230371CA234371236E1D0E85711D0C6D
:104C2000C5711D0A0572437291610A210CF0AEFD37
:104C300012F080FD0028FBD04A4A4FF40021516158
:104C400047485A230370A5234370072383708223A8
:104C5000C37014230371CF23437100238371C37185
:104C60000372B4F87E30437291610A210CF08EFD1C
:104C700012F060FD0028FBD03A4B4FF400225A613D
:104C800037485A210170A521417007218170822186
:104C9000C17014210171C621417100218171C1715E
:104CA000E16F0D0A057241729A610A210CF06EFDE6
:104CB00012F040FD0028FBD02A4B4FF400225A612D
:104CC00027485A210170A521417005218170822158
:104CD000C17014210171B621417100218171616E91
:104CE000C1719A6108210CF051FD12F023FD0028DA
:104CF000FBD01C4A4FF40021516119485A2303701C
:104D0000A5234370052383708223C370142303718A
:104D1000B823437100238371636E1B0AC3719161D1
:104D200008210CF033FD12F005FD0028FBD00D4BDF
:104D30004FF400225A610A485A210170A52141709E
:104D4000052181708221C17014210171BA21417144
:104D500000218171B4F86610C1719A6104E000BF4E
:104D6000509501200080004108210CF00FFD12F049
:104D7000E1FC0028FBD04C4B4FF400225A614B4819
:104D80005A210170A5214170052181708221C170D5
:104D900014210171BC21417100218171B4F86E10A0
:104DA000C1719A6108210CF0F1FC12F0C3FC0028DB
:104DB000FBD03D4A4FF4002151613C485A23037017
:104DC000A5234370052383708223C37014230371CA
:104DD000BE23437100238371E36E1B0AC37191618B
:104DE00008210CF0D3FC12F0A5FC0028FBD02E4BC0
:104DF0004FF400225A612D485A210170A5214170BB
:104E0000052181708221C17014210171C02141717D
:104E100000218171E16EC1719A6108210CF0B6FC2C
:104E200012F088FC0028FBD01F4B4FF400225A617F
:104E30001E485A210170A5214170052181708221EF
:104E4000C17014210171C221417100218171B4F836
:104E50007A10C1719A6108210CF098FC12F06AFC7A
:104E60000028FBD0104B4FF400225A610F485A2102
:104E70000170A5214170052181708221C17014212A
:104E80000171C421417100218171A16FC1719A61C9
:104E900008210CF07BFC12F04DFC0028FBD0024BEB
:104EA0004FF400225A6138BD008000415095012026
:104EB00038B50446D1485A230370A523437007230D
:104EC00083708223C37014230371A62343710023CC
:104ED0008371C371636D1A0A02724372C84B4FF437
:104EE00000229A610A210CF051FC12F023FC0028E8
:104EF000FBD0C34B4FF400225A61C0485A210170C5
:104F0000A5214170052181708221C1701421017198
:104F1000CE21417100218171B4F85610C1719A619E
:104F200008210CF033FC12F005FC0028FBD0B44B38
:104F30004FF400225A61B1485A210170A5214170F5
:104F4000052181708221C17014210171AA21417152
:104F500000218171A16CC1719A6108210CF016FCCD
:104F600012F0E8FB0028FBD0A54A4FF40021516164
:104F7000A2485A230370A52343700523837082231C
:104F8000C37014230371AC23437100238371A36C9A
:104F90001B0AC371916108210CF0F8FB12F0CAFBE7
:104FA0000028FBD0964B4FF400225A6193485A21B7
:104FB0000170A5214170052181708221C1701421E9
:104FC0000171AE21417100218171B4F84A10C171A3
:104FD0009A6108210CF0DAFB12F0ACFB0028FBD040
:104FE000874B4FF400225A6184485A210170A52151
:104FF0004170052181708221C17014210171B0219D
:10500000417100218171B4F85210C1719A61082177
:105010000CF0BCFB12F08EFB0028FBD0784A4FF45A
:105020000021516175485A230370A523437005235D
:1050300083708223C37014230371B223437100234E
:105040008371236D1B0AC371916108210CF09EFBD3
:1050500012F070FB0028FBD0694B4FF400225A611C
:1050600066485A210170A521417005218170822175
:10507000C17014210171B421417100218171216D30
:10508000C1719A6108210CF081FB12F053FB0028DA
:10509000FBD05B4A4FF40021516158485A230370FA
:1050A000A5234370072383708223C37014230371E5
:1050B000CA234371236C1D0E85711D0CC5711D0A19
:1050C0000572437291610A210CF060FB12F032FB11
:1050D0000028FBD04A4A4FF40021516147485A2327
:1050E0000370A5234370072383708223C3701423A6
:1050F0000371CF23437100238371C3710372B4F82A
:105100005E30437291610A210CF040FB12F012FBF9
:105110000028FBD03A4B4FF400225A6137485A21FD
:105120000170A5214170072181708221C170142175
:105130000171C621417100218171C171E16D0D0ABA
:10514000057241729A610A210CF020FB12F0F2FA0A
:105150000028FBD02A4B4FF400225A6127485A21DD
:105160000170A5214170052181708221C170142137
:105170000171B621417100218171616CC1719A6127
:1051800008210CF003FB12F0D5FA0028FBD01C4AD2
:105190004FF40021516119485A230370A52343702D
:1051A000052383708223C37014230371B8234371D2
:1051B00000238371636C1B0AC371916108210CF099
:1051C000E5FA12F0B7FA0028FBD00D4B4FF400229D
:1051D0005A610A485A210170A52141700521817048
:1051E0008221C17014210171BA21417100218171A4
:1051F000B4F84610C1719A6104E000BF50950120D7
:105200000080004108210CF0C1FA12F093FA002846
:10521000FBD04C4B4FF400225A614B485A2101708D
:10522000A5214170052181708221C1701421017175
:10523000BC21417100218171B4F84E10C1719A6195
:1052400008210CF0A3FA12F075FA0028FBD03D4AB1
:105250004FF4002151613C485A230370A523437049
:10526000052383708223C37014230371BE2343710B
:1052700000238371E36C1B0AC371916108210CF058
:1052800085FA12F057FA0028FBD02E4B4FF400227B
:105290005A612D485A210170A52141700521817064
:1052A0008221C17014210171C021417100218171DD
:1052B000E16CC1719A6108210CF068FA12F03AFAB7
:1052C0000028FBD01F4B4FF400225A611E485A2180
:1052D0000170A5214170052181708221C1701421C6
:1052E0000171C221417100218171B4F85A10C1715C
:1052F0009A6108210CF04AFA12F01CFA0028FBD03F
:10530000104B4FF400225A610F485A210170A52119
:105310004170052181708221C17014210171C42165
:10532000417100218171A16DC1719A6108210CF058
:105330002DFA12F0FFF90028FBD0024B4FF40022A7
:105340005A6138BD008000415095012038B50446AF
:10535000D1485A230370A523437007238370822307
:10536000C37014230371A623437100238371C37197
:10537000636F1A0A02724372C84B4FF400229A619B
:105380000A210CF003FA12F0D5F90028FBD0C34B28
:105390004FF400225A61C0485A210170A521417082
:1053A000052181708221C17014210171CE214171CA
:1053B00000218171B4F87610C1719A6108210CF056
:1053C000E5F912F0B7F90028FBD0B44B4FF40022F6
:1053D0005A61B1485A210170A5214170052181709F
:1053E0008221C17014210171AA21417100218171B2
:1053F000A16EC1719A6108210CF0C8F912F09AF9F6
:105400000028FBD0A54A4FF400215161A2485A233D
:105410000370A5234370052383708223C370142374
:105420000371AC23437100238371A36E1B0AC37104
:10543000916108210CF0AAF912F07CF90028FBD048
:10544000964B4FF400225A6193485A210170A521CE
:105450004170052181708221C17014210171AE213A
:10546000417100218171B4F86A10C1719A610821FB
:105470000CF08CF912F05EF90028FBD0874B4FF44A
:1054800000225A6184485A210170A52141700521EA
:1054900081708221C17014210171B02141710021FC
:1054A0008171B4F87210C1719A6108210CF06EF923
:1054B00012F040F90028FBD0784A4FF400215161E6
:1054C00075485A230370A5234370052383708223F4
:1054D000C37014230371B223437100238371236FBC
:1054E0001B0AC371916108210CF050F912F022F9E6
:1054F0000028FBD0694B4FF400225A6166485A21BC
:105500000170A5214170052181708221C170142193
:105510000171B421417100218171216FC1719A61C2
:1055200008210CF033F912F005F90028FBD05B4A92
:105530004FF40021516158485A230370A52343704A
:10554000072383708223C37014230371CA2343711A
:10555000236E1D0E85711D0CC5711D0A05724372E7
:1055600091610A210CF012F912F0E4F80028FBD046
:105570004A4A4FF40021516147485A230370A5233A
:105580004370072383708223C37014230371CF23D6
:10559000437100238371C3710372B4F87E30437288
:1055A00091610A210CF0F2F812F0C4F80028FBD047
:1055B0003A4B4FF400225A6137485A210170A52115
:1055C0004170072181708221C17014210171C621AF
:1055D000417100218171C171E16F0D0A0572417243
:1055E0009A610A210CF0D2F812F0A4F80028FBD03E
:1055F0002A4B4FF400225A6127485A210170A521F5
:105600004170052181708221C17014210171B62180
:10561000417100218171616EC1719A6108210CF0A4
:10562000B5F812F087F80028FBD01C4A4FF400218F
:10563000516119485A230370A523437005238370D1
:105640008223C37014230371B82343710023837131
:10565000636E1B0AC371916108210CF097F812F078
:1056600069F80028FBD00D4B4FF400225A610A481C
:105670005A210170A5214170052181708221C170DC
:1056800014210171BA21417100218171B4F86610B1
:10569000C1719A6104E000BF509501200080004173
:1056A00008210CF073F812F045F80028FBD04C4BA1
:1056B0004FF400225A614B485A210170A5214170D4
:1056C000052181708221C17014210171BC214171B9
:1056D00000218171B4F86E10C1719A6108210CF03B
:1056E00055F812F027F80028FBD03D4A4FF400216E
:1056F00051613C485A230370A523437005238370EE
:105700008223C37014230371BE234371002383716A
:10571000E36E1B0AC371916108210CF037F812F097
:1057200009F80028FBD02E4B4FF400225A612D4877
:105730005A210170A5214170052181708221C1701B
:1057400014210171C021417100218171E16EC1718B
:105750009A6108210CF01AF811F0ECFF0028FBD038
:105760001F4B4FF400225A611E485A210170A52197
:105770004170052181708221C17014210171C22103
:10578000417100218171B4F87A10C1719A610821C8
:105790000BF0FCFF11F0CEFF0028FBD0104B4FF4B4
:1057A00000225A610F485A210170A521417005213C
:1057B00081708221C17014210171C42141710021C5
:1057C0008171A16FC1719A6108210BF0DFFF11F0A7
:1057D000B1FF0028FBD0024B4FF400225A6138BDC4
:1057E000008000415095012038B50446D1485A2325
:1057F0000370A5234370072383708223C37014238F
:105800000371A623437100238371C371636D1A0A68
:1058100002724372C84B4FF400229A610A210BF0C6
:10582000B5FF11F087FF0028FBD0C34B4FF40022D7
:105830005A61C0485A210170A5214170052181702B
:105840008221C17014210171CE2141710021817129
:10585000B4F85610C1719A6108210BF097FF11F04E
:1058600069FF0028FBD0B44B4FF400225A61B148C5
:105870005A210170A5214170052181708221C170DA
:1058800014210171AA21417100218171A16CC171A2
:105890009A6108210BF07AFF11F04CFF0028FBD031
:1058A000A54A4FF400215161A2485A230370A52351
:1058B0004370052383708223C37014230371AC23C8
:1058C000437100238371A36C1B0AC371916108218A
:1058D0000BF05CFF11F02EFF0028FBD0964B4FF42D
:1058E00000225A6193485A210170A5214170052177
:1058F00081708221C17014210171AE21417100219A
:105900008171B4F84A10C1719A6108210BF03EFF11
:1059100011F010FF0028FBD0874B4FF400225A6192
:1059200084485A210170A52141700521817082218E
:10593000C17014210171B021417100218171B4F84D
:105940005210C1719A6108210BF020FF11F0F2FE94
:105950000028FBD0784A4FF40021516175485A2342
:105960000370A5234370052383708223C37014231F
:105970000371B223437100238371236D1B0AC3712A
:10598000916108210BF002FF11F0D4FE0028FBD03A
:10599000694B4FF400225A6166485A210170A521D3
:1059A0004170052181708221C17014210171B421DF
:1059B000417100218171216DC1719A6108210BF043
:1059C000E5FE11F0B7FE0028FBD05B4A4FF4002142
:1059D000516158485A230370A523437007238370ED
:1059E0008223C37014230371CA234371236C1D0ED9
:1059F00085711D0CC5711D0A0572437291610A21E2
:105A00000BF0C4FE11F096FE0028FBD04A4A4FF47A
:105A10000021516147485A230370A523437007238F
:105A200083708223C37014230371CF234371002337
:105A30008371C3710372B4F85E30437291610A21BD
:105A40000BF0A4FE11F076FE0028FBD03A4B4FF489
:105A500000225A6137485A210170A521417007215F
:105A600081708221C17014210171C6214171002110
:105A70008171C171E16D0D0A057241729A610A214D
:105A80000BF084FE11F056FE0028FBD02A4B4FF499
:105A900000225A6127485A210170A5214170052131
:105AA00081708221C17014210171B62141710021E0
:105AB0008171616CC1719A6108210BF067FE11F070
:105AC00039FE0028FBD01C4A4FF4002151611948CF
:105AD0005A230370A5234370052383708223C37068
:105AE00014230371B823437100238371636C1B0A71
:105AF000C371916108210BF049FE11F01BFE0028D3
:105B0000FBD00D4B4FF400225A610A485A21017014
:105B1000A5214170052181708221C170142101717C
:105B2000BA21417100218171B4F84610C1719A61A6
:105B300004E000BF509501200080004108210BF0D7
:105B400025FE11F0F7FD0028FBD04C4B4FF400224E
:105B50005A614B485A210170A5214170052181707D
:105B60008221C17014210171BC2141710021817118
:105B7000B4F84E10C1719A6108210BF007FE11F0C4
:105B8000D9FD0028FBD03D4A4FF4002151613C482B
:105B90005A230370A5234370052383708223C370A7
:105BA00014230371BE23437100238371E36C1B0A2A
:105BB000C371916108210BF0E9FD11F0BBFD0028D4
:105BC000FBD02E4B4FF400225A612D485A21017010
:105BD000A5214170052181708221C17014210171BC
:105BE000C021417100218171E16CC1719A6108216C
:105BF0000BF0CCFD11F09EFD0028FBD01F4B4FF4A5
:105C000000225A611E485A210170A52141700521C8
:105C100081708221C17014210171C2214171002162
:105C20008171B4F85A10C1719A6108210BF0AEFD70
:105C300011F080FD0028FBD0104B4FF400225A6178
:105C40000F485A210170A5214170052181708221E0
:105C5000C17014210171C421417100218171A16DB4
:105C6000C1719A6108210BF091FD11F063FD0028CC
:105C7000FBD0024B4FF400225A6138BD0080004136
:105C80005095012038B50446D1485A230370A52306
:105C90004370072383708223C37014230371A623E8
:105CA000437100238371C371636F1A0A02724372D6
:105CB000C84B4FF400229A610A210BF067FD11F0E6
:105CC00039FD0028FBD0C34B4FF400225A61C04875
:105CD0005A210170A5214170052181708221C17076
:105CE00014210171CE21417100218171B4F8761027
:105CF000C1719A6108210BF049FD11F01BFD0028CC
:105D0000FBD0B44B4FF400225A61B1485A210170C4
:105D1000A5214170052181708221C170142101717A
:105D2000AA21417100218171A16EC1719A6108217E
:105D30000BF02CFD11F0FEFC0028FBD0A54A4FF41F
:105D400000215161A2485A230370A5234370052303
:105D500083708223C37014230371AC234371002327
:105D60008371A36E1B0AC371916108210BF00EFDB4
:105D700011F0E0FC0028FBD0964B4FF400225A6152
:105D800093485A210170A52141700521817082211B
:105D9000C17014210171AE21417100218171B4F8EB
:105DA0006A10C1719A6108210BF0F0FC11F0C2FC7D
:105DB0000028FBD0874B4FF400225A6184485A21B7
:105DC0000170A5214170052181708221C1701421CB
:105DD0000171B021417100218171B4F87210C1715B
:105DE0009A6108210BF0D2FC11F0A4FC0028FBD032
:105DF000784A4FF40021516175485A230370A52356
:105E00004370052383708223C37014230371B2236C
:105E1000437100238371236F1B0AC37191610821B1
:105E20000BF0B4FC11F086FC0028FBD0694B4FF45A
:105E300000225A6166485A210170A521417005214E
:105E400081708221C17014210171B421417100213E
:105E50008171216FC1719A6108210BF097FC11F0DB
:105E600069FC0028FBD05B4A4FF40021516158487F
:105E70005A230370A5234370072383708223C370C2
:105E800014230371CA234371236E1D0E85711D0CEB
:105E9000C5711D0A0572437291610A210BF076FCEF
:105EA00011F048FC0028FBD04A4A4FF40021516110
:105EB00047485A230370A523437007238370822326
:105EC000C37014230371CF23437100238371C37103
:105ED0000372B4F87E30437291610A210BF056FCD4
:105EE00011F028FC0028FBD03A4B4FF400225A61F5
:105EF00037485A210170A521417007218170822104
:105F0000C17014210171C621417100218171C171DB
:105F1000E16F0D0A057241729A610A210BF036FC9D
:105F200011F008FC0028FBD02A4B4FF400225A61E4
:105F300027485A210170A5214170052181708221D5
:105F4000C17014210171B621417100218171616E0E
:105F5000C1719A6108210BF019FC11F0EBFB0028CC
:105F6000FBD01C4A4FF40021516119485A23037099
:105F7000A5234370052383708223C3701423037108
:105F8000B823437100238371636E1B0AC37191614F
:105F900008210BF0FBFB11F0CDFB0028FBD00D4BD3
:105FA0004FF400225A610A485A210170A52141701C
:105FB000052181708221C17014210171BA214171C2
:105FC00000218171B4F86610C1719A6104E000BFCC
:105FD000509501200080004108210BF0D7FB11F003
:105FE000A9FB0028FBD04C4B4FF400225A614B48D0
:105FF0005A210170A5214170052181708221C17053
:1060000014210171BC21417100218171B4F86E101D
:10601000C1719A6108210BF0B9FB11F08BFB0028CC
:10602000FBD03D4A4FF4002151613C485A23037094
:10603000A5234370052383708223C3701423037147
:10604000BE23437100238371E36E1B0AC371916108
:1060500008210BF09BFB11F06DFB0028FBD02E4BB1
:106060004FF400225A612D485A210170A521417038
:10607000052181708221C17014210171C0214171FB
:1060800000218171E16EC1719A6108210BF07EFBE4
:1060900011F050FB0028FBD01F4B4FF400225A6137
:1060A0001E485A210170A52141700521817082216D
:1060B000C17014210171C221417100218171B4F8B4
:1060C0007A10C1719A6108210BF060FB11F032FB6C
:1060D0000028FBD0104B4FF400225A610F485A2180
:1060E0000170A5214170052181708221C1701421A8
:1060F0000171C421417100218171A16FC1719A6147
:1061000008210BF043FB11F015FB0028FBD0024BDC
:106110004FF400225A6138BD0080004150950120A3
:1061200038B50446D1485A230370A523437007238A
:1061300083708223C37014230371A6234371002349
:106140008371C371636D1A0A02724372C84B4FF4B4
:1061500000229A610A210BF019FB11F0EBFA0028DA
:10616000FBD0C34B4FF400225A61C0485A21017042
:10617000A5214170052181708221C1701421017116
:10618000CE21417100218171B4F85610C1719A611C
:1061900008210BF0FBFA11F0CDFA0028FBD0B44B2C
:1061A0004FF400225A61B1485A210170A521417073
:1061B000052181708221C17014210171AA214171D0
:1061C00000218171A16CC1719A6108210BF0DEFA86
:1061D00011F0B0FA0028FBD0A54A4FF4002151611C
:1061E000A2485A230370A52343700523837082239A
:1061F000C37014230371AC23437100238371A36C18
:106200001B0AC371916108210BF0C0FA11F092FAD8
:106210000028FBD0964B4FF400225A6193485A2134
:106220000170A5214170052181708221C170142166
:106230000171AE21417100218171B4F84A10C17120
:106240009A6108210BF0A2FA11F074FA0028FBD031
:10625000874B4FF400225A6184485A210170A521CE
:106260004170052181708221C17014210171B0211A
:10627000417100218171B4F85210C1719A610821F5
:106280000BF084FA11F056FA0028FBD0784A4FF44C
:106290000021516175485A230370A52343700523DB
:1062A00083708223C37014230371B22343710023CC
:1062B0008371236D1B0AC371916108210BF066FA8B
:1062C00011F038FA0028FBD0694B4FF400225A61D4
:1062D00066485A210170A5214170052181708221F3
:1062E000C17014210171B421417100218171216DAE
:1062F000C1719A6108210BF049FA11F01BFA0028CC
:10630000FBD05B4A4FF40021516158485A23037077
:10631000A5234370072383708223C3701423037162
:10632000CA234371236C1D0E85711D0CC5711D0A96
:106330000572437291610A210BF028FA11F0FAF903
:106340000028FBD04A4A4FF40021516147485A23A4
:106350000370A5234370072383708223C370142323
:106360000371CF23437100238371C3710372B4F8A7
:106370005E30437291610A210BF008FA11F0DAF9EC
:106380000028FBD03A4B4FF400225A6137485A217B
:106390000170A5214170072181708221C1701421F3
:1063A0000171C621417100218171C171E16D0D0A38
:1063B000057241729A610A210BF0E8F911F0BAF9FD
:1063C0000028FBD02A4B4FF400225A6127485A215B
:1063D0000170A5214170052181708221C1701421B5
:1063E0000171B621417100218171616CC1719A61A5
:1063F00008210BF0CBF911F09DF90028FBD01C4AC5
:106400004FF40021516119485A230370A5234370AA
:10641000052383708223C37014230371B82343714F
:1064200000238371636C1B0AC371916108210BF017
:10643000ADF911F07FF90028FBD00D4B4FF400228D
:106440005A610A485A210170A521417005218170C5
:106450008221C17014210171BA2141710021817121
:10646000B4F84610C1719A6104E000BF5095012054
:106470000080004108210BF089F911F05BF9002838
:10648000FBD04C4B4FF400225A614B485A2101700B
:10649000A5214170052181708221C17014210171F3
:1064A000BC21417100218171B4F84E10C1719A6113
:1064B00008210BF06BF911F03DF90028FBD03D4AA3
:1064C0004FF4002151613C485A230370A5234370C7
:1064D000052383708223C37014230371BE23437189
:1064E00000238371E36C1B0AC371916108210BF0D7
:1064F0004DF911F01FF90028FBD02E4B4FF400226C
:106500005A612D485A210170A521417005218170E1
:106510008221C17014210171C0214171002181715A
:10652000E16CC1719A6108210BF030F911F002F9A8
:106530000028FBD01F4B4FF400225A611E485A21FD
:106540000170A5214170052181708221C170142143
:106550000171C221417100218171B4F85A10C171D9
:106560009A6108210BF012F911F0E4F80028FBD031
:10657000104B4FF400225A610F485A210170A52197
:106580004170052181708221C17014210171C421E3
:10659000417100218171A16DC1719A6108210BF0D7
:1065A000F5F811F0C7F80028FBD0024B4FF4002299
:1065B0005A6138BD008000415095012038B504462D
:1065C000D1485A230370A523437007238370822385
:1065D000C37014230371A623437100238371C37115
:1065E000636F1A0A02724372C84B4FF400229A6119
:1065F0000A210BF0CBF811F09DF80028FBD0C34B1B
:106600004FF400225A61C0485A210170A5214170FF
:10661000052181708221C17014210171CE21417147
:1066200000218171B4F87610C1719A6108210BF0D4
:10663000ADF811F07FF80028FBD0B44B4FF40022E6
:106640005A61B1485A210170A5214170052181701C
:106650008221C17014210171AA214171002181712F
:10666000A16EC1719A6108210BF090F811F062F8E7
:106670000028FBD0A54A4FF400215161A2485A23BB
:106680000370A5234370052383708223C3701423F2
:106690000371AC23437100238371A36E1B0AC37182
:1066A000916108210BF072F811F044F80028FBD03A
:1066B000964B4FF400225A6193485A210170A5214C
:1066C0004170052181708221C17014210171AE21B8
:1066D000417100218171B4F86A10C1719A61082179
:1066E0000BF054F811F026F80028FBD0874B4FF43C
:1066F00000225A6184485A210170A5214170052168
:1067000081708221C17014210171B0214171002179
:106710008171B4F87210C1719A6108210BF036F8DA
:1067200011F008F80028FBD0784A4FF4002151619D
:1067300075485A230370A523437005238370822371
:10674000C37014230371B223437100238371236F39
:106750001B0AC371916108210BF018F810F0EAFFD1
:106760000028FBD0694B4FF400225A6166485A2139
:106770000170A5214170052181708221C170142111
:106780000171B421417100218171216FC1719A6140
:1067900008210AF0FBFF10F0CDFF0028FBD05B4A78
:1067A0004FF40021516158485A230370A5234370C8
:1067B000072383708223C37014230371CA23437198
:1067C000236E1D0E85711D0CC5711D0A0572437265
:1067D00091610A210AF0DAFF10F0ACFF0028FBD02B
:1067E0004A4A4FF40021516147485A230370A523B8
:1067F0004370072383708223C37014230371CF2354
:10680000437100238371C3710372B4F87E30437205
:1068100091610A210AF0BAFF10F08CFF0028FBD02A
:106820003A4B4FF400225A6137485A210170A52192
:106830004170072181708221C17014210171C6212C
:10684000417100218171C171E16F0D0A05724172C0
:106850009A610A210AF09AFF10F06CFF0028FBD021
:106860002A4B4FF400225A6127485A210170A52172
:106870004170052181708221C17014210171B621FE
:10688000417100218171616EC1719A6108210AF024
:106890007DFF10F04FFF0028FBD01C4A4FF4002171
:1068A000516119485A230370A5234370052383704F
:1068B0008223C37014230371B823437100238371AF
:1068C000636E1B0AC371916108210AF05FFF10F02B
:1068D00031FF0028FBD00D4B4FF400225A610A48CB
:1068E0005A210170A5214170052181708221C1705A
:1068F00014210171BA21417100218171B4F866102F
:10690000C1719A6104E000BF5095012000800041F0
:1069100008210AF03BFF10F00DFF0028FBD04C4B84
:106920004FF400225A614B485A210170A521417051
:10693000052181708221C17014210171BC21417136
:1069400000218171B4F86E10C1719A6108210AF0BA
:106950001DFF10F0EFFE0028FBD03D4A4FF4002150
:1069600051613C485A230370A5234370052383706B
:106970008223C37014230371BE23437100238371E8
:10698000E36E1B0AC371916108210AF0FFFE10F04B
:10699000D1FE0028FBD02E4B4FF400225A612D4827
:1069A0005A210170A5214170052181708221C17099
:1069B00014210171C021417100218171E16EC17109
:1069C0009A6108210AF0E2FE10F0B4FE0028FBD024
:1069D0001F4B4FF400225A611E485A210170A52115
:1069E0004170052181708221C17014210171C22181
:1069F000417100218171B4F87A10C1719A61082146
:106A00000AF0C4FE10F096FE0028FBD0104B4FF4A5
:106A100000225A610F485A210170A52141700521B9
:106A200081708221C17014210171C4214171002142
:106A30008171A16FC1719A6108210AF0A7FE10F05F
:106A400079FE0028FBD0024B4FF400225A6138BD7A
:106A5000008000415095012038B50446CD485A23A6
:106A60000370A5234370072383708223C37014230C
:106A70000371A623437100238371C37163691A0AEA
:106A800002724372C44B4FF400229A610A210AF049
:106A90007DFE10F04FFE0028FBD0BF4B4FF40022CC
:106AA0005A61BC485A210170A521417005218170AD
:106AB0008221C17014210171CE21417100218171A7
:106AC000E18AC1719A6108210AF060FE10F032FE7D
:106AD0000028FBD0B04B4FF400225A61AD485A2138
:106AE0000170A5214170052181708221C17014219E
:106AF0000171AA21417100218171A168C1719A615E
:106B000008210AF043FE10F015FE0028FBD0A24A2F
:106B10004FF4002151619F485A230370A52343700D
:106B2000052383708223C37014230371AC23437144
:106B300000238371A3681B0AC371916108210AF0C5
:106B400025FE10F0F7FD0028FBD0934B4FF40022F8
:106B50005A6190485A210170A52141700521817028
:106B60008221C17014210171AE2141710021817116
:106B70006189C1719A6108210AF008FE10F0DAFDFE
:106B80000028FBD0844B4FF400225A6181485A21DF
:106B90000170A5214170052181708221C1701421ED
:106BA0000171B021417100218171618AC1719A61C5
:106BB00008210AF0EBFD10F0BDFD0028FBD0764A5D
:106BC0004FF40021516173485A230370A523437089
:106BD000052383708223C37014230371B22343718E
:106BE0000023837123691B0AC371916108210AF094
:106BF000CDFD10F09FFD0028FBD0674B4FF4002225
:106C00005A6164485A210170A521417005218170A3
:106C10008221C17014210171B4214171002181715F
:106C20002169C1719A6108210AF0B0FD10F082FD5E
:106C30000028FBD0584A4FF40021516155485A238F
:106C40000370A5234370072383708223C37014232A
:106C50000371CA234371E37883716388C371236826
:106C60001B0A03722368437291610A210AF08EFDA8
:106C700010F060FD0028FBD0474A4FF4002151611D
:106C800044485A230370A52343700723837082234B
:106C9000C37014230371CF23437100238371C37125
:106CA0000372E38B437291610A210AF06FFD10F0C9
:106CB00041FD0028FBD0384B4FF400225A61354883
:106CC0005A210170A5214170072181708221C17074
:106CD00014210171C621417100218171C171E169E5
:106CE0000D0A057241729A610A210AF04FFD10F0F7
:106CF00021FD0028FBD0284B4FF400225A61254883
:106D00005A210170A5214170052181708221C17035
:106D100014210171B6214171002181716168C17135
:106D20009A6108210AF032FD10F004FD0028FBD022
:106D3000194A4FF40021516116485A230370A523C4
:106D40004370052383708223C37014230371B82317
:106D500043710023837163681B0AC3719161082129
:106D60000AF014FD10F0E6FC0028FBD00A4B4FF4AB
:106D700000225A6107485A210170A521417005215E
:106D800081708221C17014210171BA2141710021E9
:106D9000817103E05095012000800041E188C171BC
:106DA0009A6108210AF0F2FC10F0C4FC0028FBD024
:106DB0004B4B4FF400225A614A485A210170A521D9
:106DC0004170052181708221C17014210171BC21A3
:106DD000417100218171E189C1719A6108210AF034
:106DE000D5FC10F0A7FC0028FBD03D4A4FF4002151
:106DF00051613C485A230370A523437005238370D7
:106E00008223C37014230371BE2343710023837153
:106E1000E3681B0AC371916108210AF0B7FC10F006
:106E200089FC0028FBD02E4B4FF400225A612D48DC
:106E30005A210170A5214170052181708221C17004
:106E400014210171C021417100218171E168C1717A
:106E50009A6108210AF09AFC10F06CFC0028FBD023
:106E60001F4B4FF400225A611E485A210170A52180
:106E70004170052181708221C17014210171C221EC
:106E8000417100218171618BC1719A6108210AF001
:106E90007DFC10F04FFC0028FBD0114B4FF400227A
:106EA0005A6110485A210170A52141700521817055
:106EB0008221C17014210171C421417100218171AD
:106EC000A169C1719A6108210AF060FC10F032FCDE
:106ED0000028FBD0024B4FF400225A6138BD00BF9E
:106EE000008000415095012038B50446CD485A2312
:106EF0000370A5234370072383708223C370142378
:106F00000371A623437100238371C37163691A0A55
:106F100002724372C44B4FF400229A610A210AF0B4
:106F200035FC10F007FC0028FBD0BF4B4FF40022CB
:106F30005A61BC485A210170A52141700521817018
:106F40008221C17014210171CE2141710021817112
:106F5000E18AC1719A6108210AF018FC10F0EAFB7D
:106F60000028FBD0B04B4FF400225A61AD485A21A3
:106F70000170A5214170052181708221C170142109
:106F80000171AA21417100218171A168C1719A61C9
:106F900008210AF0FBFB10F0CDFB0028FBD0A24A31
:106FA0004FF4002151619F485A230370A523437079
:106FB000052383708223C37014230371AC234371B0
:106FC00000238371A3681B0AC371916108210AF031
:106FD000DDFB10F0AFFB0028FBD0934B4FF40022F9
:106FE0005A6190485A210170A52141700521817094
:106FF0008221C17014210171AE2141710021817182
:107000006189C1719A6108210AF0C0FB10F092FBFE
:107010000028FBD0844B4FF400225A6181485A214A
:107020000170A5214170052181708221C170142158
:107030000171B021417100218171618AC1719A6130
:1070400008210AF0A3FB10F075FB0028FBD0764A5C
:107050004FF40021516173485A230370A5234370F4
:10706000052383708223C37014230371B2234371F9
:107070000023837123691B0AC371916108210AF0FF
:1070800085FB10F057FB0028FBD0674B4FF4002224
:107090005A6164485A210170A5214170052181700F
:1070A0008221C17014210171B421417100218171CB
:1070B0002169C1719A6108210AF068FB10F03AFB5E
:1070C0000028FBD0584A4FF40021516155485A23FB
:1070D0000370A5234370072383708223C370142396
:1070E0000371CA234371E37883716388C371236892
:1070F0001B0A03722368437291610A210AF046FB5E
:1071000010F018FB0028FBD0474A4FF400215161D2
:1071100044485A230370A5234370072383708223B6
:10712000C37014230371CF23437100238371C37190
:107130000372E38B437291610A210AF027FB10F07E
:10714000F9FA0028FBD0384B4FF400225A61354839
:107150005A210170A5214170072181708221C170DF
:1071600014210171C621417100218171C171E16950
:107170000D0A057241729A610A210AF007FB10F0AC
:10718000D9FA0028FBD0284B4FF400225A61254839
:107190005A210170A5214170052181708221C170A1
:1071A00014210171B6214171002181716168C171A1
:1071B0009A6108210AF0EAFA10F0BCFA0028FBD024
:1071C000194A4FF40021516116485A230370A52330
:1071D0004370052383708223C37014230371B82383
:1071E00043710023837163681B0AC3719161082195
:1071F0000AF0CCFA10F09EFA0028FBD00A4B4FF4AC
:1072000000225A6107485A210170A52141700521C9
:1072100081708221C17014210171BA214171002154
:10722000817103E05095012000800041E188C17127
:107230009A6108210AF0AAFA10F07CFA0028FBD023
:107240004B4B4FF400225A614A485A210170A52144
:107250004170052181708221C17014210171BC210E
:10726000417100218171E189C1719A6108210AF09F
:107270008DFA10F05FFA0028FBD03D4A4FF4002150
:1072800051613C485A230370A52343700523837042
:107290008223C37014230371BE23437100238371BF
:1072A000E3681B0AC371916108210AF06FFA10F0BC
:1072B00041FA0028FBD02E4B4FF400225A612D4892
:1072C0005A210170A5214170052181708221C17070
:1072D00014210171C021417100218171E168C171E6
:1072E0009A6108210AF052FA10F024FA0028FBD023
:1072F0001F4B4FF400225A611E485A210170A521EC
:107300004170052181708221C17014210171C22157
:10731000417100218171618BC1719A6108210AF06C
:1073200035FA10F007FA0028FBD0114B4FF4002279
:107330005A6110485A210170A521417005218170C0
:107340008221C17014210171C42141710021817118
:10735000A169C1719A6108210AF018FA10F0EAF9DE
:107360000028FBD0024B4FF400225A6138BD00BF09
:10737000008000415095012038B50446CD485A237D
:107380000370A5234370072383708223C3701423E3
:107390000371A623437100238371C37163691A0AC1
:1073A00002724372C44B4FF400229A610A210AF020
:1073B000EDF910F0BFF90028FBD0BF4B4FF40022CD
:1073C0005A61BC485A210170A52141700521817084
:1073D0008221C17014210171CE214171002181717E
:1073E000E18AC1719A6108210AF0D0F910F0A2F97E
:1073F0000028FBD0B04B4FF400225A61AD485A210F
:107400000170A5214170052181708221C170142174
:107410000171AA21417100218171A168C1719A6134
:1074200008210AF0B3F910F085F90028FBD0A24A30
:107430004FF4002151619F485A230370A5234370E4
:10744000052383708223C37014230371AC2343711B
:1074500000238371A3681B0AC371916108210AF09C
:1074600095F910F067F90028FBD0934B4FF40022F8
:107470005A6190485A210170A521417005218170FF
:107480008221C17014210171AE21417100218171ED
:107490006189C1719A6108210AF078F910F04AF9FE
:1074A0000028FBD0844B4FF400225A6181485A21B6
:1074B0000170A5214170052181708221C1701421C4
:1074C0000171B021417100218171618AC1719A619C
:1074D00008210AF05BF910F02DF90028FBD0764A5C
:1074E0004FF40021516173485A230370A523437060
:1074F000052383708223C37014230371B223437165
:107500000023837123691B0AC371916108210AF06A
:107510003DF910F00FF90028FBD0674B4FF4002223
:107520005A6164485A210170A5214170052181707A
:107530008221C17014210171B42141710021817136
:107540002169C1719A6108210AF020F910F0F2F85E
:107550000028FBD0584A4FF40021516155485A2366
:107560000370A5234370072383708223C370142301
:107570000371CA234371E37883716388C3712368FD
:107580001B0A03722368437291610A210AF0FEF814
:1075900010F0D0F80028FBD0474A4FF40021516189
:1075A00044485A230370A523437007238370822322
:1075B000C37014230371CF23437100238371C371FC
:1075C0000372E38B437291610A210AF0DFF810F035
:1075D000B1F80028FBD0384B4FF400225A613548EF
:1075E0005A210170A5214170072181708221C1704B
:1075F00014210171C621417100218171C171E169BC
:107600000D0A057241729A610A210AF0BFF810F062
:1076100091F80028FBD0284B4FF400225A612548EE
:107620005A210170A5214170052181708221C1700C
:1076300014210171B6214171002181716168C1710C
:107640009A6108210AF0A2F810F074F80028FBD023
:10765000194A4FF40021516116485A230370A5239B
:107660004370052383708223C37014230371B823EE
:1076700043710023837163681B0AC3719161082100
:107680000AF084F810F056F80028FBD00A4B4FF4AB
:1076900000225A6107485A210170A5214170052135
:1076A00081708221C17014210171BA2141710021C0
:1076B000817103E05095012000800041E188C17193
:1076C0009A6108210AF062F810F034F80028FBD023
:1076D0004B4B4FF400225A614A485A210170A521B0
:1076E0004170052181708221C17014210171BC217A
:1076F000417100218171E189C1719A6108210AF00B
:1077000045F810F017F80028FBD03D4A4FF400214F
:1077100051613C485A230370A523437005238370AD
:107720008223C37014230371BE234371002383712A
:10773000E3681B0AC371916108210AF027F80FF072
:10774000F9FF0028FBD02E4B4FF400225A612D4840
:107750005A210170A5214170052181708221C170DB
:1077600014210171C021417100218171E168C17151
:107770009A6108210AF00AF80FF0DCFF0028FBD01C
:107780001F4B4FF400225A611E485A210170A52157
:107790004170052181708221C17014210171C221C3
:1077A000417100218171618BC1719A61082109F0D9
:1077B000EDFF0FF0BFFF0028FBD0114B4FF400226C
:1077C0005A6110485A210170A5214170052181702C
:1077D0008221C17014210171C42141710021817184
:1077E000A169C1719A61082109F0D0FF0FF0A2FFD1
:1077F0000028FBD0024B4FF400225A6138BD00BF75
:10780000008000415095012038B50446CD485A23E8
:107810000370A5234370072383708223C37014234E
:107820000371A623437100238371C37163691A0A2C
:1078300002724372C44B4FF400229A610A2109F08C
:10784000A5FF0FF077FF0028FBD0BF4B4FF40022BD
:107850005A61BC485A210170A521417005218170EF
:107860008221C17014210171CE21417100218171E9
:10787000E18AC1719A61082109F088FF0FF05AFF6F
:107880000028FBD0B04B4FF400225A61AD485A217A
:107890000170A5214170052181708221C1701421E0
:1078A0000171AA21417100218171A168C1719A61A0
:1078B000082109F06BFF0FF03DFF0028FBD0A24A22
:1078C0004FF4002151619F485A230370A523437050
:1078D000052383708223C37014230371AC23437187
:1078E00000238371A3681B0AC3719161082109F009
:1078F0004DFF0FF01FFF0028FBD0934B4FF40022E9
:107900005A6190485A210170A5214170052181706A
:107910008221C17014210171AE2141710021817158
:107920006189C1719A61082109F030FF0FF002FFEF
:107930000028FBD0844B4FF400225A6181485A2121
:107940000170A5214170052181708221C17014212F
:107950000171B021417100218171618AC1719A6107
:10796000082109F013FF0FF0E5FE0028FBD0764A4E
:107970004FF40021516173485A230370A5234370CB
:10798000052383708223C37014230371B2234371D0
:107990000023837123691B0AC3719161082109F0D7
:1079A000F5FE0FF0C7FE0028FBD0674B4FF4002216
:1079B0005A6164485A210170A521417005218170E6
:1079C0008221C17014210171B421417100218171A2
:1079D0002169C1719A61082109F0D8FE0FF0AAFE51
:1079E0000028FBD0584A4FF40021516155485A23D2
:1079F0000370A5234370072383708223C37014236D
:107A00000371CA234371E37883716388C371236868
:107A10001B0A03722368437291610A2109F0B6FEC2
:107A20000FF088FE0028FBD0474A4FF40021516137
:107A300044485A230370A52343700723837082238D
:107A4000C37014230371CF23437100238371C37167
:107A50000372E38B437291610A2109F097FE0FF0E4
:107A600069FE0028FBD0384B4FF400225A6135489C
:107A70005A210170A5214170072181708221C170B6
:107A800014210171C621417100218171C171E16927
:107A90000D0A057241729A610A2109F077FE0FF012
:107AA00049FE0028FBD0284B4FF400225A6125489C
:107AB0005A210170A5214170052181708221C17078
:107AC00014210171B6214171002181716168C17178
:107AD0009A61082109F05AFE0FF02CFE0028FBD015
:107AE000194A4FF40021516116485A230370A52307
:107AF0004370052383708223C37014230371B8235A
:107B000043710023837163681B0AC371916108216B
:107B100009F03CFE0FF00EFE0028FBD00A4B4FF49C
:107B200000225A6107485A210170A52141700521A0
:107B300081708221C17014210171BA21417100212B
:107B4000817103E05095012000800041E188C171FE
:107B50009A61082109F01AFE0FF0ECFD0028FBD015
:107B60004B4B4FF400225A614A485A210170A5211B
:107B70004170052181708221C17014210171BC21E5
:107B8000417100218171E189C1719A61082109F077
:107B9000FDFD0FF0CFFD0028FBD03D4A4FF4002142
:107BA00051613C485A230370A52343700523837019
:107BB0008223C37014230371BE2343710023837196
:107BC000E3681B0AC3719161082109F0DFFD0FF022
:107BD000B1FD0028FBD02E4B4FF400225A612D48F6
:107BE0005A210170A5214170052181708221C17047
:107BF00014210171C021417100218171E168C171BD
:107C00009A61082109F0C2FD0FF094FD0028FBD015
:107C10001F4B4FF400225A611E485A210170A521C2
:107C20004170052181708221C17014210171C2212E
:107C3000417100218171618BC1719A61082109F044
:107C4000A5FD0FF077FD0028FBD0114B4FF400226B
:107C50005A6110485A210170A52141700521817097
:107C60008221C17014210171C421417100218171EF
:107C7000A169C1719A61082109F088FD0FF05AFDD0
:107C80000028FBD0024B4FF400225A6138BD00BFE0
:107C9000008000415095012038B50446CE485A2353
:107CA0000370A5234370072383708223C3701423BA
:107CB0000371A623437100238371C371636B1A0A96
:107CC00002724372C54B4FF400229A610A2109F0F7
:107CD0005DFD0FF02FFD0028FBD0C04B4FF40022BC
:107CE0005A61BD485A210170A5214170052181705A
:107CF0008221C17014210171CE2141710021817155
:107D0000E18EC1719A61082109F040FD0FF012FD6A
:107D10000028FBD0B14B4FF400225A61AE485A21E3
:107D20000170A5214170052181708221C17014214B
:107D30000171AA21417100218171A16AC1719A6109
:107D4000082109F023FD0FF0F5FC0028FBD0A34A21
:107D50004FF400215161A0485A230370A5234370BA
:107D6000052383708223C37014230371AC234371F2
:107D700000238371A36A1B0AC3719161082109F072
:107D800005FD0FF0D7FC0028FBD0944B4FF40022E8
:107D90005A6191485A210170A521417005218170D5
:107DA0008221C17014210171AE21417100218171C4
:107DB000618DC1719A61082109F0E8FC0FF0BAFCED
:107DC0000028FBD0854B4FF400225A6182485A218B
:107DD0000170A5214170052181708221C17014219B
:107DE0000171B021417100218171618EC1719A616F
:107DF000082109F0CBFC0FF09DFC0028FBD0774A4E
:107E00004FF40021516174485A230370A523437035
:107E1000052383708223C37014230371B22343713B
:107E200000238371236B1B0AC3719161082109F040
:107E3000ADFC0FF07FFC0028FBD0684B4FF4002214
:107E40005A6165485A210170A52141700521817050
:107E50008221C17014210171B4214171002181710D
:107E6000216BC1719A61082109F090FC0FF062FC4E
:107E70000028FBD0594A4FF40021516156485A233B
:107E80000370A5234370072383708223C3701423D8
:107E90000371CA234371236A1D0E85711D0CC571C0
:107EA0001D0A0572437291610A2109F06FFC0FF0FF
:107EB00041FC0028FBD0494A4FF40021516146485B
:107EC0005A230370A5234370072383708223C37052
:107ED00014230371CF23437100238371C371037291
:107EE000E38F437291610A2109F050FC0FF022FCEC
:107EF0000028FBD0394B4FF400225A6136485A21F2
:107F00000170A5214170072181708221C170142167
:107F10000171C621417100218171C171E16B0D0AAE
:107F2000057241729A610A2109F030FC0FF002FCDF
:107F30000028FBD0294B4FF400225A6126485A21D1
:107F40000170A5214170052181708221C170142129
:107F50000171B621417100218171616AC1719A611B
:107F6000082109F013FC0FF0E5FB0028FBD01B4AA9
:107F70004FF40021516118485A230370A523437020
:107F8000052383708223C37014230371B8234371C4
:107F900000238371636A1B0AC3719161082109F090
:107FA000F5FB0FF0C7FB0028FBD00C4B4FF4002271
:107FB0005A6109485A210170A5214170052181703B
:107FC0008221C17014210171BA2141710021817196
:107FD000E18CC1719A6103E050950120008000415D
:107FE000082109F0D3FB0FF0A5FB0028FBD04B4B79
:107FF0004FF400225A614A485A210170A52141706C
:10800000052181708221C17014210171BC2141714F
:1080100000218171E18DC1719A61082109F0B6FBDF
:108020000FF088FB0028FBD03C4A4FF4002151613F
:108030003B485A230370A523437005238370822392
:10804000C37014230371BE23437100238371E36A59
:108050001B0AC3719161082109F098FB0FF06AFBBC
:108060000028FBD02D4B4FF400225A612C485A2196
:108070000170A5214170052181708221C1701421F8
:108080000171C021417100218171E16AC1719A6160
:10809000082109F07BFB0FF04DFB0028FBD01F4BA4
:1080A0004FF400225A611E485A210170A5214170E7
:1080B000052181708221C17014210171C221417199
:1080C00000218171618FC1719A61082109F05EFB05
:1080D0000FF030FB0028FBD0104B4FF400225A6108
:1080E0000F485A210170A52141700521817082211C
:1080F000C17014210171C421417100218171A16BF2
:10810000C1719A61082109F041FB0FF013FB0028AF
:10811000FBD0024B4FF400225A6138BD0080004171
:108120005095012038B50446CE485A230370A52344
:108130004370072383708223C37014230371A62323
:10814000437100238371C371636B1A0A0272437215
:10815000C54B4FF400229A610A2109F017FB0FF07A
:10816000E9FA0028FBD0C04B4FF400225A61BD4809
:108170005A210170A5214170052181708221C170B1
:1081800014210171CE21417100218171E18EC171F3
:108190009A61082109F0FAFA0FF0CCFA0028FBD016
:1081A000B14B4FF400225A61AE485A210170A5210B
:1081B0004170052181708221C17014210171AA21B1
:1081C000417100218171A16AC1719A61082109F090
:1081D000DDFA0FF0AFFA0028FBD0A34A4FF40021DC
:1081E0005161A0485A230370A5234370052383706F
:1081F0008223C37014230371AC2343710023837162
:10820000A36A1B0AC3719161082109F0BFFA0FF03C
:1082100091FA0028FBD0944B4FF400225A61914808
:108220005A210170A5214170052181708221C17000
:1082300014210171AE21417100218171618DC171E3
:108240009A61082109F0A2FA0FF074FA0028FBD015
:10825000854B4FF400225A6182485A210170A521B2
:108260004170052181708221C17014210171B021FA
:10827000417100218171618EC1719A61082109F0FB
:1082800085FA0FF057FA0028FBD0774A4FF4002107
:10829000516174485A230370A523437005238370EA
:1082A0008223C37014230371B223437100238371AB
:1082B000236B1B0AC3719161082109F067FA0FF063
:1082C00039FA0028FBD0684B4FF400225A61654808
:1082D0005A210170A5214170052181708221C17050
:1082E00014210171B421417100218171216BC1718F
:1082F0009A61082109F04AFA0FF01CFA0028FBD015
:10830000594A4FF40021516156485A230370A5235E
:108310004370072383708223C37014230371CA231D
:108320004371236A1D0E85711D0CC5711D0A0572EE
:10833000437291610A2109F029FA0FF0FBF9002834
:10834000FBD0494A4FF40021516146485A2303703B
:10835000A5234370072383708223C3701423037102
:10836000CF23437100238371C3710372E38F437280
:1083700091610A2109F00AFA0FF0DCF90028FBD01C
:10838000394B4FF400225A6136485A210170A52119
:108390004170072181708221C17014210171C621B1
:1083A000417100218171C171E16B0D0A0572417249
:1083B0009A610A2109F0EAF90FF0BCF90028FBD014
:1083C000294B4FF400225A6126485A210170A521F9
:1083D0004170052181708221C17014210171B62183
:1083E000417100218171616AC1719A61082109F0AE
:1083F000CDF90FF09FF90028FBD01B4A4FF4002164
:10840000516118485A230370A523437005238370D4
:108410008223C37014230371B82343710023837133
:10842000636A1B0AC3719161082109F0AFF90FF06B
:1084300081F90028FBD00C4B4FF400225A61094807
:108440005A210170A5214170052181708221C170DE
:1084500014210171BA21417100218171E18CC17136
:108460009A6103E05095012000800041082109F045
:108470008DF90FF05FF90028FBD04B4B4FF4002231
:108480005A614A485A210170A52141700521817025
:108490008221C17014210171BC21417100218171BF
:1084A000E18DC1719A61082109F070F90FF042F96C
:1084B0000028FBD03C4A4FF4002151613B485A232D
:1084C0000370A5234370052383708223C370142394
:1084D0000371BE23437100238371E36A1B0AC371D6
:1084E0009161082109F052F90FF024F90028FBD01E
:1084F0002D4B4FF400225A612C485A210170A521BE
:108500004170052181708221C17014210171C02147
:10851000417100218171E16AC1719A61082109F0FC
:1085200035F90FF007F90028FBD01F4B4FF400225C
:108530005A611E485A210170A521417005218170A0
:108540008221C17014210171C22141710021817108
:10855000618FC1719A61082109F018F90FF0EAF8EA
:108560000028FBD0104B4FF400225A610F485A21CB
:108570000170A5214170052181708221C1701421F3
:108580000171C421417100218171A16BC1719A6196
:10859000082109F0FBF80FF0CDF80028FBD0024BC2
:1085A0004FF400225A6138BD0080004150950120EF
:1085B00038B50446CE485A230370A52343700723D9
:1085C00083708223C37014230371A6234371002395
:1085D0008371C371636B1A0A02724372C54B4FF405
:1085E00000229A610A2109F0D1F80FF0A3F80028BF
:1085F000FBD0C04B4FF400225A61BD485A21017094
:10860000A5214170052181708221C1701421017161
:10861000CE21417100218171E18EC1719A610821E1
:1086200009F0B4F80FF086F80028FBD0B14B4FF4F6
:1086300000225A61AE485A210170A52141700521DE
:1086400081708221C17014210171AA214171002120
:108650008171A16AC1719A61082109F097F80FF040
:1086600069F80028FBD0A34A4FF400215161A048CB
:108670005A230370A5234370052383708223C3709C
:1086800014230371AC23437100238371A36A1B0A73
:10869000C3719161082109F079F80FF04BF80028B7
:1086A000FBD0944B4FF400225A6191485A2101703B
:1086B000A5214170052181708221C17014210171B1
:1086C000AE21417100218171618DC1719A610821D2
:1086D00009F05CF80FF02EF80028FBD0854B4FF422
:1086E00000225A6182485A210170A521417005215A
:1086F00081708221C17014210171B021417100216A
:108700008171618EC1719A61082109F03FF80FF003
:1087100011F80028FBD0774A4FF4002151617448CA
:108720005A230370A5234370052383708223C370EB
:1087300014230371B223437100238371236B1B0A3B
:10874000C3719161082109F021F80EF0F3FF0028B0
:10875000FBD0684B4FF400225A6165485A210170E2
:10876000A5214170052181708221C1701421017100
:10877000B421417100218171216BC1719A6108217D
:1087800009F004F80EF0D6FF0028FBD0594A4FF448
:108790000021516156485A230370A52343700723D3
:1087A00083708223C37014230371CA234371236A25
:1087B0001D0E85711D0CC5711D0A057243729161F4
:1087C0000A2108F0E3FF0EF0B5FF0028FBD0494A6C
:1087D0004FF40021516146485A230370A52343708A
:1087E000072383708223C37014230371CF23437143
:1087F00000238371C3710372E38F437291610A2175
:1088000008F0C4FF0EF096FF0028FBD0394B4FF460
:1088100000225A6136485A210170A5214170072172
:1088200081708221C17014210171C6214171002122
:108830008171C171E16B0D0A057241729A610A2161
:1088400008F0A4FF0EF076FF0028FBD0294B4FF470
:1088500000225A6126485A210170A5214170052144
:1088600081708221C17014210171B62141710021F2
:108870008171616AC1719A61082108F087FF0EF069
:1088800059FF0028FBD01B4A4FF4002151611848C2
:108890005A230370A5234370052383708223C3707A
:1088A00014230371B823437100238371636A1B0A85
:1088B000C3719161082108F069FF0EF03BFF0028A9
:1088C000FBD00C4B4FF400225A6109485A21017029
:1088D000A5214170052181708221C170142101718F
:1088E000BA21417100218171E18CC1719A6103E06B
:1088F0005095012000800041082108F047FF0EF04C
:1089000019FF0028FBD04B4B4FF400225A614A4814
:108910005A210170A5214170052181708221C17009
:1089200014210171BC21417100218171E18DC1715E
:108930009A61082108F02AFF0EF0FCFE0028FBD007
:108940003C4A4FF4002151613B485A230370A52350
:108950004370052383708223C37014230371BE23E5
:10896000437100238371E36A1B0AC371916108217B
:1089700008F00CFF0EF0DEFE0028FBD02D4B4FF46C
:1089800000225A612C485A210170A521417005210D
:1089900081708221C17014210171C02141710021B7
:1089A0008171E16AC1719A61082108F0EFFE0EF051
:1089B000C1FE0028FBD01F4B4FF400225A611E4815
:1089C0005A210170A5214170052181708221C17059
:1089D00014210171C221417100218171618FC17126
:1089E0009A61082108F0D2FE0EF0A4FE0028FBD008
:1089F000104B4FF400225A610F485A210170A521F3
:108A00004170052181708221C17014210171C4213E
:108A1000417100218171A16BC1719A61082108F037
:108A2000B5FE0EF087FE0028FBD0024B4FF400226B
:108A30005A6138BD008000415095012038B5044688
:108A4000CE485A230370A5234370072383708223E3
:108A5000C37014230371A623437100238371C37170
:108A6000636B1A0A02724372C54B4FF400229A617B
:108A70000A2108F08BFE0EF05DFE0028FBD0C04BF3
:108A80004FF400225A61BD485A210170A52141705E
:108A9000052181708221C17014210171CE214171A3
:108AA00000218171E18EC1719A61082108F06EFE8A
:108AB0000EF040FE0028FBD0B14B4FF400225A616B
:108AC000AE485A210170A521417005218170822193
:108AD000C17014210171AA21417100218171A16A23
:108AE000C1719A61082108F051FE0EF023FE0028A2
:108AF000FBD0A34A4FF400215161A0485A230370D0
:108B0000A5234370052383708223C370142303714C
:108B1000AC23437100238371A36A1B0AC371916163
:108B2000082108F033FE0EF005FE0028FBD0944B20
:108B30004FF400225A6191485A210170A5214170D9
:108B4000052181708221C17014210171AE21417112
:108B500000218171618DC1719A61082108F016FEB2
:108B60000EF0E8FD0028FBD0854B4FF400225A613F
:108B700082485A210170A52141700521817082210E
:108B8000C17014210171B021417100218171618E88
:108B9000C1719A61082108F0F9FD0EF0CBFD0028A3
:108BA000FBD0774A4FF40021516174485A23037077
:108BB000A5234370052383708223C370142303719C
:108BC000B223437100238371236B1B0AC37191612C
:108BD000082108F0DBFD0EF0ADFD0028FBD0684B4E
:108BE0004FF400225A6165485A210170A521417055
:108BF000052181708221C17014210171B42141715C
:108C000000218171216BC1719A61082108F0BEFDBC
:108C10000EF090FD0028FBD0594A4FF4002151611D
:108C200056485A230370A523437007238370822379
:108C3000C37014230371CA234371236A1D0E857107
:108C40001D0CC5711D0A0572437291610A2108F05D
:108C50009DFD0EF06FFD0028FBD0494A4FF4002126
:108C6000516146485A230370A5234370072383703C
:108C70008223C37014230371CF23437100238371B4
:108C8000C3710372E38F437291610A2108F07EFD84
:108C90000EF050FD0028FBD0394B4FF400225A61F2
:108CA00036485A210170A521417007218170822127
:108CB000C17014210171C621417100218171C171FE
:108CC000E16B0D0A057241729A610A2108F05EFD9E
:108CD0000EF030FD0028FBD0294B4FF400225A61E2
:108CE00026485A210170A5214170052181708221F9
:108CF000C17014210171B621417100218171616A35
:108D0000C1719A61082108F041FD0EF013FD0028A1
:108D1000FBD01B4A4FF40021516118485A230370BD
:108D2000A5234370052383708223C370142303712A
:108D3000B823437100238371636A1B0AC371916175
:108D4000082108F023FD0EF0F5FC0028FBD00C4BA9
:108D50004FF400225A6109485A210170A52141703F
:108D6000052181708221C17014210171BA214171E4
:108D700000218171E18CC1719A6103E0509501205D
:108D800000800041082108F001FD0EF0D3FC00280E
:108D9000FBD04B4B4FF400225A614A485A210170D4
:108DA000A5214170052181708221C17014210171BA
:108DB000BC21417100218171E18DC1719A6108214D
:108DC00008F0E4FC0EF0B6FC0028FBD03C4A4FF45F
:108DD000002151613B485A230370A52343700523AA
:108DE00083708223C37014230371BE234371002355
:108DF0008371E36A1B0AC3719161082108F0C6FC04
:108E00000EF098FC0028FBD02D4B4FF400225A6145
:108E10002C485A210170A5214170052181708221C1
:108E2000C17014210171C021417100218171E16A79
:108E3000C1719A61082108F0A9FC0EF07BFC0028A2
:108E4000FBD01F4B4FF400225A611E485A2101707B
:108E5000A5214170052181708221C1701421017109
:108E6000C221417100218171618FC1719A61082114
:108E700008F08CFC0EF05EFC0028FBD0104B4FF489
:108E800000225A610F485A210170A5214170052125
:108E900081708221C17014210171C42141710021AE
:108EA0008171A16BC1719A61082108F06FFC0EF00D
:108EB00041FC0028FBD0024B4FF400225A6138BD20
:108EC000008000415095012008B5D3485A23037013
:108ED000A5234370072383708223C3701423037177
:108EE000A623437100238371C37103724372CB4B7A
:108EF0004FF400229A610A2108F048FC0EF01AFC97
:108F00000028FBD0C54B4FF400225A61C2485A21B9
:108F10000170A5214170052181708221C170142149
:108F20000171CE21417100218171C1719A610821C5
:108F300008F02CFC0EF0FEFB0028FBD0B74B4FF4E2
:108F400000225A61B4485A210170A52141700521BF
:108F500081708221C17014210171AA214171002107
:108F60008171C1719A61082108F010FC0EF0E2FBDA
:108F70000028FBD0A94B4FF400225A61A6485A2181
:108F80000170A5214170052181708221C1701421D9
:108F90000171AC21417100218171C1719A61082177
:108FA00008F0F4FB0EF0C6FB0028FBD09B4B4FF4FF
:108FB00000225A6198485A210170A521417005216B
:108FC00081708221C17014210171AE214171002193
:108FD0008171C1719A61082108F0D8FB0EF0AAFBDB
:108FE0000028FBD08D4B4FF400225A618A485A2149
:108FF0000170A5214170052181708221C170142169
:109000000171B021417100218171C1719A61082102
:1090100008F0BCFB0EF08EFB0028FBD07F4B4FF41A
:1090200000225A617C485A210170A5214170052116
:1090300081708221C17014210171B221417100211E
:109040008171C1719A61082108F0A0FB0EF072FBDA
:109050000028FBD0714B4FF400225A616E485A2110
:109060000170A5214170052181708221C1701421F8
:109070000171B421417100218171C1719A6108218E
:1090800008F084FB0EF056FB0028FBD0634A4FF437
:109090000021516160485A230370A52343700723C0
:1090A00083708223C37014230371CA234371002386
:1090B0008371C3710372437291610A2108F066FBE8
:1090C0000EF038FB0028FBD0544A4FF400215161C8
:1090D00051485A230370A5234370072383708223CA
:1090E000C37014230371CF23437100238371C371B1
:1090F0000372437291610A2108F048FB0EF01AFBDB
:109100000028FBD0454A4FF40021516142485A23C0
:109110000370A5234370072383708223C370142335
:109120000371C623437100238371C37103724372B9
:1091300091610A2108F02AFB0EF0FCFA0028FBD00E
:10914000364B4FF400225A6133485A210170A52151
:109150004170052181708221C17014210171B621F5
:10916000417100218171C1719A61082108F00EFBE3
:109170000EF0E0FA0028FBD0284B4FF400225A6191
:1091800025485A210170A521417005218170822155
:10919000C17014210171B821417100218171C17127
:1091A0009A61082108F0F2FA0EF0C4FA0028FBD008
:1091B0001A4B4FF400225A6117485A210170A52119
:1091C0004170052181708221C17014210171BA2181
:1091D000417100218171C1719A61082108F0D6FAAC
:1091E0000EF0A8FA0028FBD00C4B4FF400225A6175
:1091F00009485A210170A521417005218170822101
:10920000C17014210171BC21417100218171C171B2
:109210009A61082104E000BF5095012000800041C0
:1092200008F0B4FA0EF086FA0028FBD03A4B4FF45F
:1092300000225A6139485A210170A5214170052147
:1092400081708221C17014210171BE214171002100
:109250008171C1719A61082108F098FA0EF06AFADA
:109260000028FBD02C4B4FF400225A612B485A2186
:109270000170A5214170052181708221C1701421E6
:109280000171C021417100218171C1719A61082170
:1092900008F07CFA0EF04EFA0028FBD01E4B4FF47B
:1092A00000225A611D485A210170A52141700521F3
:1092B00081708221C17014210171C221417100218C
:1092C0008171C1719A61082108F060FA0EF032FADA
:1092D0000028FBD0104B4FF400225A610F485A214E
:1092E0000170A5214170052181708221C170142176
:1092F0000171C421417100218171C1719A610821FC
:1093000008F044FA0EF016FA0028FBD0024B4FF496
:1093100000225A6108BD00BF008000415095012025
:1093200008B5D3485A230370A523437007238370DD
:109330008223C37014230371A62343710023837116
:10934000C37103724372CB4B4FF400229A610A211E
:1093500008F01CFA0EF0EEF90028FBD0C54B4FF4D4
:1093600000225A61C2485A210170A521417005218D
:1093700081708221C17014210171CE2141710021BF
:109380008171C1719A61082108F000FA0EF0D2F9DA
:109390000028FBD0B74B4FF400225A61B4485A2141
:1093A0000170A5214170052181708221C1701421B5
:1093B0000171AA21417100218171C1719A61082155
:1093C00008F0E4F90EF0B6F90028FBD0A94B4FF4F1
:1093D00000225A61A6485A210170A5214170052139
:1093E00081708221C17014210171AC214171002171
:1093F0008171C1719A61082108F0C8F90EF09AF9DB
:109400000028FBD09B4B4FF400225A6198485A2108
:109410000170A5214170052181708221C170142144
:109420000171AE21417100218171C1719A610821E0
:1094300008F0ACF90EF07EF90028FBD08D4B4FF40C
:1094400000225A618A485A210170A52141700521E4
:1094500081708221C17014210171B02141710021FC
:109460008171C1719A61082108F090F90EF062F9DA
:109470000028FBD07F4B4FF400225A617C485A21D0
:109480000170A5214170052181708221C1701421D4
:109490000171B221417100218171C1719A6108216C
:1094A00008F074F90EF046F90028FBD0714B4FF428
:1094B00000225A616E485A210170A5214170052190
:1094C00081708221C17014210171B4214171002188
:1094D0008171C1719A61082108F058F90EF02AF9DA
:1094E0000028FBD0634A4FF40021516160485A23A1
:1094F0000370A5234370072383708223C370142352
:109500000371CA23437100238371C37103724372D1
:1095100091610A2108F03AF90EF00CF90028FBD00D
:10952000544A4FF40021516151485A230370A52336
:109530004370072383708223C37014230371CF23E6
:10954000437100238371C3710372437291610A21D5
:1095500008F01CF90EF0EEF80028FBD0454A4FF455
:109560000021516142485A230370A5234370072309
:1095700083708223C37014230371C62343710023B5
:109580008371C3710372437291610A2108F0FEF87E
:109590000EF0D0F80028FBD0364B4FF400225A6171
:1095A00033485A210170A521417005218170822123
:1095B000C17014210171B621417100218171C17105
:1095C0009A61082108F0E2F80EF0B4F80028FBD008
:1095D000284B4FF400225A6125485A210170A521D9
:1095E0004170052181708221C17014210171B8215F
:1095F000417100218171C1719A61082108F0C6F89A
:109600000EF098F80028FBD01A4B4FF400225A6154
:1096100017485A210170A5214170052181708221CE
:10962000C17014210171BA21417100218171C17190
:109630009A61082108F0AAF80EF07CF80028FBD007
:109640000C4B4FF400225A6109485A210170A521A0
:109650004170052181708221C17014210171BC21EA
:10966000417100218171C1719A61082104E000BF3C
:10967000509501200080004108F088F80EF05AF85B
:109680000028FBD03A4B4FF400225A6139485A2146
:109690000170A5214170052181708221C1701421C2
:1096A0000171BE21417100218171C1719A6108214E
:1096B00008F06CF80EF03EF80028FBD02C4B4FF46D
:1096C00000225A612B485A210170A52141700521C1
:1096D00081708221C17014210171C021417100216A
:1096E0008171C1719A61082108F050F80EF022F8DA
:1096F0000028FBD01E4B4FF400225A611D485A210E
:109700000170A5214170052181708221C170142151
:109710000171C221417100218171C1719A610821D9
:1097200008F034F80EF006F80028FBD0104B4FF488
:1097300000225A610F485A210170A521417005216C
:1097400081708221C17014210171C42141710021F5
:109750008171C1719A61082108F018F80DF0EAFFD3
:109760000028FBD0024B4FF400225A6108BD00BF15
:10977000008000415095012080B590B01E2200214C
:1097800003A80EF067F8934D0024934E63E1934BCA
:109790001F680EF0EDF919230093234602460121BC
:1097A00038460AF051F87FE19DF81170022F31D050
:1097B000032F44D00D2F58D0042F6CD0052F00F06C
:1097C0008180062F00F09580072F00F0A880082FD9
:1097D00000F0BB80092F00F0CF800A2F00F0E3805B
:1097E0000B2F40F0318104238DF838308DF839404B
:1097F00008238DF83B3003238DF83A30234664224A
:109800000EA97748006805F077F8764B186807F0DE
:1098100043FA19E104238DF838308DF839408DF87A
:109820003A408DF83B40234664220EA96C480068FC
:1098300005F062F86B4B186807F02EFABAE70423BC
:109840008DF838308DF8394001238DF83A308DF895
:109850003B40234664220EA96148006805F04CF89D
:10986000604B186807F018FAA6E704238DF8383023
:109870008DF8394002238DF83A308DF83B4023466D
:1098800064220EA95648006805F036F8554B186852
:1098900007F002FA92E704238DF838308DF839404A
:1098A00001238DF83B3003238DF83A3023466422A0
:1098B0000EA94B48006805F01FF84A4B186807F0DE
:1098C000EBF97EE704238DF838308DF83940022318
:1098D0008DF83B3003238DF83A30234664220EA9DD
:1098E0003F48006805F008F83E4B186807F0D4F9C7
:1098F0006AE704238DF838308DF8394003238DF85A
:109900003B308DF83A30234664220EA93448006873
:1099100004F0F2FF334B186807F0BEF957E7042351
:109920008DF838308DF839408DF83B3003238DF8B1
:109930003A30234664220EA92948006804F0DCFF6F
:10994000284B186807F0A8F944E704238DF838304D
:109950008DF8394005238DF83B3003238DF83A30DC
:10996000234664220EA91E48006804F0C5FF1D4B63
:10997000186807F091F930E704238DF838308DF836
:10998000394006238DF83B3003238DF83A302346C7
:1099900064220EA91248006804F0AEFF114B18684B
:1099A00007F07AF91CE704238DF838308DF8394038
:1099B00007238DF83B3003238DF83A302346642289
:1099C0000EA90748006804F097FF064B186807F0D7
:1099D00063F939E0FC980120C39C0120989901208B
:1099E00064990120689901203378073BDBB2022B90
:1099F00040F29C803378023BDBB2042B40F29A8029
:109A000001238DF82C30022322460BA961480068FF
:109A100004F072FF0A2F79D15F4B1B78DBB2012B68
:109A200000F094805C4B1B78DBB2022B00F092803C
:109A3000172F00F09780182F00F09B80152F00F053
:109A40009F80162F00F0A180544B186807F024F96E
:109A500001200AF0B5FF22460DA9286805F06AF832
:109A600010B19DF83430337022460CA94C4B186865
:109A700005F060F818B19DF830204A4B1A70224664
:109A80000FA9494B186805F055F868B1474A137893
:109A900010A919449DF83C0001F8340C0133DBB2E5
:109AA0001370012B3FF473AE414B1B78012BCFD1C8
:109AB0003E4B1C703E4B1C709DF80C305A2BC7D18E
:109AC000364B186805F026FE9DF81030152B3FF434
:109AD0006BAE122BB8D19DF81170082F84D0092FCE
:109AE00098D1304B1B78073BDBB2022B26D92D4B8C
:109AF0001B78023BDBB2042B24D902238DF82C30D7
:109B000022460BA92348006804F0F6FE0D2F8FD1E2
:109B1000284B1B78DBB2012B20D0264B1B78DBB205
:109B2000022B88D1132008F061F984E72A2008F07D
:109B30005DF95FE7092008F059F961E72B2008F08B
:109B400055F9D4E7122008F051F9D6E70B2008F0B8
:109B50004DF967E70A2008F049F969E7142008F091
:109B600045F9DAE7144B03221A70187808F03EF929
:109B700064E7114B03221A70187808F037F960E790
:109B80000D4B187808F032F95EE70B4B187808F0A7
:109B90002DF959E754990120E69B0120A89901204D
:109BA00000990120D79C01209C990120049C012050
:109BB000FF9B0120E79B0120FB9C01202DE9F04148
:109BC000B6B0164CCA22002120460DF043FE144BBD
:109BD0001B682364134B1C680DF0CAFF49F6404311
:109BE0000093002302460121204609F02DFE0025A6
:109BF0000A4C04F1B0089EE09DF8283084F8C63085
:109C0000261D0BAF0FCF0FC60FCF0FC60FCF0FC63E
:109C100097E8070086E8070096E000BFFC8C01206B
:109C2000E09D0120389B0120CA21204607F05CFE00
:109C30000DF0A8FD0028FBD0B4F89630652B76D146
:109C4000A44B186805F066FDA34B186805F062FD8B
:109C5000A24B186805F05EFDA14B186805F05AFD8F
:109C6000A04B186805F056FD9F4B186805F052FD93
:109C70009E4B186805F04EFD9D4B186805F04AFD97
:109C80009C4B186805F046FD9B4B186805F042FD9B
:109C90009A4B186805F03EFD994B186805F03AFD9F
:109CA000984B186805F036FD974B186805F032FDA3
:109CB000964B186805F02EFD954B186805F02AFDA7
:109CC000944E306805F026FD934B186805F022FD90
:109CD000924B186805F01EFD914B186805F01AFDAF
:109CE000904B186805F016FD8F4B186805F012FDB3
:109CF0008E4B186805F00EFD8D4B186805F00AFDB7
:109D0000306805F007FD8B4B186805F003FD8A4BA2
:109D1000186805F0FFFC894B186805F0FBFC884BC0
:109D2000186806F0B9FF874B186805F0F3FC40F29D
:109D3000DC500AF045FE2A460AA9834B186804F055
:109D4000F9FE00287FF458AF4FF0AA332360BB23FD
:109D500084F8C9302A462DA97C4B186804F0EAFE25
:109D600098B19DF8B83084F8BA309DF8B93084F8CD
:109D7000BD30BDF8B630A4F8A630BDF8B430A4F8B4
:109D8000A2309DF8BA3084F8BF302A462BA9704B18
:109D9000186804F0CFFE98B19DF8B03084F8BB305D
:109DA0009DF8B13084F8BE30BDF8AE30A4F8A830CC
:109DB000BDF8AC30A4F8A4309DF8B23084F8C030BF
:109DC0002A462FA9634B186804F0B4FEB8B1BDF859
:109DD000BC30A4F89630BDF8BE30A4F89830BDF879
:109DE000C030A4F89A30BDF8C230A4F89C30BDF859
:109DF000C430A4F89E30BDF8C630A4F8A0302A467E
:109E000008A9554B186804F095FE20B108AB93E8FB
:109E1000030088E803002A4607A9504B186804F09D
:109E200089FE18B19DF81C3084F8B8304C4B1B6883
:109E3000C4F8C2302A4635A94A4B186804F07AFEA5
:109E400018B1BDF8D430A4F888302A4632A9464B60
:109E5000186804F06FFE98B1BDF8C830A4F88A30D5
:109E6000BDF8CA30A4F88C30BDF8CC30A4F88E30E0
:109E7000BDF8CE30A4F89030BDF8D030A4F89230C0
:109E80002A4604A9394B186804F054FE30B10498EE
:109E9000C4F8AA00BDF81430A4F8AE302A4606A9CA
:109EA000334B186804F046FE18B19DF8183084F85A
:109EB000B930304B1B88A4F894302F4B1B7884F8B2
:109EC000BC302A461AA92D4B186804F033FE00282E
:109ED0007AD055E0049B0120809B0120649A0120E8
:109EE000489A0120589A0120389A0120F8990120B7
:109EF0003C9A01204C9A0120E09801200899012009
:109F00000C990120109A0120E4980120149A012054
:109F1000A0990120189A01201C990120AC990120D8
:109F2000D49901200C9A012028990120DC9A012063
:109F300018990120BC990120789901208499012069
:109F4000C09901202C990120309901203C990120D1
:109F500040990120349901205899012054990120F9
:109F6000DC990120389901205C9901204899012051
:109F7000449901206E980120E99B01204C99012011
:109F80001D9B23651E9B63651F9BA365209BE3654B
:109F90001A9B63641B9BA3641C9BE364229B636604
:109FA000259B2367219B2366249BE366239BA36653
:109FB000269B6367299BC4F88030279BA367289B57
:109FC000E3672A9BC4F884302A4603A9074B186824
:109FD00004F0B0FD00283FF427AE9DF80C3084F863
:109FE000C7309DF80D3084F8C8301DE65099012027
:109FF0002DE98048A1B06422002101A80DF02AFCBF
:10A000008C4EDFF85CA2DFF85CB20BF148098A4F96
:10A01000DFF8548269E1DAF8000006F03DFE874B74
:10A02000186806F039FE6BE1854B9B78012B35D023
:10A03000844B1B78022B40F05181824B9B78012B83
:10A0400040F068810024804B1C7003238DF8793028
:10A050001D97234664221DA97C48006804F04CFC2F
:10A060000A200AF0ADFC8DF8704002238DF87130A3
:10A07000774A4FF48011C2F8181122461AA9754880
:10A08000006804F039FC40F6B8300AF099FC724BD5
:10A090001E221A706B4B1C809C703BE100246F4B9E
:10A0A0001C7003238DF87930CDF874802346642228
:10A0B0001DA96648006804F01FFC0A200AF080FC15
:10A0C0008DF8704001238DF87130614B4FF4002200
:10A0D000C3F81821022322461AA95E48006804F03A
:10A0E0000BFC40F6B8300AF06BFC1E23337001AC59
:10A0F0005D460FCD0FC40FCD0FC42B6824F8023B73
:10A100001B0C237001A80DF0ADFB014601A807F060
:10A1100003FB0DF0FFFA0028FBD0494B00221A8008
:10A120009A70F2E001AC0BF124050FCD0FC40FCDF6
:10A130000FC42B6824F8023B1B0C237001A80DF000
:10A1400091FB014601A807F0E7FA0DF0E3FA0028B9
:10A15000FBD03F4D4FF48033C5F8983004200BF00E
:10A16000F7F904200BF00AFA0024374B1C70032384
:10A170008DF879301D97234664221DA93348006865
:10A1800004F0BAFB0A200AF01BFC8DF87040022391
:10A190008DF871304FF48012C5F8182122461AA9A3
:10A1A0002C48006804F0A8FB40F6B8300AF008FC20
:10A1B000294B1B78DBB2132B02D9274B1E221A70B6
:10A1C0001F4B00241C809C704FF47A700AF0F8FB3F
:10A1D000224B1C7003238DF87930CDF87480234610
:10A1E00064221DA91948006804F086FB0A200AF0C1
:10A1F000E7FB8DF8704001238DF87130144B4FF45C
:10A200000022C3F81821022322461AA91148006827
:10A2100004F072FB40F6B8300AF0D2FB3378DBB2C0
:10A22000132B84BF1E233370054B00221A809A70B3
:10A2300075E000BFAD9B012002C4EC15849901209C
:10A24000C89B0120C49B0120D99B0120609A01205A
:10A2500000800041F4990120B19B0120D39B012093
:10A2600078990120584D010002C0EC15524B002492
:10A270001C809C704FF47A700AF0A2FB4F4B1C704C
:10A2800003238DF87930CDF87480234664221DA90C
:10A290004B48006804F030FB0A200AF091FB8DF86F
:10A2A000704001238DF87130464B4FF40022C3F803
:10A2B0001821022322461AA94348006804F01CFB17
:10A2C00040F6B8300AF07CFB3378DBB2132B84BF46
:10A2D0001E233370384B00221A809A703B4B18684B
:10A2E00005F018FA01200AF06BFB3378DBB2162B6D
:10A2F0003FF491AE364B1B78DBB2162B3FF48BAE9E
:10A300002D4B1B78012B3FF48FAE324B1B78022B69
:10A310003FF493AE284B1B78032B3FF403AF264B3F
:10A320001B78042BDAD101AC4D460FCD0FC40FCDF5
:10A330000FC42B6824F8023B1B0C237001A80DF0FE
:10A3400091FA014601A807F0E7F90DF0E3F90028BA
:10A35000FBD01C4D4FF48033C5F8983000241E4BC1
:10A360001C7003238DF879301D97234664221DA9A4
:10A370001348006804F0C0FA0A200AF021FB8DF8A7
:10A38000704002238DF871304FF48012C5F8182107
:10A3900022461AA90C48006804F0AEFA40F6B8301C
:10A3A0000AF00EFB0A4B1B78DBB2132B7FF65EAF75
:10A3B000074B1E221A7059E7C89B0120D39B01202E
:10A3C000609A012000800041F49901201899012031
:10A3D000B19B0120C49B0120D99B01202DE980481D
:10A3E00085B0002302930393DFF810B3DFF810A3C6
:10A3F00007E1AF4A002313605360AE4A1360536015
:10A40000AD4A13605360AD4A13605360AC4A137099
:10A41000FCE0AC4A002313605360AB4A1360536006
:10A42000AA4A13605360AA4A13605360A94A137082
:10A43000F1E0A94A934200F0188100F21D81033A2D
:10A44000934205D19A4B04AA12E9030083E8030062
:10A45000A24C002626606660DFF8A882C8F800409B
:10A460004023E37023689E4A62F31C03236008279D
:10A47000A7718F4BE51993E8030085E80300DFF827
:10A48000889299F800305A1C89F8002023722146DE
:10A49000012008F0EFFA01200AF092FA26606660C7
:10A4A000C8F800404023E37023688B4A62F31C0322
:10A4B0002360A7717F4B93E8030085E803002146E2
:10A4C000012008F0D7FA01200AF07AFA26606660C7
:10A4D000C8F800404023E3702368824A62F31C03FB
:10A4E0002360A771744B93E8030085E803002146BD
:10A4F000012008F0BFFA01200AF062FA26606660C7
:10A50000C8F800404023E37023686BF31C0323600A
:10A51000A7716A4B93E8030085E8030021460120F8
:10A5200008F0A8FA01200AF04BFA26606660C8F825
:10A5300000404023E37023686B4A62F31C032360EE
:10A54000A771604B93E8030085E8030099F8003099
:10A550005A1C89F8002023722146012008F08AFA4B
:10A5600001200AF02DFA26606660C8F800404023FA
:10A57000E37023686AF31C032360A771524B93E8CE
:10A58000030085E803002146012008F073FA01204A
:10A590000AF016FA26606660C8F800404023E370AF
:10A5A0002368524A62F31C032360A771474B93E868
:10A5B000030085E803002146012008F05BFA012032
:10A5C0000AF0FEF926606660C8F800404023E37098
:10A5D0002368474A62F31C032360A7713C4B93E84E
:10A5E000030085E803002146012008F043FA01201A
:10A5F0000AF0E6F93F4B186805F08CF801200AF0E4
:10A60000DFF92F4B1B78012B3FF4F3AE314B1B7856
:10A61000012B3FF4FEAE002201A9374B186804F06D
:10A6200089FA00283FF414AF019B5B452BD07FF6DD
:10A6300000AF53452ED00DD92C4A934231D0013270
:10A6400093427FF405AF224B04AA12E9030083E88A
:10A650000300FDE6244A93427FF4FAAE194B04AAA4
:10A6600012E9030083E80300F2E6124B04AA12E9A0
:10A67000030083E80300EBE60F4B04AA12E9030092
:10A6800083E80300E4E60D4B04AA12E9030083E823
:10A690000300DDE60C4B04AA12E9030083E8030083
:10A6A000D6E60A4B04AA12E9030083E80300CFE6CA
:10A6B000709701208897012090970120989701209A
:10A6C000D29B0120D8970120F0970120F897012014
:10A6D00000980120D89B012005C0EC15D0960120E0
:10A6E00002C0EC1506C0EC1502C4EC1506C4EC154E
:10A6F00007C4EC15649A0120609A012007C0EC158C
:10A7000005C4EC15849B0120FE9B01202DE9F0413E
:10A71000AEB0064615460591002705990B78002B2B
:10A7200000F0FA8000244FF0FF33CDE909430EAB6F
:10A730000C9380230B940D930B5D0BB1252B26D12D
:10A7400034B1224630460BF06DFE059B2344059341
:10A75000059B1A78252A40F0D78003F10108CDF82F
:10A760001480059803782B2B1AD025D8202B1BD0CA
:10A77000232B1DD02A2B27D008F039FE0B90059BE8
:10A780001A78303A092A2ED801330593F7E70134B5
:10A79000D2E7099B43F00103013009930590E0E7FC
:10A7A000099B43F00403F7E7099B43F00803F3E731
:10A7B000099B43F01003EFE72D2BEAD0302BD9D1C2
:10A7C000099B43F00203E7E72B681A1D1B682A6008
:10A7D0000130002B05900B9305DA099A5B4282F059
:10A7E000010209920B93099BDA0744BF23F002038D
:10A7F0000993059B1A782E2A0DD10022581C0A9223
:10A8000005905A782A2A25D1023305932B681A1D00
:10A810001B682A600A9305A809F0E2FF059B0390D4
:10A8200018780DF03CF86928039979D032DC632858
:10A8300000F0CB8019DC252800F0D980612853D0A6
:10A8400000234FF0FF32CDF8148009930B930A9246
:10A850000093D4E008F0CBFD0A90059B1A78303ABB
:10A86000092AD8D801330593F7E7642858D0672818
:10A87000E6DC2A4606A80BF0CAFA002800F0A18000
:10A88000059B5A1C05921B7806AA09A93046EBF7CE
:10A890008FFD38E0702873D015DC6E2800F08C80B6
:10A8A0006F28CDD12B46002206A805F02DFD0028EB
:10A8B00000F08780059B06AA013309A9304605935D
:10A8C0000DF00FFA1FE075283AD0782848D0732889
:10A8D000B6D1802975D1059B2A6801330593131DD4
:10A8E0002B60126800237DE02A4606A80BF08FFA41
:10A8F000002866D0059B5A1C05921B7806AA09A958
:10A9000030460DF0F0F904443C44A7427ADD3E4B5A
:10A910004F221A604FF0FF3738462EB0BDE8F08165
:10A920002B46012206A805F0EFFC002849D0059B24
:10A9300006AA013309A93046059305F03BFDE2E77D
:10A940002B46002206A805F0DFFC002839D0059B25
:10A9500006AA013309A9304605930DF0C2F9D2E7E2
:10A960002B46002206A805F0CFFC50B3059B5A1CCD
:10A9700005921B7806AA09A930460DF0B4F9C2E782
:10A980002B460022F02106A805F0BEFCC8B1059BAD
:10A9900001330593DDE9062313430BD11B480CF06B
:10A9A00061FF099B009319490B9B0246304606F054
:10A9B00099FBA8E77823DDE72B463A1906A806F0AD
:10A9C0008DFC059B013305939EE78029F9D1059BFA
:10A9D000013305932B681A1D1B682A608DF8183007
:10A9E00006AA012309A930460DF07FF98BE78029DB
:10A9F000E7D1059B01330593099B00930B9B044909
:10AA00000122D3E7274688E6A49B0120626B03005E
:10AA1000686B03002DE9F04F099F154604468E46EA
:10AA20001E46002B40F0CC808A42B2FA82FC4CD900
:10AA3000BCF1000F0BD0CCF1200801FA0CFE20FA7B
:10AA400008F802FA0CF548EA0E0E00FA0CF44FEA88
:10AA500015491FFA85F8BEFBF9FA210C09FB1AE328
:10AA60000AFB08FB41EA03439B452AD9EB180AF18C
:10AA7000FF3004D29B4502D9AAF102002B44A3EB7C
:10AA80000B03A4B2B3FBF9F209FB123302FB08F883
:10AA900044EA0344A04516D92C1902F1FF3303D22E
:10AAA000A04501D9931E2C44A4EB080443EA0040BE
:10AAB00027B124FA0CF400233C607B603146BDE8EA
:10AAC000F08F5046DBE71346EEE702B9FFDEBCF13C
:10AAD000000F2ED18B1A01264FEA154EAAB2B3FBF6
:10AAE000FEF8210C0EFB183308FB02F941EA034380
:10AAF000994561D9EB1808F1FF3004D2994502D984
:10AB0000A8F102002B44A3EB0903A4B2B3FBFEF1AE
:10AB10000EFB11334A4344EA0344A2424ED92C1996
:10AB200001F1FF3303D2A24201D98B1E2C44A41A97
:10AB3000BCE7CCF1200E02FA0CF521FA0EF901FA6D
:10AB40000CF320FA0EFE4EEA03034FEA154800FA12
:10AB50000CF4B9FBF8F11FFA85FE08FB1192180CF2
:10AB600001FB0EF640EA0242964221D9AA1801F1F1
:10AB7000FF3003D2964201D9881E2A44921B9BB211
:10AB8000B2FBF8F908FB192209FB0EFE43EA024367
:10AB90009E450FD9EB1809F1FF3604D29E4502D924
:10ABA000A9F102062B44A3EB0E0346EA004693E705
:10ABB0000846E3E74E46F6E74046A4E70B46B6E70D
:10ABC0008B4206D9002F7ED00026C7E9000130460F
:10ABD00074E7B3FA83FCBCF1000F0FD18B4201D3B1
:10ABE000824209D8841A61EB030E0120002F6DD038
:10ABF000C7E9004E002661E76046F7E7CCF1200E7A
:10AC000003FA0CF322FA0EF521FA0EF41D4301FAB1
:10AC10000CF320FA0EF10B434FEA154A00FA0CF63A
:10AC2000B4FBFAF91FFA85F80AFB19401C0C09FB62
:10AC300008F144EA0044A14202FA0CF23FD92C196F
:10AC400009F1FF3004D2A14202D9A9F102002C443B
:10AC5000641A9BB2B4FBFAF90AFB194409FB08F821
:10AC600043EA044188452CD9691809F1FF3304D21D
:10AC7000884502D9A9F10203294443EA0040A1EB27
:10AC80000801A0FB02894945C2464C4602D306D1C1
:10AC9000464504D2B8EB020A69EB05040138AFB1AE
:10ACA000B6EB0A0361EB040606FA0EFE23FA0CF378
:10ACB0004EEA030326FA0CF6C7E900369AE748463F
:10ACC000C6E74B46D9E73E463846F7E63E46F5E648
:10ACD00000B583B0A14E0024A14D89E0A14B1C70AA
:10ACE0000E232B70A04B4FF480729A6180225A6120
:10ACF00040225A61012009F063FE2B780E3B0D2B98
:10AD000073D8DFE813F0B300C400D500E600F70005
:10AD10000801720072007200720072007200190164
:10AD20006200914B4FF480725A6180229A614022F6
:10AD30005A61012009F044FEDFE78B4B4FF480722B
:10AD40005A6180225A6140229A61012009F038FE3E
:10AD5000D3E7854B4FF480729A6180229A6140223A
:10AD60005A61012009F02CFEC7E77F4B4FF4807237
:10AD70005A6180229A6140229A61012009F020FEE6
:10AD8000BBE7794B4FF480729A6180225A6140226E
:10AD90009A61012009F014FEAFE7734B4FF4807203
:10ADA0005A6180225A6140225A61012009F008FE4E
:10ADB000A3E76D4B4FF480729A6180229A61402222
:10ADC0009A61012009F0FCFD97E7674B4FF4804240
:10ADD000C3F898204FF40062C3F898204FF48062C3
:10ADE000C3F89820012009F0EBFD642009F0E8FD8C
:10ADF000224601A9306803F09DFE18B19DF8042099
:10AE0000584B1A7022466946584B186803F092FE58
:10AE100010B19DF800302B70554B1B78012B3FF47F
:10AE20005DAF504B1B780D2B3FF667AF01A252F878
:10AE300023F000BFE5AC020023AD02003BAD0200F1
:10AE400053AD02006BAD020083AD0200FBAC02000B
:10AE5000FBAC0200FBAC0200FBAC0200FBAC02004E
:10AE6000FBAC02009BAD0200B3AD02003E4B4FF4C1
:10AE70008042C3F898204FF40062C3F894204FF446
:10AE80008062C3F89420012009F09AFDADE7364BAB
:10AE90004FF48042C3F894204FF40062C3F8982026
:10AEA0004FF48062C3F89420012009F089FD9CE7EB
:10AEB0002D4B4FF48042C3F894204FF40062C3F846
:10AEC00094204FF48062C3F89820012009F078FDA7
:10AED0008BE7254B4FF48042C3F898204FF4006273
:10AEE000C3F898204FF48062C3F89420012009F041
:10AEF00067FD7AE71C4B4FF48042C3F894204FF46F
:10AF00000062C3F898204FF48062C3F898200120B3
:10AF100009F056FD69E7144B4FF48042C3F89820BE
:10AF20004FF40062C3F894204FF48062C3F8982075
:10AF3000012009F045FD58E70B4B4FF48042C3F860
:10AF400094204FF40062C3F894204FF48062C3F859
:10AF50009420012009F034FD47E700BFF498012058
:10AF60006D980120C79B012000800041F8980120C6
:10AF70000D9C01202DE9804885B0002302930393A6
:10AF8000DFF878A2DFF878B28C4C04F108078FE084
:10AF90008B4A0023136053608A4A136053608A4AC5
:10AFA00013605360894A137087E05B4500F0F880B6
:10AFB000874A934200F0FB80023A934200F0E98016
:10AFC000002626606660DFF82C92C9F80040402316
:10AFD000E37023686AF31C0323604FF0080884F8C9
:10AFE0000680794B93E8030087E80300214601209F
:10AFF00007F040FD012009F0E3FC26606660C9F817
:10B0000000404023E3702368724A62F31C0323600C
:10B0100084F80680704B93E8030087E803007F22E2
:10B020001A700125DD706D4A128822FA08F1197133
:10B030005A712146284607F01DFD284609F0C0FC3C
:10B0400026606660C9F800404023E37023686BF314
:10B050001C03236084F80680614B93E8030087E8B3
:10B0600003002146284607F005FD284609F0A8FC04
:10B0700026606660C9F800404023E3702368544AA4
:10B0800062F31C03236084F80680564B93E80300A8
:10B0900087E803002146284607F0ECFC284609F023
:10B0A0008FFC514B186804F035FB284609F088FCEA
:10B0B000464B1B78012B3FF46BAF002201A94B4B91
:10B0C000186803F037FD00283FF47AAF019B534521
:10B0D00058D03FF66AAF464A93424CD00132934271
:10B0E0007FF46EAF434E3460E37843F04003E37087
:10B0F00023683F4A62F31C032360A3794FF00808DA
:10B1000068F30303A3712E4BC0221A70A8225A7051
:10B1100000259D703622DA70304A12881A7122FAA0
:10B1200008F25A7193E8030087E8030021460120E2
:10B1300007F0A0FC012009F043FC224B04AA12E90D
:10B14000030083E803002560656034604022E270FC
:10B150002268294961F31C02226084F8068093E882
:10B16000030087E803002146012007F083FC01204B
:10B1700009F026FC24E7124B04AA12E9030083E835
:10B1800003001DE7104B04AA12E9030083E8030043
:10B1900016E7114B04AA12E9030083E803000FE746
:10B1A0000F4B04AA12E9030083E8030008E70D4BE4
:10B1B00004AA12E9030083E8030001E7D096012006
:10B1C000389801204098012048980120BD9B01201B
:10B1D00003D4EC1501D4EC1550980120AA9C012051
:10B1E0005898012060980120389A0120349A012053
:10B1F00001D0EC15849B012002D0EC1503D0EC1596
:10B2000002D4EC1500B585B08F4D904E904CA3E064
:10B21000904B1B78F3B933786BB1012B40F0AE80C3
:10B220000D238DF808300223002202A98A48006805
:10B2300003F062FB09E005238DF8083002230022A9
:10B2400002A98548006803F057FB824B1B78002B4E
:10B2500000F0948001238DF808300223002202A917
:10B260007D48006803F048FB88E07C4B1B78DBB22C
:10B27000142B18D9794B1B78DBB2162B7ED1784B67
:10B280001B78DBB1012B27D0764B1B78012B37D0F5
:10B290005AB272B3022B71D106200AF0F5FC714B41
:10B2A00000221A706AE001238DF808300223002280
:10B2B00002A96948006803F01FFBDBE7684B012225
:10B2C0001A700C238DF808300223002202A962486C
:10B2D000006803F011FBD7E701238DF80830002246
:10B2E0005F4B1A70022302A95B48006803F004FB5D
:10B2F000CAE700200AF0C8FC5A4B01221A703DE050
:10B3000003200AF0C1FC574B02221A7036E0564B5C
:10B310001B78002B59D1337863B1012B18D11B2333
:10B320008DF804300223002201A95048006803F080
:10B33000E3FA09E013238DF804300223002201A967
:10B340004A48006803F0D8FA474B1B78002B3CD1E1
:10B350004FF47A7009F034FB002203A9286803F047
:10B36000E9FB10B19DF80C303370237803F0FF0235
:10B37000002B3FF44DAF012A3FF477AF3C4B1B78D5
:10B3800003F0FF02002BC2D0012AE1D1394B1B7818
:10B39000DBB2142B24D9374B1B78DBB2162BD7D159
:10B3A000354B1B783BB3012B33D0344B1B78012B2F
:10B3B00043D05AB2002A39D0022BC9D106200AF054
:10B3C00079FC2E4B00221A70C2E70F238DF804304F
:10B3D0000223002201A92548006803F08DFAB7E78F
:10B3E0000F238DF804300223002201A91F480068B2
:10B3F00003F082FACFE7204B01221A701A238DF84E
:10B4000004300223002201A91848006803F074FAEE
:10B41000CBE70F238DF804300022174B1A7002235C
:10B4200001A91248006803F067FABEE700200AF09D
:10B4300041FC124B01221A708AE703200AF03AFC01
:10B440000E4B02221A7083E7B8990120DC9B012081
:10B45000D39B0120D49B0120F4980120AD9B0120B7
:10B46000F09B0120DB910120DA9B0120F89801205C
:10B47000D99B0120B19B0120F19B0120B79B0120AA
:10B480002DE9804885B0002302930393DFF85092A2
:10B49000DFF850B2DFF850A2BDE0834A002313600A
:10B4A0005360824A13605360814A13605360814A3B
:10B4B0001370B5E0804A0023136053607F4A136025
:10B4C00053607F4A136053607E4A1370ADE05B4562
:10B4D00000F0DC80534500F0E0807B4A934200F0AE
:10B4E000CE807A4C002626606660DFF80082C8F8BD
:10B4F00000404023E3702368754A62F31C03236015
:10B500000827A771684BE51993E8030085E8030055
:10B510002146012007F0AEFA012009F051FA266019
:10B520006660C8F800404023E3702368694A62F30C
:10B530001C032360A7715D4B93E8030085E80300BB
:10B540002146012007F096FA012009F039FA266019
:10B550006660C8F800404023E370236869F31C0369
:10B560002360A771524B93E8030085E8030021464E
:10B57000012007F07FFA012009F022FA26606660B8
:10B58000C8F800404023E37023684F4A62F31C036D
:10B590002360A771484B93E8030085E80300214628
:10B5A000012007F067FA012009F00AFA26606660B8
:10B5B000C8F800404023E37023686BF31C0323604A
:10B5C000A7713E4B93E8030085E803002146012064
:10B5D00007F050FA012009F0F3F926606660C8F818
:10B5E00000404023E37023686AF31C032360A771C3
:10B5F000334B93E8030085E803002146012007F060
:10B6000039FA012009F0DCF9334B186804F082F8AC
:10B61000012009F0D5F9274B1B78012B3FF43DAFF2
:10B62000284B1B78012B3FF445AF002201A92B4B7F
:10B63000186803F07FFA00283FF453AF019B4B4595
:10B6400016D03FF644AF224A93420AD002329342C8
:10B650007FF447AF154B04AA12E9030083E8030007
:10B660003FE7114B04AA12E9030083E8030038E71F
:10B670000F4B04AA12E9030083E8030031E70E4BE5
:10B6800004AA12E9030083E803002AE70B4B04AA8B
:10B6900012E9030083E8030023E7094B04AA12E937
:10B6A000030083E803001CE76897012078970120D6
:10B6B00080970120C19B0120D0970120E0970120B5
:10B6C000E8970120D69B012001C4EC15D0960120FB
:10B6D00001C0EC1503C0EC15489A0120449A0120E2
:10B6E00004C0EC1503C4EC1504C4EC15849B0120C4
:10B6F00030B591EA030F00F18280841A71EB030CDC
:10B7000005D2121953EB0C03001B71EB0C0140F234
:10B71000000CCFF6E07C1CEA430F52D0BCEB410F8B
:10B720005FD90C0DA4EB135E5FF0010C6CF31F519D
:10B730006CF31F53DEF1200C2AD303FA0CF54019E9
:10B7400041F1000122FA0EF5401923FA0EF5694184
:10B7500012FA0CF2CD0208D349085FEA30005FEA22
:10B76000320228BF42F001020134013C5FEA500C72
:10B7700072F1004250F1000051EB04514FF40013FC
:10B7800013EB410F38BF30BD6FF31301002030BD04
:10B79000BEF1200EBEF1200F1ED223FA0EF5401985
:10B7A00041F10001CEF1200C124218BF012203FA30
:10B7B0000CF52A43CEE711EA5C0F04BF00200021FC
:10B7C00030BD1CEA410F04BF01F00041002030BD34
:10B7D00001F00041002030BD21F4801101EB045143
:10B7E00030BD004218BF41F00101BCEB410F08BF62
:10B7F00030BD4FF0FE4141F47801002030BD83F0B0
:10B800000043841A71EB030E07D28EF0004E001B2A
:10B8100071EB0E01121953EB0E0340F2000CCFF640
:10B82000E07C1CEA430FC6D0BCEB410F72D90C0D73
:10B83000A4EB135EC90241EA5051C00241F000413D
:10B84000DB0243EA5253D20243F00043DEF1200C04
:10B8500041D312FA0CF522FA0EF203FA0CF542EA81
:10B86000050218BF42F0010223FA0EF3801A994133
:10B87000E30AC4F30A0411F0404F03D418D0013C8A
:10B8800040004941013C23D44205C00A40EA4150EE
:10B89000C90A51EAC3715FEA500C72F1004250F1DB
:10B8A000000051EB045130BD01002FD00020203C9E
:10B8B0000029F9D0B1FA81FCDCF1200E11FA0CF16B
:10B8C00030FA0EF510FA0CF02943A4EB0C04D9E77A
:10B8D0000020D90730BDAEF1200EBEF1200F0DD2F1
:10B8E000CEF1200C03FA0CF533FA0EF32A4318BFFD
:10B8F00043F00103C01A61F10001B9E721F00041F2
:10B90000C00A40EA4150C90A01EB045130BD002091
:10B91000002130BD004218BF41F00101BCEB410FD6
:10B920007FF467AFBCEB430F3FF463AF30BD7047AC
:10B930007F4B43F206625A611A46136913F0010FF6
:10B94000FBD07C4B00221A74A3F580637A4A9A6379
:10B950003B225A631A46D36B13F0040FFBD1744B8E
:10B96000022283F830201A46D36B13F0020FFBD16A
:10B970006F4A136C03F00303032BFAD16F4B0122C0
:10B980005A711A46D37813F0010FFBD06C4B6D4AF5
:10B990001A621A46536813F0040FFBD1684B6A4AC7
:10B9A0005A621A46536813F0080FFBD1644B674A7A
:10B9B0009A621A46536813F0100FFBD1604B412274
:10B9C000C3F890201A46D2F8903013F0400FFAD006
:10B9D0005B4B4122C3F8A0201A46D2F8A03013F0E6
:10B9E000400FFAD0564B4122C3F8A4201A46D2F891
:10B9F000A43013F0400FFAD0514B4122C3F8DC20A1
:10BA00001A46D2F8DC3013F0400FFAD04C4B4122EA
:10BA1000C3F8E0201A46D2F8E03013F0400FFAD015
:10BA2000474B4122C3F8E4201A46D2F8E43013F021
:10BA3000400FFAD0424B4122C3F8EC201A46D2F80C
:10BA4000EC3013F0400FFAD03D4B4222C3F8F02007
:10BA50001A46D2F8F03013F0400FFAD0384B41229A
:10BA6000C3F8F8201A46D2F8F83013F0400FFAD095
:10BA7000334B4122C3F808211A46D2F8083113F09B
:10BA8000400FFAD02E4B4122C3F80C211A46D2F8AF
:10BA90000C3113F0400FFAD0294B4122C3F810218A
:10BAA0001A46D2F8103113F0400FFAD0244B41223D
:10BAB000C3F814211A46D2F8143113F0400FFAD00B
:10BAC0001F4B4122C3F818211A46D2F8183113F03F
:10BAD000400FFAD01A4B4122C3F81C211A46D2F863
:10BAE0001C3113F0400FFAD0154B4122C3F820212E
:10BAF0001A46D2F8203113F0400FFAD0104B4122F1
:10BB0000C3F824211A46D2F8243113F0400FFAD09A
:10BB10000A4B6FF07F421A614AF2FF725A610C4A77
:10BB20009A614FF40152DA6140F2DF121A627047F3
:10BB300000100040001400404000070000080040D2
:10BB4000001C00400701010007010200060130004F
:10BB5000568E0100F0B581EA030E0EF0004E40F261
:10BB60000007CFF6E07717EA41051EBF95EA070FF9
:10BB700017EA430494EA070F00F0C5806D0DA5EBAA
:10BB8000545707F580674FF0004646EAC12444EA5F
:10BB90005054C00246EAC32343EA5253D202801AE9
:10BBA0009C4104D20018644180185C41013F5B084D
:10BBB0004FEA32020025002140F001004FF0070655
:10BBC00004E0801A9C4136D340416441801A9C4174
:10BBD00036D340416441801A9C4136D34041644190
:10BBE000801A9C4136D340416441801A9C4136D32F
:10BBF00040416441013E17D0801A9C4136D34041F8
:10BC00006441801A9C4136D340416441801A9C4172
:10BC100036D340416441090201EB156190EA0525E4
:10BC200020F0FF004540CCE7801A9C4156D335E018
:10BC300080185C41C8D20018644180185C41C8D2A9
:10BC40000018644180185C41C8D200186441801813
:10BC50005C41C8D20018644180185C41C8D2001809
:10BC60006441013E17D080185C41C8D2001864417D
:10BC700080185C41C8D20018644180185C41C8D269
:10BC800000186441090201EB156190EA052520F0D6
:10BC9000FF004540CCE780185C411FD3420918BF24
:10BCA00044F00104490101EBD56100F01F0000EBF5
:10BCB000451021F4801141EA0E01013041F10001EB
:10BCC000244208BF20F00100B7F5006F3EDA013FC3
:10BCD00049DD01EB0751BDE8F0407047490101EB38
:10BCE000D56100F01F0000EB451021F4801141EAFE
:10BCF0000E01B7F5006F29DA013F34DD01EB075182
:10BD0000BDE8F0407047004218BF41F00101124207
:10BD100018BF43F00103B7EB410F2CBFB7EB430F44
:10BD20001CE0B7EB410F04BFB7EB430F16E017EA77
:10BD3000410F04BF17EA430F10E017EA410F12D07A
:10BD400017EA430F02D0B7EB430F0CD04EF0FE4181
:10BD500041F470010020BDE8F04070474FF0FE4113
:10BD600041F47801F6E77146F4E7FEE72DE9F84380
:10BD700081460E4698469500284602F08BFC002826
:10BD800000F096800746542002F084FC0446002808
:10BD900000F08B80542200210BF05CFD27632A46C3
:10BDA000A52138460BF056FD043D236B1D4425F0BC
:10BDB00007058EB1337884F8343053B1334604F13B
:10BDC00034010F3613F8012F01F8012F0AB1B342E5
:10BDD000F8D1002384F84330089B042B28BF0423A8
:10BDE0001F46E3626364261D30460BF05BFF04F1DF
:10BDF00018000BF057FF2461C7F10503A3616462CB
:10BE000042464946284609F059FA2060099B03B189
:10BE10001C600AF02BFE424A136801331360414B49
:10BE20001B68002B48D0404B1B683BB93D4B1B683F
:10BE3000DA6AE36A9A429CBF3A4B1C603B4A136839
:10BE400001331360E36A3A49086801229A400243C9
:10BE50000A60384A03EB830302EB83035B68A36049
:10BE60009968E1604E609E60E06A81000B189B005B
:10BE7000D5186561014452F821100131D1500BF001
:10BE8000F7FA294B1B68002B46D0264B1B68DA6A51
:10BE9000E36A9A4242D2284B4FF080521A60BFF3B5
:10BEA0004F8FBFF36F8F012004E0384604F014FC7D
:10BEB0004FF0FF30BDE8F8831A4B1C60184B1B682D
:10BEC000012BBBD11B4D28460BF0FDF905F11400E9
:10BED0000BF0F9F905F128000BF0F5F905F13C003C
:10BEE0000BF0F1F905F150000BF0EDF9134F384666
:10BEF0000BF0E9F9124D28460BF0E5F911480BF06B
:10BF0000E2F911480BF0DFF910480BF0DCF9104BA7
:10BF10001F60104B1D6091E70120CBE70120C9E7AE
:10BF2000AC980120A0980120D0980120B898012059
:10BF3000BC9801202491012004ED00E0EC95012043
:10BF400000960120149601203C960120289601209D
:10BF5000A4980120A898012008B575485A230370B9
:10BF6000A5234370052383708223C37014230371B8
:10BF70000023437183710923C3716E4B4FF4002278
:10BF80009A61082105F002FC0BF0D4FB0028FBD0DD
:10BF9000684B4FF400225A6165485A210170A5216F
:10BFA0004170052181708221C1701421017141719C
:10BFB000002181710A21C1719A61082105F0E6FB17
:10BFC0000BF0B8FB0028FBD05A4B4FF400225A610B
:10BFD00057485A210170A5214170052181708221A5
:10BFE000C1701421017128214171002181710B213F
:10BFF000C1719A61082105F0C9FB0BF09BFB002879
:10C00000FBD04C4B4FF400225A6149485A21017031
:10C01000A5214170052181708221C1701421017117
:10C020003C214171002181710C21C1719A6108216B
:10C0300005F0ACFB0BF07EFB0028FBD03D4B4FF432
:10C0400000225A613A485A210170A5214170052108
:10C0500081708221C170142101715221417100212E
:10C0600081710D21C1719A61082105F08FFB0BF0E0
:10C0700061FB0028FBD02F4B4FF400225A612C4863
:10C080005A210170A5214170052181708221C17062
:10C09000142101716A214171002181710E21C17148
:10C0A0009A61082105F072FB0BF044FB0028FBD0DD
:10C0B000204B4FF400225A611D485A210170A521DE
:10C0C0004170052181708221C170142101717E218E
:10C0D0004171002181710F21C1719A61082105F020
:10C0E00055FB0BF027FB0028FBD0124B4FF400222E
:10C0F0005A610F485A210170A521417005218170B4
:10C100008221C1701421017192214171002181713C
:10C110001021C1719A61082105F038FB0BF00AFB70
:10C120000028FBD0034B4FF400225A6108BD00BF2A
:10C13000509501200080004108B575485A230370CE
:10C14000A5234370052383708223C37014230371D6
:10C150000023437183711923C3716E4B4FF4002286
:10C160009A61082105F012FB0BF0E4FA0028FBD0DD
:10C17000684B4FF400225A6165485A210170A5218D
:10C180004170052181708221C170142101714171BA
:10C19000002181711A21C1719A61082105F0F6FA16
:10C1A0000BF0C8FA0028FBD05A4B4FF400225A611A
:10C1B00057485A210170A5214170052181708221C3
:10C1C000C1701421017128214171002181711B214D
:10C1D000C1719A61082105F0D9FA0BF0ABFA002879
:10C1E000FBD04C4B4FF400225A6149485A21017050
:10C1F000A5214170052181708221C1701421017136
:10C200003C214171002181711C21C1719A61082179
:10C2100005F0BCFA0BF08EFA0028FBD03D4B4FF432
:10C2200000225A613A485A210170A5214170052126
:10C2300081708221C170142101715221417100214C
:10C2400081711D21C1719A61082105F09FFA0BF0DF
:10C2500071FA0028FBD02F4B4FF400225A612C4872
:10C260005A210170A5214170052181708221C17080
:10C27000142101716A214171002181711E21C17156
:10C280009A61082105F082FA0BF054FA0028FBD0DD
:10C29000204B4FF400225A611D485A210170A521FC
:10C2A0004170052181708221C170142101717E21AC
:10C2B0004171002181711F21C1719A61082105F02E
:10C2C00065FA0BF037FA0028FBD0124B4FF400222E
:10C2D0005A610F485A210170A521417005218170D2
:10C2E0008221C1701421017192214171002181715B
:10C2F0002021C1719A61082105F048FA0BF01AFA61
:10C300000028FBD0034B4FF400225A6108BD00BF48
:10C31000509501200080004108B575485A230370EC
:10C32000A5234370052383708223C37014230371F4
:10C330000023437183712123C3716E4B4FF400229C
:10C340009A61082105F022FA0BF0F4F90028FBD0DD
:10C35000684B4FF400225A6165485A210170A521AB
:10C360004170052181708221C170142101714171D8
:10C37000002181712221C1719A61082105F006FA1C
:10C380000BF0D8F90028FBD05A4B4FF400225A6129
:10C3900057485A210170A5214170052181708221E1
:10C3A000C170142101712821417100218171232163
:10C3B000C1719A61082105F0E9F90BF0BBF9002879
:10C3C000FBD04C4B4FF400225A6149485A2101706E
:10C3D000A5214170052181708221C1701421017154
:10C3E0003C214171002181712421C1719A61082190
:10C3F00005F0CCF90BF09EF90028FBD03D4B4FF433
:10C4000000225A613A485A210170A5214170052144
:10C4100081708221C170142101715221417100216A
:10C4200081712521C1719A61082105F0AFF90BF0E6
:10C4300081F90028FBD02F4B4FF400225A612C4881
:10C440005A210170A5214170052181708221C1709E
:10C45000142101716A214171002181712621C1716C
:10C460009A61082105F092F90BF064F90028FBD0DD
:10C47000204B4FF400225A611D485A210170A5211A
:10C480004170052181708221C170142101717E21CA
:10C490004171002181712721C1719A61082105F044
:10C4A00075F90BF047F90028FBD0124B4FF400222E
:10C4B0005A610F485A210170A521417005218170F0
:10C4C0008221C17014210171922141710021817179
:10C4D0002821C1719A61082105F058F90BF02AF959
:10C4E0000028FBD0034B4FF400225A6108BD00BF67
:10C4F000509501200080004108B575485A2303700B
:10C50000A5234370052383708223C3701423037112
:10C510000023437183712923C3716E4B4FF40022B2
:10C520009A61082105F032F90BF004F90028FBD0DC
:10C53000684B4FF400225A6165485A210170A521C9
:10C540004170052181708221C170142101714171F6
:10C55000002181712A21C1719A61082105F016F923
:10C560000BF0E8F80028FBD05A4B4FF400225A6138
:10C5700057485A210170A5214170052181708221FF
:10C58000C1701421017128214171002181712B2179
:10C59000C1719A61082105F0F9F80BF0CBF8002879
:10C5A000FBD04C4B4FF400225A6149485A2101708C
:10C5B000A5214170052181708221C1701421017172
:10C5C0003C214171002181712C21C1719A610821A6
:10C5D00005F0DCF80BF0AEF80028FBD03D4B4FF433
:10C5E00000225A613A485A210170A5214170052163
:10C5F00081708221C1701421017152214171002189
:10C6000081712D21C1719A61082105F0BFF80BF0ED
:10C6100091F80028FBD02F4B4FF400225A612C4890
:10C620005A210170A5214170052181708221C170BC
:10C63000142101716A214171002181712E21C17182
:10C640009A61082105F0A2F80BF074F80028FBD0DD
:10C65000204B4FF400225A611D485A210170A52138
:10C660004170052181708221C170142101717E21E8
:10C670004171002181712F21C1719A61082105F05A
:10C6800085F80BF057F80028FBD0124B4FF400222E
:10C690005A610F485A210170A5214170052181700E
:10C6A0008221C17014210171922141710021817197
:10C6B0003021C1719A61082105F068F80BF03AF851
:10C6C0000028FBD0034B4FF400225A6108BD00BF85
:10C6D000509501200080004108B575485A23037029
:10C6E000A5234370052383708223C3701423037131
:10C6F0000023437183713123C3716E4B4FF40022C9
:10C700009A61082105F042F80BF014F80028FBD0DC
:10C71000684B4FF400225A6165485A210170A521E7
:10C720004170052181708221C17014210171417114
:10C73000002181713221C1719A61082105F026F82A
:10C740000AF0F8FF0028FBD05A4B4FF400225A6140
:10C7500057485A210170A52141700521817082211D
:10C76000C17014210171282141710021817133218F
:10C77000C1719A61082105F009F80AF0DBFF002871
:10C78000FBD04C4B4FF400225A6149485A210170AA
:10C79000A5214170052181708221C1701421017190
:10C7A0003C214171002181713421C1719A610821BC
:10C7B00004F0ECFF0AF0BEFF0028FBD03D4B4FF425
:10C7C00000225A613A485A210170A5214170052181
:10C7D00081708221C17014210171522141710021A7
:10C7E00081713521C1719A61082104F0CFFF0AF0EF
:10C7F000A1FF0028FBD02F4B4FF400225A612C4898
:10C800005A210170A5214170052181708221C170DA
:10C81000142101716A214171002181713621C17198
:10C820009A61082104F0B2FF0AF084FF0028FBD0CF
:10C83000204B4FF400225A611D485A210170A52156
:10C840004170052181708221C170142101717E2106
:10C850004171002181713721C1719A61082104F071
:10C8600095FF0AF067FF0028FBD0124B4FF400221F
:10C870005A610F485A210170A5214170052181702C
:10C880008221C170142101719221417100218171B5
:10C890003821C1719A61082104F078FF0AF04AFF3B
:10C8A0000028FBD0034B4FF400225A6108BD00BFA3
:10C8B000509501200080004110B574485A23037040
:10C8C000A5234370052383708223C370142303714F
:10C8D0000023437183710123C3716D4B4FF4002218
:10C8E0009A61082104F052FF0AF024FF0028FBD0CF
:10C8F000674B4FF400225A6164485A210170A52108
:10C900004170052181708221C17014210171417132
:10C91000002181710221C1719A61082104F036FF62
:10C920000AF008FF0028FBD0594B4FF400225A614F
:10C9300056485A210170A52141700521817082213C
:10C94000C1701421017128214171002181710321DD
:10C95000C1719A61082104F019FF0AF0EBFE00286A
:10C96000FBD04B4B4FF400225A6148485A210170CA
:10C97000A5214170052181708221C17014210171AE
:10C980003C214171002181710421C1719A6108210A
:10C9900004F0FCFE0AF0CEFE0028FBD03C4B4FF426
:10C9A00000225A6139485A210170A52141700521A0
:10C9B00081708224C47014240471522444710024B0
:10C9C0008471C1719A61082104F0E0FE0AF0B2FEA0
:10C9D0000028FBD02E4B4FF400225A612B485A21DD
:10C9E0000170A5214170052181708221C17014213F
:10C9F00001716A214171002181710621C1719A6121
:10CA0000082104F0C3FE0AF095FE0028FBD0204B5D
:10CA10004FF400225A611D485A210170A52141702E
:10CA2000052181708221C170142101717E21417123
:10CA3000002181710721C1719A61082104F0A6FECD
:10CA40000AF078FE0028FBD0114B4FF400225A6107
:10CA50000E485A210170A521417005218170822163
:10CA6000C17014210171922141710021817108214D
:10CA7000C1719A6104F08AFE0AF05CFE0028FBD0C6
:10CA8000034B4FF400225A6110BD00BF50950120A6
:10CA90000080004110B574485A230370A5234370E9
:10CAA000052383708223C370142303710023437111
:10CAB00083711123C3716D4B4FF400229A610821D9
:10CAC00004F064FE0AF036FE0028FBD0674B4FF4FA
:10CAD00000225A6164485A210170A5214170052144
:10CAE00081708221C1701421017141710021817115
:10CAF0001221C1719A61082104F048FE0AF01AFE61
:10CB00000028FBD0594B4FF400225A6156485A2155
:10CB10000170A5214170052181708221C17014210D
:10CB2000017128214171002181711321C1719A6124
:10CB3000082104F02BFE0AF0FDFD0028FBD04B4B32
:10CB40004FF400225A6148485A210170A5214170D2
:10CB5000052181708221C170142101713C2444712E
:10CB600000248471C1719A61082104F00FFE0AF05B
:10CB7000E1FD0028FBD03D4B4FF400225A613A48BA
:10CB80005A210170A5214170052181708221C17057
:10CB90001421017152214171002181711521C1714E
:10CBA0009A61082104F0F2FD0AF0C4FD0028FBD0D0
:10CBB0002E4B4FF400225A612B485A210170A521B7
:10CBC0004170052181708221C170142101716A2197
:10CBD0004171002181711621C1719A61082104F00F
:10CBE000D5FD0AF0A7FD0028FBD0204B4FF4002212
:10CBF0005A611D485A210170A5214170052181709B
:10CC00008221C170142101717E2141710021817145
:10CC10001721C1719A61082104F0B8FD0AF08AFD5C
:10CC20000028FBD0114B4FF400225A610E485A21C4
:10CC30000170A5214170052181708221C1701421EC
:10CC4000017192214171002181711821C1719A6194
:10CC5000082104F09BFD0AF06DFD0028FBD0034B7A
:10CC60004FF400225A6110BD509501200080004110
:10CC700010B574485A230370A523437005238370AD
:10CC80008223C370142303710023437183713923FA
:10CC9000C3716D4B4FF400229A61082104F076FDB8
:10CCA0000AF048FD0028FBD0674B4FF400225A6180
:10CCB00064485A210170A5214170052181708221AB
:10CCC000C170142101714171002181713A21C1713A
:10CCD0009A61082104F05AFD0AF02CFD0028FBD0CF
:10CCE000594B4FF400225A6156485A210170A52130
:10CCF0004170052181708221C170142101712821A8
:10CD00004171002181713B21C1719A61082104F0B8
:10CD10003DFD0AF00FFD0028FBD04B4B4FF40022E5
:10CD20005A6148485A210170A5214170052181703E
:10CD30008221C170142101713C2141710024847150
:10CD4000C1719A61082104F021FD0AF0F3FC00286A
:10CD5000FBD03D4B4FF400225A613A485A210170F2
:10CD6000A5214170052181708221C17014210171BA
:10CD700052214171002181713D21C1719A610821C7
:10CD800004F004FD0AF0D6FC0028FBD02E4B4FF433
:10CD900000225A612B485A210170A52141700521BA
:10CDA00081708221C170142101716A2141710021B9
:10CDB00081713E21C1719A61082104F0E7FC0AF0FB
:10CDC000B9FC0028FBD0204B4FF400225A611D48CB
:10CDD0005A210170A5214170052181708221C17005
:10CDE000142101717E214171002181713F21C171A6
:10CDF0009A61082104F0CAFC0AF09CFC0028FBD0D0
:10CE0000114B4FF400225A610E485A210170A5219E
:10CE10004170052181708221C1701421017192211C
:10CE20004171002181714021C1719A61082104F092
:10CE3000ADFC0AF07FFC0028FBD0034B4FF400222E
:10CE40005A6110BD50950120008000412DE9F0414C
:10CE500088B004AC654B0FCB07C424F8023B1B0C15
:10CE60002370634C634E644D36E00A230093002325
:10CE70001A4603216148006806F0E6FC0020604B7A
:10CE80005870604B186308F047FD642007F098FD68
:10CE90002378A3B12A789DF810309A420DD15648D4
:10CEA00004A9002201322378DBB2934207DD10F897
:10CEB000017F11F8013F9F42F4D001232370062324
:10CEC00023702178284606F05FFE4F4B186802F069
:10CED00021FC012007F074FD2378013B122BF0D8D0
:10CEE00001A252F823F000BFE1CF0200C3CE02003E
:10CEF000C3CE0200C3CE0200C3CE020035CF020073
:10CF0000C3CE0200C3CE0200C3CE0200C3CE0200D5
:10CF1000C3CE0200C3CE0200C3CE0200C3CE0200C5
:10CF20006BCE0200C3CE0200C3CE0200C3CE02000D
:10CF300055CF0200AB782A791340FF2BC1D12B7853
:10CF40006A781343EA7813436A791343B9D11323F8
:10CF50002370B6E7EB780C2B02D001232370B0E7E7
:10CF60002B79F42BF9D16B79D52BF6D1AB794B2BEF
:10CF7000F3D1EB79012BF0D1A97BEA7B2B7C687B89
:10CF80008DF809008DF80A108DF80B208DF80C3003
:10CF900004238DF808300223002202A91B480068F0
:10CFA00001F0AAFC1A4F4FF00048C7F898804FF4E0
:10CFB0007A7007F005FDC7F894800F2323700F4B9C
:10CFC0001F680AF0D5FD49F640430093002302464E
:10CFD0000121384606F038FC306803F05DFE70E74A
:10CFE0000F232370306803F057FE6AE7D04D01002D
:10CFF000739D0120109A012038930120689B012025
:10D00000B49B0120E08F01200C9A01205899012047
:10D01000008000416C4B9B7D002B00F0D38010B54D
:10D020006A4B9C6A684B5B8B13F0020F16D0674B00
:10D03000FF2283F82020022283F82120634B93F8FB
:10D0400020305BB2B3F1FF3F00F08A805F4B93F872
:10D0500020305BB2062B00F09C8010BD5A4B5B8BDE
:10D0600013F0010F07D0594BFF2283F82020022232
:10D0700083F82120E2E7544B5B8B13F0040F07D0B9
:10D08000524BFF2283F82020012283F82120D5E78C
:10D090004E4B93F820305BB2032B42D0042B10D0C0
:10D0A000022BCBD1494B1B692BB1484B98880021EF
:10D0B00005F06CFEC2E7454B9888012105F066FE3D
:10D0C000BCE7424A936912699A420BD03F4A926880
:10D0D000D15C3D4A9162591CD369002BFCD13B4B7A
:10D0E0009961ABE7394B5B6973B1384B9B885B0047
:10D0F00043F00103344A5362D369002BFCD1334B14
:10D10000032283F8202099E72F4A536843F44033E1
:10D110005360D369002BFCD12C4B062283F82020CE
:10D120008CE72A4BD9695B69013B8B420BD0264ABD
:10D13000D369002BFCD1244B986A244BDA685054F5
:10D140000131D9617AE7204A536843F4E023536000
:10D15000D369002BFCD11D4B062283F82020E6E783
:10D160001A4B002283F82020174A536843F44033B7
:10D170005360D369002BFCD1134B83221A76134BD7
:10D180005B6A002B3FF469AF104B5B6A20469847FF
:10D1900063E70E4B002283F8202083F821200A4BFE
:10D1A00083221A761A46538B03F03003102BFAD1E0
:10D1B000064B5B6A002B3FF450AF044B5B6A204682
:10D1C00098474AE7704700BF004001415C94012046
:10D1D000F0B46749CB6823F4E0631B041B0C43F0F5
:10D1E000BF6343F40033CB60BFF35F8F62B6E022CE
:10D1F00081F823205F4B83F80D234FF400551D6009
:10D2000083F80E234FF480441C6083F811234FF4FD
:10D210000030186083F812234FF48020186083F8E0
:10D2200013234FF40020186083F814234FF4801068
:10D23000186083F815234FF40010186083F8162344
:10D240004FF480071F6083F817234FF400061E6019
:10D2500083F818234FF08070186083F836235F60DE
:10D2600083F837235E6083F83823586083F83923C6
:10D270004FF00070586083F83A234FF08060586098
:10D2800083F83B234FF00060586083F83C234FF055
:10D290008050586083F83D234FF00050586083F869
:10D2A0003E234FF08040586083F83F234FF000400A
:10D2B000586083F840230120986083F841230220BE
:10D2C000986083F842230420986083F84323082061
:10D2D000986083F844231020986083F84523202029
:10D2E0009860C02083F8460340269E6083F8470379
:10D2F00080269E6083F848034FF480769E6083F812
:10D3000049034FF40070986083F84A234FF480601B
:10D31000986083F84B234FF40060986083F84C23A7
:10D320004FF48050986083F84D239D6083F84E231E
:10D330009C6083F84F234FF400449C6083F86C2377
:10D34000D86083F870234FF48032DA604B6A43F47C
:10D3500080234B624B6943F010034B614B6A43F4EB
:10D3600000334B624B6A13434B62F0BC704700BF03
:10D3700000ED00E000E100E080B588B000215A48EF
:10D380000AF084FB594B03F5DC7292E8030008AA0B
:10D3900002E9030004AA03F5E07393E8030082E8BE
:10D3A0000300534D534E01244CE0AA220021304685
:10D3B0000AF050FA5521304606F086F98DF80C40F7
:10D3C0000223002203A94C48006801F095FA0223C9
:10D3D0008DF80830002202A94848006801F08CFA54
:10D3E000474B4FF480229A61082106A804F042FAC4
:10D3F0000AF0B8F90028FBD0414B4FF480225A6163
:10D400002C70404B1F680AF0B3FB4EF6602300936C
:10D41000002302462146384606F016FA3A4B1F68AA
:10D420000AF0A6FB4FF4FA6300930023024621465C
:10D43000384606F009FA354B186802F06BF92046B9
:10D4400007F0BEFA2B78002BAFD0012BF3D1AA2224
:10D45000002130460AF0FEF95521304606F034F935
:10D4600002278DF80C703B46002203A92248006871
:10D4700001F042FA03238DF808303B46002202A94E
:10D480001E48006801F038FA1D4B4FF480229A6163
:10D49000082104A804F0EEF90AF064F90028FBD092
:10D4A000174B4FF480225A6100272F70154BD3F889
:10D4B00000800AF05DFB4EF6602300933B46024677
:10D4C0002146404606F0C0F90F4BD3F800800AF021
:10D4D0004FFB4FF4FA6300933B4602462146404619
:10D4E00006F0B2F9A7E700BF09210300584D01007B
:10D4F000F29B0120888E01202C9A0120D8990120CE
:10D5000000800041D09A0120309B0120E09801204A
:10D510002DE9F84F574B1B68002B40F0A580564B68
:10D520001C6801341C60B4B1544B1B68A3421FD962
:10D530000020534B1B68DB6A03EB8303514A52F80C
:10D540002330022B28BF01204F4B1B68002B18BF34
:10D550000120BDE8F88F4D4A11684D4B18681060E6
:10D5600019604C4A13680133136008F0F5FDDBE7DE
:10D570000020464D8346484E4FF0010C414ADFF8EB
:10D58000008135E03D4B4FF0FF321A60D1E73B4B55
:10D590001960CEE7D96AD6F800A00CFA01F949EA79
:10D5A0000A09C6F8009001EB810102EB810149688C
:10D5B0009960D1F80890C3F80C90C9F804E0C1F85C
:10D5C00008E0D3F82C904FEA890101EB090E02EB39
:10D5D0008E0AC3F814A052F82E10013142F82E1012
:10D5E000D8F800E0D96ADEF82C30994288BF0120D3
:10D5F0002B681B68002BC5D02B68DB68DB6859687B
:10D600008C42C4D3D3F81490D9689F68B9609F68DE
:10D610004F6003F1040ED9F80410714504BFD968B6
:10D62000C9F80410C3F814B0D9F800100139C9F8CA
:10D630000010D3F82890B9F1000FABD0196ADF6958
:10D64000B960DF694F6003F1180AD9F80410514539
:10D6500004BF196AC9F80410C3F828B0D9F800103B
:10D660000139C9F8001095E70C4A136801331360BB
:10D6700000206EE7B4980120D4980120C4980120BE
:10D68000A098012024910120D8980120A49801207D
:10D69000A8980120C8980120BC980120CC980120AE
:10D6A000F0B45B4B5B4A1A6003221A61062483F8CC
:10D6B000404083F84140002283F8462083F8472009
:10D6C00083F84820012183F8491083F84C1083F82F
:10D6D0004D1083F8501083F8511083F8522083F8CE
:10D6E000532083F8581083F8591083F8302083F8BA
:10D6F0003320102083F83400222683F83660332547
:10D7000083F8385083F83920882083F83C00424859
:10D71000C3F880004148C3F8900083F8C21083F832
:10D72000C31083F8C81083F8C91083F8CA2083F89F
:10D73000CB2083F8CC1083F8CD1083F8CE2083F86B
:10D74000D020052083F8D10083F8D20083F8D410CC
:10D7500083F8D51083F8D61083F8D70083F8D84023
:10D7600083F8D94083F8DF2083F8B15083F8B450B0
:10D7700083F8B520772783F8B67083F8B72083F84D
:10D78000B82083F8B92083F8BA50042583F8BB5039
:10D7900083F8BC2083F8BF204FF47015C3F8005104
:10D7A0004FF09E75C3F8105183F8401183F8411172
:10D7B00083F8421183F8431183F8450183F8460149
:10D7C00083F8474183F84C1183F8501183F85111C5
:10D7D00083F8522183F8532183F8542183F855218B
:10D7E00083F85801112183F8301183F8311183F83F
:10D7F000322183F8332183F8362183F8386183F8A6
:10D80000392183F83A2183F83C21F0BC704700BFEE
:10D8100000800041C0010C00004C01800004810028
:10D820002DE9F04709F022F9504B1A68013A1A60C5
:10D830001B68002B40F093804D4B1B680BB90024F4
:10D840008EE000234B481D464B4C01264B4ADFF827
:10D8500038A1DFF830C1016800295DD0C368DB68FA
:10D86000D3F828E0D9691F6A8F60196ADF694F60B1
:10D8700003F11808DEF80410414504BF196ACEF818
:10D8800004109D62DEF800100139CEF80010D3F8C4
:10D8900014E0D9689F68B9609F684F6003F104087D
:10D8A000DEF80410414504BFD968CEF804105D616C
:10D8B000DEF800100139CEF80010D96AD4F80090D3
:10D8C00006FA01FE4EEA090EC4F800E001EB810100
:10D8D00002EB810149689960D1F808E0C3F80CE0D7
:10D8E000CEF80480C1F80880D3F82CE04FEA8E010E
:10D8F00001EB0E0802EB8809C3F8149052F82810C7
:10D90000013142F82810DAF80010C96ADF6A8F4244
:10D91000A1D9CCF800609EE70BB108F01DFC184BB4
:10D920001C686CB1174E012501E0013C05D0FFF7E2
:10D93000EFFD0028F9D03560F7E7114B00221A609F
:10D94000104B1C6864B1104B1B68104B4FF0805299
:10D950001A60BFF34F8FBFF36F8F012400E00024E4
:10D9600009F086FD2046BDE8F08700BFB49801208D
:10D97000AC98012014960120BC980120249101202C
:10D98000CC980120D8980120A098012004ED00E057
:10D990002DE9F04396468C46002934D0002832D039
:10D9A000524A576817F007073FD1BEF1000F7FD0EA
:10D9B0004E4A127E12F0040F05D04C4A916A117E35
:10D9C00011F0040FFAD1494A518B41F004015183FF
:10D9D000117E41F08001117663458CBFA3EB0C02F0
:10D9E00000221FB15B084FEA5C0C52083F4C217EBD
:10D9F00011F0010FFBD0002635463C494FF6FF7968
:10DA00004FF0FF0824E0002B4CD0BEF1000F4BD0AC
:10DA1000364A576817F007075ED0BCF1000F60D197
:10DA200013F0010F06D000203AE01CF0010F3DD1A9
:10DA3000002BF5D1002808BF4FF0000CB5E730F8F7
:10DA400015408C62013573B90C7E14F0010FFBD0C8
:10DA5000654518D0002FF2D1445D8C620135F2E7A4
:10DA6000C1F8289014E00C7E14F0040FFBD08C6AEF
:10DA70009E42EDD21FB90EF806400136E8E72EF8B7
:10DA800016400136E4E72AB1002FE9D1C1F8288019
:10DA9000013AD8E7154A137E13F0020FFBD001209C
:10DAA000BDE8F0830020FBE70020F9E70020F7E75E
:10DAB0000E4B1B7E13F0040F18BF00237FF47DAFC5
:10DAC0000A4B5A8B42F004025A831A7E42F08002BB
:10DAD0001A7600231A4684E700287FF466AFBC4616
:10DAE00066E71CF0010F9BD00020D9E7003400400E
:10DAF0002DE9F04184B0524D524E534B1B681C68C7
:10DB000094B1DB681C6809F065FE01A804F0D4FC40
:10DB10000746019A2ABBA04214D3FFF781FE39467B
:10DB2000204605F051FE1EE009F054FE01A804F065
:10DB3000C3FC0746019BA3B9444B1B681A68B2FAA1
:10DB400082F25209E11B286805F084F8FFF768FEAD
:10DB500048B94FF080533360BFF34F8FBFF36F8FDF
:10DB600001E0FFF75DFE00230193029303931F463C
:10DB70003A4601A9286800F0DDFF0028BDD0019BCE
:10DB8000002BF5DB039C636913B1201D08F0CCFD6D
:10DB9000684604F091FC8046019B013B082BE7D8C6
:10DBA000DFE803F005052A314005052A310094F825
:10DBB000243043F0010384F824300299A0690B4615
:10DBC00042460144204605F0F3FA0028D0D094F8EC
:10DBD000243013F0040F07D123F0010384F824301C
:10DBE000236A20469847C3E7A3694246029919442D
:10DBF000204608F0F1FBF3E794F8243023F001030A
:10DC000084F82430B4E794F8243043F0010384F816
:10DC100024300299A161034602460144204605F0E2
:10DC2000C7FAA5E794F8243013F0020F04D023F0CC
:10DC3000010384F824309BE7204602F04DFD97E76E
:10DC40009898012004ED00E08C9801209098012024
:10DC50002DE9F04184B0044601914FF0000846469A
:10DC600045464F4F43E0013BA36323684BB1236913
:10DC70005BB909F0FDFB4FF00108404604B0BDE878
:10DC8000F08109F01DFCA060F1E704F1100001F043
:10DC900097FB0028EDD0424B4FF080521A60BFF343
:10DCA0004F8FBFF36F8FE4E709F0E2FB4FF00008FE
:10DCB000E3E702A809F0AAFA23E008F0D7FEA0687B
:10DCC00001F088FF804609F0D3FB40E0204603F0D6
:10DCD00049FAFFF7A5FD09E0204603F043FAFFF7F4
:10DCE0009FFD204609F0D9FA002844D1012608F00A
:10DCF000BDFEA36B002BB6D1019B002BD4D0002E10
:10DD0000D7D009F0B5FB09F065FD08F0AFFE94F837
:10DD100044305BB2B3F1FF3F08BF84F8445094F83D
:10DD200045305BB2B3F1FF3F08BF84F8455009F0BE
:10DD30009FFB01A902A804F0B7F90028CCD1204626
:10DD400009F0ABFA0028C1D02368002BB5D00199A7
:10DD500004F1240008F096FF204603F003FAFFF7D1
:10DD60005FFD0028C2D14FF080533B60BFF34F8F5F
:10DD7000BFF36F8FBAE7B8F1000F3FF47EAF08F042
:10DD800075FE616A19B1236B1968C1F10501A068BC
:10DD900002F0F0FC09F06CFB4FF000086DE700BFEB
:10DDA00004ED00E010B582B00120454B1870454CE1
:10DDB000002323606360A360E3602246014601F014
:10DDC00027FA414B1C602368C3F30C433F4A13609E
:10DDD000B3F5087F32D040F22122934261D13C4A10
:10DDE00001211170A3F50872012A61D8354A118901
:10DDF00041F6136291425BD1364CA36031498A7976
:10DE000002F00F020831204609F0C8FB324B1868B7
:10DE100002F074F90190002301AA21462F480068FE
:10DE200003F01EFA019B002B42D02D4B4FF0805285
:10DE30001A60BFF34F8FBFF36F8F39E0294A01217A
:10DE4000117040F223229342CCD1274B01221A7049
:10DE50001E4B1B681C4A1168088941F623629042D8
:10DE60002CD1224CA3608A7902F00F02083120469F
:10DE700009F094FB184B186802F040F90190002358
:10DE800001AA21461A48006803F0EAF9019BABB1E8
:10DE9000134B4FF080521A60BFF34F8FBFF36F8F59
:10DEA0000CE040F222229342CBD1124B01221A7095
:10DEB000064B1B68A3F22222012ACBD902B010BD67
:10DEC000EE9B0120C09601207C9B0120609B0120DD
:10DED0001B9C0120FC960120189A0120FC9901202E
:10DEE00004ED00E01A9C01201D9C012008970120F0
:10DEF000EC9901201C9C012070B504464F4B187D05
:10DF000093F82C30002B40F09480C0B203F0FF0255
:10DF1000002840F09080002C00F08C802568002DB7
:10DF200000F08880464B002908BF1946B1EB051F59
:10DF300042D300260A4633462805290B07F038F954
:10DF4000C0F5803033464FF08642116821F002015F
:10DF500011601146CA69002AFCD180B24FF0864296
:10DF600090816268022A51D04FF08640026822F008
:10DF7000706222F4604242EA433242F080720260F0
:10DF80004268A368E1680B4322F4015222F00702C1
:10DF900013436268134343604FF08642D369002BFA
:10DFA000FCD14FF08642136843F002031360D3693B
:10DFB000002BFCD101203DE0B1EBC50F09D30A468F
:10DFC0000023E804690B07F0F3F8C0F58030022362
:10DFD000B9E705EB45038B4215D80022681942EBDF
:10DFE0000203401943EB02052B0443EA10430204E9
:10DFF00010461D460A460023294607F0D9F8C0F509
:10E00000803004239FE7002318469CE74FF08641A9
:10E010000A6822F0706222F4604242EA43320A60E7
:10E020004A68A368E068034322F0470213434B6049
:10E03000B2E7002070BD1046FCE700BFCC93012082
:10E040000087930370B504464C4B187D93F82C3031
:10E05000002B40F08E80C0B203F0FF02002840F099
:10E060008A80002C00F086802568002D00F08280D8
:10E07000434B002908BF1946B1EB051F3DD30026CD
:10E080000A4633462805290B07F092F8C0F5803080
:10E0900033463C4A116821F0020111601146CA69F9
:10E0A000002AFCD180B2374A90816268022A4ED0A1
:10E0B0003448026822F0706222F4604242EA43323D
:10E0C00042F0807202604268A368E1680B4322F468
:10E0D000015222F007021343626813434360294A46
:10E0E000D369002BFCD1274A136843F00203136065
:10E0F000D369002BFCD101203CE0B1EBC50F09D363
:10E100000A460023E804690B07F052F8C0F5803096
:10E110000223BEE705EB45038B4215D800226819A0
:10E1200042EB0203401943EB02052B0443EA104380
:10E13000020410461D460A460023294607F038F817
:10E14000C0F580300423A4E700231846A1E70D4959
:10E150000A6822F0706222F4604242EA43320A60A6
:10E160004A68A368E068034322F0470213434B6008
:10E17000B5E7002070BD1046FCE700BF6C9301209E
:10E18000008793030004004370B504464C4B187D90
:10E1900093F82C30002B40F08E80C0B203F0FF02C9
:10E1A000002840F08A80002C00F086802568002D31
:10E1B00000F08280434B002908BF1946B1EB051FD0
:10E1C0003DD300260A4633462805290B06F0F0FF0A
:10E1D000C0F5803033463C4A116821F002011160DD
:10E1E0001146CA69002AFCD180B2374A9081626820
:10E1F000022A4ED03448026822F0706222F4604253
:10E2000042EA433242F0807202604268A368E168E9
:10E210000B4322F4015222F00702134362681343B6
:10E220004360294AD369002BFCD1274A136843F085
:10E2300002031360D369002BFCD101203CE0B1EB59
:10E24000C50F09D30A460023E804690B06F0B0FFA6
:10E25000C0F580300223BEE705EB45038B4215D89D
:10E260000022681942EB0203401943EB02052B041C
:10E2700043EA1043020410461D460A46002329467D
:10E2800006F096FFC0F580300423A4E7002318466B
:10E29000A1E70D490A6822F0706222F4604242EA66
:10E2A00043320A604A68A368E068034322F04702E9
:10E2B00013434B60B5E7002070BD1046FCE700BF7C
:10E2C0009C930120008793030008004370B5044627
:10E2D0004C4B187D93F82C30002B40F08E80C0B250
:10E2E00003F0FF02002840F08A80002C00F08680B6
:10E2F0002568002D00F08280434B002908BF194695
:10E30000B1EB051F3DD300260A4633462805290BED
:10E3100006F04EFFC0F5803033463C4A116821F0CC
:10E32000020111601146CA69002AFCD180B2374A45
:10E3300090816268022A4ED03448026822F07062EE
:10E3400022F4604242EA433242F080720260426844
:10E35000A368E1680B4322F4015222F00702134341
:10E36000626813434360294AD369002BFCD1274AD2
:10E37000136843F002031360D369002BFCD1012022
:10E380003CE0B1EBC50F09D30A460023E804690B52
:10E3900006F00EFFC0F580300223BEE705EB450313
:10E3A0008B4215D80022681942EB0203401943EB57
:10E3B00002052B0443EA1043020410461D460A4698
:10E3C0000023294606F0F4FEC0F580300423A4E7BC
:10E3D00000231846A1E70D490A6822F0706222F472
:10E3E000604242EA43320A604A68A368E068034335
:10E3F00022F0470213434B60B5E7002070BD104682
:10E40000FCE700BFFC93012000879303002001413B
:10E4100070B504464C4B187D93F82C30002B40F01F
:10E420008E80C0B203F0FF02002840F08A80002CEA
:10E4300000F086802568002D00F08280434B002983
:10E4400008BF1946B1EB051F3DD300260A463346E7
:10E450002805290B06F0ACFEC0F5803033463C4A57
:10E46000116821F0020111601146CA69002AFCD12D
:10E4700080B2374A90816268022A4ED034480268DE
:10E4800022F0706222F4604242EA433242F080722B
:10E4900002604268A368E1680B4322F4015222F053
:10E4A00007021343626813434360294AD369002B70
:10E4B000FCD1274A136843F002031360D369002B91
:10E4C000FCD101203CE0B1EBC50F09D30A46002383
:10E4D000E804690B06F06CFEC0F580300223BEE74D
:10E4E00005EB45038B4215D80022681942EB020365
:10E4F000401943EB02052B0443EA10430204104683
:10E500001D460A460023294606F052FEC0F580301B
:10E510000423A4E700231846A1E70D490A6822F066
:10E52000706222F4604242EA43320A604A68A36899
:10E53000E068034322F0470213434B60B5E7002035
:10E5400070BD1046FCE700BF2C94012000879303A8
:10E55000000C0043F0B4049DEFF311864FF020044B
:10E5600084F31188BFF36F8FBFF34F8F2DB101F18B
:10E57000120400EB840464682C60451895F8504040
:10E58000E4B2022785F85070013B032B08D8DFE87E
:10E5900003F0020E141900EB8101CB6C1A43CA641C
:10E5A000012C16D0012086F31188F0BC704700EBD7
:10E5B0008101CB6C0133CB64F2E7123100EB8101B6
:10E5C0004A60EDE7022C54D0123100EB81014A6021
:10E5D000E6E72A4B1B68002B3DD143698268C1687E
:10E5E0009160C26881685160011D5A688A4204BF07
:10E5F000C2685A60002242611A68013A1A60C36A0E
:10E600001F4C256801229A402A4322601D4A03EBD1
:10E61000830302EB83035B6883609C68C460616072
:10E620009960C46AA1000B199B00D518456121446B
:10E6300052F821100131D150134B1B68C26ADB6ABA
:10E640009A4218D9059B13B10123059A1360012042
:10E650000E4B1860A7E70E4B5A68C26194680462BB
:10E6600000F118016160916083621A6801321A60DA
:10E67000E2E7002097E7012095E700BFB49801206A
:10E68000BC98012024910120A0980120D898012055
:10E690001496012070B5431E13F10A0F71D800F1D2
:10E6A000080414F0070305D0C3F10803DA43A242BB
:10E6B00067D31C4409F08EF83C4B1B68002B67D0D5
:10E6C000002C1CDB14B33A4B1E68A64221D33949F7
:10E6D0000B6823E0384B3748026000214160134447
:10E6E000083B23F007033148036059601960991A09
:10E6F00051601360314B19602D4B1960E0E7FFF753
:10E700008FF808F01EFF0025284670BDFFF788F837
:10E71000F7E7FFF785F8F4E7194613465A68A2426F
:10E7200002D21A68002AF7D1204A12689A4225D0EC
:10E730000D6808351A680A605868001B102805D94A
:10E740001A1950605C60086818510A605968761A96
:10E75000174806601948006886423CBF17480660A3
:10E7600041F00041596000221A60154A13680133D4
:10E770001360FFF755F8002DC6D1C2E7FFF750F838
:10E78000BFE709F027F8094B1B68002BBED1002416
:10E790000C4A12F0070F9DD0D11D21F0070102F5A0
:10E7A000C53360335B1A0A4695E700BF78980120AD
:10E7B0007C98012060970120608A010080980120E8
:10E7C00084980120A0010020F0B540F2FF7681EA94
:10E7D000030C16EA115E1EBFB64516EA1355B54284
:10E7E00052D021EA465141F48011A1FB024723EAAD
:10E7F000465343F48013AE44A0FB03650CF0004C79
:10E8000036197D41A1FB034747F10003A0FB021726
:10E81000F619654153F10003094218BF46F001069D
:10E8200040F2FE74B3F5007F13D2AEF5806EA645BC
:10E8300023D24CEA0331280341EA155140EA16502D
:10E840003203450872F1004250F1000051EB0E51C5
:10E85000F0BDAEF2FF3EA6450FD24CEAC321E8025E
:10E8600041EA555140EA5650F202450872F1004221
:10E8700050F1000051EB0E51F0BD1EEA0E0F2DD5E8
:10E880000CF000410020F0BD16EA115F04BF01F05A
:10E8900000410020004218BF41F0010116EA135F59
:10E8A00004BF03F000430022124218BF43F00103EB
:10E8B00006EA1354B44218BFB64503D00CF0004129
:10E8C0000020F0BD21F0004123F00043B1EB065FD2
:10E8D0000CD8B3EB065F09D841B13BB10CF0004155
:10E8E00041F0FE4141F470010020F0BD40F2000112
:10E8F000C7F6F8710020F0BD2DE9F04784B004465A
:10E90000884601921D464FF000094E46424F33E0C3
:10E910002A464146204602F0C3FE636A73B938B105
:10E920003D4B4FF080521A60BFF34F8FBFF36F8F94
:10E9300008F09EFD012004B0BDE8F08704F124003A
:10E9400000F03EFD0028F3D0334B4FF080521A60A8
:10E95000BFF34F8FBFF36F8FEAE708F089FD002008
:10E96000E9E702A808F052FC14E0204602F0FAFBA6
:10E97000FEF756FF4FF0010908F078F8A26BE36B41
:10E980009A42C5D3022DC3D0019B002BE5D0B9F12B
:10E99000000FE6D008F06CFD08F01CFF08F066F8E8
:10E9A00094F844305BB2B3F1FF3F08BF84F8446091
:10E9B00094F845305BB2B3F1FF3F08BF84F845607F
:10E9C00008F056FD01A902A803F06EFBE8B908F0B3
:10E9D0004DF8D4F838A0D4F83C9008F049FDCA4569
:10E9E000C3D1019904F1100008F04CF9204602F05F
:10E9F000B9FBFEF715FF0028BCD14FF080533B60F8
:10EA0000BFF34F8FBFF36F8FB4E7204602F0AAFB2E
:10EA1000FEF706FF00208EE704ED00E02DE9F0414F
:10EA200004460D4617461E46DDF8188008F01EF80D
:10EA3000B8F1000F06D005F1120304EB83035B6805
:10EA4000C8F80030631993F85010C9B2022283F855
:10EA50005020731E032B08D8DFE803F0020F151AAD
:10EA600004EB8505EB6C1F43EF64012917D00124EB
:10EA700008F0FEFC2046BDE8F08104EB8505EB6C58
:10EA80000133EB64F1E7123504EB85056F60ECE7C9
:10EA9000022943D0123504EB85056F60E5E7636911
:10EAA000A268E1689160E268A1685160211D5A681E
:10EAB0008A4204BFE2685A60002262611A68013A21
:10EAC0001A60E36A1748056801229A402A430260E7
:10EAD000154A03EB830302EB83035B68A36098682A
:10EAE000E06041609960E06A81000B189B00D518D6
:10EAF0006561014452F821100131D1500B4B1B6864
:10EB0000DA6AE36A9A420BD2094B4FF080521A60DC
:10EB1000BFF34F8FBFF36F8F0124A9E70024A7E74E
:10EB20000124A5E7BC98012024910120A098012090
:10EB300004ED00E02DE9F04385B0044688460192DB
:10EB400000263546DFF8F89035E04146204607F0CC
:10EB500049FD7B1EA36323692BB908F089FC0120C2
:10EB600005B0BDE8F08304F1100000F029FC002896
:10EB7000F3D0334B4FF080521A60BFF34F8FBFF387
:10EB80006F8FEAE708F074FC0020E9E702A808F0BC
:10EB90003DFB1AE0204602F0E5FAFEF741FE09E0EF
:10EBA000204602F0DFFAFEF73BFE204608F075FB38
:10EBB000002842D1012607F059FFA76B002FC4D1CE
:10EBC000019B002BDED0002EE0D008F051FC08F0B5
:10EBD00001FE07F04BFF94F844305BB2B3F1FF3F06
:10EBE00008BF84F8445094F845305BB2B3F1FF3F5E
:10EBF00008BF84F8455008F03BFC01A902A803F0C7
:10EC000053FA0028CCD1204608F047FB0028C1D099
:10EC1000019904F1240008F035F8204602F0A2FA28
:10EC2000FEF7FEFD0028C5D14FF08053C9F8003033
:10EC3000BFF34F8FBFF36F8FBCE7002090E700BF9B
:10EC400004ED00E02DE9F04184B0044688460192CD
:10EC500000273D463D4E35E0E5684146204607F039
:10EC6000C1FCE560636A2BB908F002FC012004B026
:10EC7000BDE8F08104F1240000F0A2FB0028F3D0ED
:10EC8000324B4FF080521A60BFF34F8FBFF36F8F3C
:10EC9000EAE708F0EDFB0020E9E702A808F0B6FA81
:10ECA0001AE0204602F05EFAFEF7BAFD09E02046BF
:10ECB00002F058FAFEF7B4FD204608F0EEFA0028FC
:10ECC00041D1012707F0D2FEA36B002BC4D1019BD9
:10ECD000002BDED0002FE0D008F0CAFB08F07AFD50
:10ECE00007F0C4FE94F844305BB2B3F1FF3F08BFB5
:10ECF00084F8445094F845305BB2B3F1FF3F08BF4D
:10ED000084F8455008F0B4FB01A902A803F0CCF93F
:10ED10000028CCD1204608F0C0FA0028C1D00199C3
:10ED200004F1240007F0AEFF204602F01BFAFEF7C4
:10ED300077FD0028C5D14FF080533360BFF34F8F6C
:10ED4000BFF36F8FBDE7002091E700BF04ED00E047
:10ED500030B52DED048B87B0FD238DF817300024DE
:10ED60000494ADF814400125DFED369A9FED369AF4
:10ED7000DFED368A9FED368A3FE08DF80F502A4648
:10ED80000DF10F01702005F07FFD0A2005F018FE3F
:10ED90002A460DF11701442005F076FD0A2005F002
:10EDA0000FFE10220DEB0201442004F0A1FF0A2007
:10EDB00005F006FE9DF8103007EE903AF8EE677AFF
:10EDC00027EEA97A9DF8113007EE903AF8EE677AAF
:10EDD00077EE277A87EE897A67EE287A77EEC87A17
:10EDE000FCEEE77ACDED017A9DF8040007F0E0FA39
:10EDF0002C4640F6B83005F0E3FD002CBDD0002CC9
:10EE0000F7D002238DF80F302A460DF10F01702044
:10EE100005F03AFD0A2005F0D3FD2A460DF1170151
:10EE2000442005F031FD0A2005F0CAFD10220DEB4B
:10EE30000201442004F05CFF0A2005F0C1FD00241B
:10EE4000D7E700BF0000804300FF7F4700002F434B
:10EE50000000344200283CD00368384A002908BF2B
:10EE60001146B1EB430F36D3354A934235D807EEFE
:10EE7000901AF8EE677A07EE103AF8EE476A87EED6
:10EE8000A67ADFED306A67EEA67AF2EE046A77EED4
:10EE9000A67A77EE677AFCEEE77A17EE902A2A498F
:10EEA0008B4206D8B2F5FF7F19D8012A3DD9500808
:10EEB00016E0B2F5BF7F3AD2032A3BD9500023496E
:10EEC000A1FB00C04008A1FB0212520842EA002048
:10EED00006E0002070470020704700207047FF20A8
:10EEE00019498B4294BF00210121194A136823F06C
:10EEF00002031360D369002BFCD1154AD06013685C
:10EF000023F0407343EA01631360136843F0020384
:10EF10001360D369002BFCD10D4B10225A831A4683
:10EF2000D369002BFCD1012070470120D8E74FF6B0
:10EF30007F70D5E740F20120D2E700BF008793033E
:10EF400040420F0095BF5633801A0600ABAAAAAA0A
:10EF500000400141F8B50446042928BF04210D46AC
:10EF600007F084FD7CB1636CAB4233D00ED2314AE2
:10EF70001268A24231D02F4A1268D76AAF422CBF22
:10EF80000027012708E02B4B1C68ECE7294A17688B
:10EF9000A74214BF00270127E66AB34201D0AE4260
:10EFA00000D2E5626564A369002BA4BFC5F1050525
:10EFB000A56106EB8603204A02EB830362699A424D
:10EFC0000DD03FB11D4B4FF080521A60BFF34F8FF1
:10EFD000BFF36F8F08F04CFAF8BD0027DCE7251D62
:10EFE000284607F0A1FB38B915490B68012202FA3F
:10EFF00006F623EA06060E60E36A11490868012254
:10F000009A4002430A600C4A03EB830302EB83033A
:10F010005B68A3609968E1604D609D60E06A810073
:10F020000B189B00D5186561014452F8211001317D
:10F03000D150C6E7A09801202491012004ED00E002
:10F04000BC980120F0B4EFF311854FF0200383F357
:10F050001188BFF36F8FBFF34F8F441894F850306F
:10F06000DBB2022684F8506000EB8101CC6C0134E5
:10F07000CC64012B03D085F31188F0BC7047274B7B
:10F080001B68002B3BD143698168C4688C60C168F0
:10F0900084684C60041D5968A14204BFC16859606E
:10F0A00000214161196801391960C36A1C4E376833
:10F0B00001219940394331601A4903EB830301EB85
:10F0C00083035B6883609E68C66074609C60C66AE8
:10F0D000B400A3199B00CF184761344451F8244071
:10F0E0000134CC50104B1B68C16ADB6A9942C2D90B
:10F0F0000AB1012313600D4B01221A60BBE70C4BD0
:10F100005968C1618E68066200F1180474608C60F1
:10F110008362196801311960E4E700BFB4980120E7
:10F12000BC98012024910120A0980120D8980120AA
:10F1300014960120002A66D02DE9F041134620B133
:10F14000012832D00020BDE8F0814FF08442D2F88F
:10F15000A420C2F3052201B301395FFA81F84FF010
:10F16000000CDFF8A8E000E0A446DEF8004004EB65
:10F17000021427686668A568E4681F605E609D6089
:10F18000DC60614509D010330132D2B20A2A08BFCF
:10F1900002460CF10104E045E6D102F03F024FF0D7
:10F1A0008443C3F8A8200120CDE74FF08442D2F871
:10F1B000B420C2F30522F1B101395FFA81FE0024C7
:10F1C000DFF848C000E00446DCF8040000EB021061
:10F1D000076846688568C0681F605E609D60D8608B
:10F1E0008C4208D010330132D2B2012A08BF00226B
:10F1F000601C7445E7D102F03F024FF08443C3F82E
:10F20000B82001209FE70020704700BFA89501208B
:10F21000002A62D02DE9F041134620B1012830D0F8
:10F220000020BDE8F0812E4AD2F8A420C2F30522C6
:10F2300001B301395FFA81F84FF0000CDFF8A4E068
:10F2400000E0A446DEF8004004EB0214276866687C
:10F25000A568E4681F605E609D60DC60614509D060
:10F2600010330132D2B20A2A08BF02460CF101045F
:10F27000E045E6D102F03F02194BC3F8A820012077
:10F28000CFE7174AD2F8B420C2F30522F1B1013911
:10F290005FFA81FE0024DFF84CC000E00446DCF891
:10F2A000040000EB0210076846688568C0681F60AC
:10F2B0005E609D60D8608C4208D010330132D2B2BB
:10F2C000012A08BF0022601C7445E7D102F03F020A
:10F2D000034BC3F8B8200120A3E70020704700BF0C
:10F2E000000400428C9501202DE9F04387B00446CC
:10F2F0008946904603938368013B027F12F0010F19
:10F3000017D008F10407BB4217D20023039320460D
:10F3100007F0BCFB06460097334642464946204666
:10F3200003F0BFFC0546002834D1284607B0BDE8ED
:10F33000F083434528BF43461F46039B002BE6D07E
:10F3400004A807F085F9002507F090FB204607F098
:10F350009DFB0646874218D9216A284604F0A8FD7D
:10F3600008F01EFC606108F083F8039B00932B46B5
:10F370002A462946206A00F033FA656103A904A8E9
:10F3800002F092FE0028DFD001E008F071F8002EB4
:10F39000C1D1BCE7204608F0F8F8E3689842C4D32E
:10F3A00008F018FA236943B1206900260096334615
:10F3B0003246216AFFF732FB2661FEF731FAB4E7E5
:10F3C00030B4C368DB689A6AD869196A8160D86901
:10F3D000486003F118005168814204BF196A516006
:10F3E00000219962116801391160254A1268002ACA
:10F3F00039D15A699868D968816098684860181D41
:10F400005168814204BFD968516000215961116877
:10F4100001391160DA6A1B4C2568012191402943AA
:10F420002160194902EB820201EB820252689A6064
:10F430009468DC6060609060DC6AA0000219920051
:10F440008D185D61204451F82000013088500F4A2A
:10F450001168DA6ACB6A9A4283BF01200C4B1860AC
:10F46000002030BC70470B4A5168D9618C681C621F
:10F47000606088609A62116801311160E7E700BF3F
:10F48000B4980120BC98012024910120A09801206B
:10F49000D89801201496012038B5044607F0E6FA02
:10F4A000002C3AD0251D284607F03EF970B9E36AD2
:10F4B00003EB8301244A52F821203AB92348026819
:10F4C000012101FA03F322EA03030360A36A1BB1DB
:10F4D00004F1180007F028F91D4A1368013313607E
:10F4E0001C4B1A681C4B1B680BB1A24218D01B4A5C
:10F4F0001368013B136006F02FFE07F0B9FF206B85
:10F5000001F0EAF8204601F0E7F8134B1B681BB145
:10F51000104B1B68A3420ED038BD0E4B1C68C1E7D0
:10F5200029460F4807F0DAFE0E4A136801331360CC
:10F5300007F09EFFE9E70C4B4FF080521A60BFF3D3
:10F540004F8FBFF36F8FE7E724910120BC98012014
:10F55000B8980120A0980120D0980120AC980120F3
:10F560003C960120B098012004ED00E080B586B003
:10F570002B4B93E8030006AB03E903000024294F5B
:10F58000012523E04FF480237B61274B1E6808F0A0
:10F59000EFFA4EF660230093234602462946304692
:10F5A00004F052F9214B1E6808F0E2FA4FF4FA63B6
:10F5B0000093234602462946304604F045F91C4B89
:10F5C000186800F0A7F8284605F0FAF9194EAA22A3
:10F5D0002146304608F03EF95521304604F074F8D3
:10F5E00003238DF80C300223224603A91248006839
:10F5F000FFF782F904238DF808300223224602A97E
:10F600000E480068FFF778F94FF48023BB610821AA
:10F6100004A802F02FF908F0A5F80028FBD0B1E704
:10F62000204F010000800041FC9A0120309B012006
:10F6300008990120888E01202C9A0120D899012058
:10F6400080B586B02B4B93E8030006AB03E90300BB
:10F6500000240125284F23E04FF480237B61274BB2
:10F660001E6808F085FA4EF6602300932346024692
:10F670002946304604F0E8F8214B1E6808F078FA75
:10F680004FF4FA630093234602462946304604F0BD
:10F69000DBF81C4B186800F03DF8284605F090F99F
:10F6A000194EAA222146304608F0D4F8552130469A
:10F6B00004F00AF804238DF80C300223224603A933
:10F6C00012480068FFF718F98DF808500223224607
:10F6D00002A90F480068FFF70FF94FF48023BB61C0
:10F6E000082104A802F0C6F808F03CF80028FBD076
:10F6F000B2E700BF284F010000800041009B0120BD
:10F70000309B01200C990120888E01202C9A012029
:10F71000D899012038B5044607F0A8F97CB3251D17
:10F72000284607F001F870B9E36A03EB8301254A24
:10F7300052F821203AB924480268012101FA03F362
:10F7400022EA03030360A36A1BB104F1180006F068
:10F75000EBFF29461D4807F0C1FD94F85030DBB29D
:10F76000012B04BF002384F8503007F081FE184BB2
:10F770001B683BB9174B1B68A3420AD038BD154B19
:10F780001C68CCE707F072F906F0E6FC07F070FEA3
:10F79000F0E70F4B1B6843B10F4B4FF080521A60DC
:10F7A000BFF34F8FBFF36F8FE8E70C4B1A68074B1F
:10F7B0001B689A4203D1074B00221A60DEE700F073
:10F7C000EDFEDBE724910120BC9801202896012062
:10F7D000D0980120A098012004ED00E0AC98012011
:10F7E000F8B504460F4615461E4607F0F3FF07F02E
:10F7F0003DF92C4B1B68234493F85030DBB2022BAD
:10F8000030D028490B6803EB8403DA6C22EA07073F
:10F81000DF640B682344012283F85020069B23BB3E
:10F8200007F026FEFDF7FCFF07F020F93EB11D4B67
:10F830001B6804F1120203EB82035B683360194B0F
:10F840001B68234493F85030DBB2022B20D00025F4
:10F85000144B1B681C44002384F8503007F008FE4A
:10F860002846F8BD07F004FEDCE707F001FE0121A1
:10F87000069800F031FBFDF7D3FF0028D4D10A4BE6
:10F880004FF080521A60BFF34F8FBFF36F8FCBE7FB
:10F89000044B1B6803EB8403DA6C22EA0505DD6484
:10F8A0000125D5E7A098012004ED00E0006970472C
:10F8B00053EC102BC3F30A512DE9F04140F2FD70D7
:10F8C0004E1E86421D4645D8A1F2FF30002835DB8A
:10F8D000332831DC284BC0F120084FF0FF3C03FAFD
:10F8E00008F2A1F21F412CFA00FC10EE104A4CEA7B
:10F8F000020C23FA01F24CEA020C23FA00FE04EA9D
:10F900000C0605EA0E0724EA0C0256EA070425EA6B
:10F910000E030FD0002A73F100040BDA4FF48015A8
:10F9200005FA08F425FA01F10C43121925FA00F042
:10F9300040EB030343EC102BBDE8F081002A73F188
:10F94000000303DB9FED080BBDE8F0819FED080B82
:10F95000BDE8F0810029EFD10A4603F0004343ECF3
:10F96000102BE9E7AFF3008000000000000000006A
:10F97000000000000000F0BFFFFF0F0010B54FF0C7
:10F9800084431C6D24F4C05323F0110353B14FF092
:10F9900084421365274B1B6823B1264B59681B68AB
:10F9A0002046984714F0010F0ED04FF084430122F7
:10F9B0001A65D3F8A400204B1B682BB11E4B596865
:10F9C0001B6800F07F00984714F0100F0ED04FF026
:10F9D000844310221A65D3F8B400174B9B682BB1EF
:10F9E000154BD9689B6800F07F00984714F4006FAE
:10F9F0000BD04FF084434FF400621A650F4B1B6825
:10FA00001BB10E4B58681B68984714F4805F0FD0E9
:10FA10004FF084434FF480521A65D3F8F400084B3A
:10FA20001B682BB1064B59681B6800F03F009847D4
:10FA300010BD00BF38970120B096012048970120E3
:10FA40004097012080B5284D284E294F0EE00C2309
:10FA50003B70387802F0CAF9052005F0B3FC0123A9
:10FA6000337009E042F2107004F0AAFF2B780133E2
:10FA70002B703378002BEAD02B78052BF2D11D4B5D
:10FA80001868FFF747FE4FF6FF7003F09DFF002454
:10FA9000194B1C70194B1C70194B1C60204605F04B
:10FAA0001FFA204605F004FA204604F071FA2046B9
:10FAB00004F052FA204604F087FA204604F0A0FA37
:10FAC000204604F02DFA204606F0DEF8204605F028
:10FAD0003FFD2C7034700B4B186801F0DDF80A4BB9
:10FAE0001868FFF717FEBDE7F39B0120139C012068
:10FAF000FB9C012060990120E69B0120E89B0120EE
:10FB0000E89801203C9A01207899012080B5284D81
:10FB1000284E294F0EE015233B70387802F066F925
:10FB2000052002F055FF0123337009E042F2107006
:10FB300004F046FF2B7801332B703378002BEAD08A
:10FB40002B78052BF2D11D4B1868FFF7E3FD4FF61C
:10FB5000FF7003F039FF0024194B1C70194B1C7007
:10FB6000194B1C60204605F01BFA204605F000FAF0
:10FB7000204604F03DFC204604F01EFC204604F024
:10FB800053FC204604F06CFC204604F0F9FB2046B0
:10FB900006F090F8204605F0F1FC2C7034700B4B09
:10FBA000186801F079F80A4B1868FFF7B3FDBDE754
:10FBB000F49B0120149C0120FB9C012060990120F2
:10FBC000E79B0120E89B0120EC9801204C9A012042
:10FBD00084990120002856D070B50446C26A2B498A
:10FBE0000968C96A8A4245D28169002905DB27492B
:10FBF0000968C96AC1F10501816102EB82022449E9
:10FC000001EB82026169914205D0204A1268D26AF2
:10FC1000E262012036E0251D284606F085FD38B950
:10FC20001C490B68E06A0122824023EA02030B6050
:10FC3000164B1B68DB6AE36216490E68012000FA66
:10FC400003F232430A60124A03EB830302EB83039D
:10FC50005B68A3609968E1604D609D60E56AA900FA
:10FC60004B199B00D6186661294452F821100144B3
:10FC7000D15007E0054A1268406CD36A98422CBF05
:10FC80000020012070BD0020704700BFA098012017
:10FC900024910120BC98012010B52A4B1C6D24F43E
:10FCA000C05323F011034BB1264A1365264B1B6842
:10FCB00023B1254B59681B682046984714F0010F63
:10FCC0000DD0204B01221A65D3F8A4001F4B1B68EE
:10FCD0002BB11E4B59681B6800F07F00984714F049
:10FCE000100F0DD0174B10221A65D3F8B400174B24
:10FCF0009B682BB1154BD9689B6800F07F00984733
:10FD000014F4006F0AD00F4B4FF400621A65104BC9
:10FD10001B681BB10E4B58681B68984714F4805F32
:10FD20000ED0084B4FF480521A65D3F8F400094BFB
:10FD30001B682BB1074B59681B6800F03F009847C0
:10FD400010BD00BF0004004220970120A0960120B2
:10FD500030970120289701202DE9F04106460D46F5
:10FD600090461F4607F036FD34687FB92C4214BF19
:10FD70000123002383B1B8F1000F02D024EA050566
:10FD80003560FDF74DFD2046BDE8F08135EA0403FE
:10FD90000CBF01230023EDE7069B002BF1D0B8F147
:10FDA000000F0CBF00214FF080710FB141F0806156
:10FDB000069A2943301D03F023FFFDF731FD38B9C2
:10FDC000144B4FF080521A60BFF34F8FBFF36F8F09
:10FDD00007F028FA044610F0007F02D024F07F4498
:10FDE000D1E706F043FE34686FB9254214BF012302
:10FDF00000232BB1B8F1000F02D024EA05053560CD
:10FE000007F036FBEAE735EA04030CBF01230023C1
:10FE1000EFE700BF04ED00E070B584B00024244B90
:10FE20001C70244B1D6807F0A3FE4EF66023009360
:10FE3000234602460121284603F006FD1E4B1B788F
:10FE400023B91E4B1C701C4B01221A701C4C002540
:10FE500025606560A560E560224601212846FFF720
:10FE600069F9184B1C60184E2368C3F31C03B36078
:10FE7000A27902F00F0204F10801304607F08EFB70
:10FE8000124B186800F03AF903902B4603AA31464A
:10FE90000F48006801F0E4F9039B3BB10D4B4FF0B4
:10FEA00080521A60BFF34F8FBFF36F8F04B070BDE5
:10FEB000ED9B0120D49A0120EF9B0120DD9B0120C6
:10FEC00084900120789B0120F0960120DC9A01208B
:10FED000F098012004ED00E02DE9F0410446884649
:10FEE000254B1D68254B1E68254B1F68254B186840
:10FEF000043006F019FC48B9224B1A6822490B68F5
:10FF0000D06A0122824023EA02030B60B4F1FF3F72
:10FF10000DD02C441B4B1B685C60A5421ED9194BAD
:10FF200019680431384604F031FDBDE8F081B8F1BC
:10FF3000000FEED0154A5168124B1868816018689E
:10FF40008C68C46018680430606018680430886089
:10FF50001B685A61136801331360E6E7094B19689F
:10FF60000431304604F012FD094B1B68A34284BFE4
:10FF7000074B1C60D9E700BFD4980120A49801204A
:10FF8000A8980120A0980120BC9801202896012063
:10FF9000C49801202DE9F04383B004468846914679
:10FFA0001F46037F13F0010F04D113F0040F26D076
:10FFB000C66800E00426002F3AD006F057FD204620
:10FFC00007F0E3FA054686421BD207F051FA2B46AA
:10FFD0004A464146204602F08BFE054680B307F0B4
:10FFE000F9FB636943B160690026009633463246E7
:10FFF000216AFEF713FD6661FDF712FC20E0002682
:020000040003F7
:10000000D9E7216A002003F053FF07F0C9FD206102
:1000100007F02EFA009700231A461946206AFFF7C8
:10002000DFFB00232361204607F0AFFA054603E01B
:10003000204607F0AAFA0546B54298BF0025C6D863
:10004000284603B0BDE8F08370B504460E46154659
:1000500007F0C0FB06F00AFD264B1B6804F11202F4
:1000600003EB82035B682BBB224B1B6823440122FA
:1000700083F850200DBB07F0FBF9FDF7D1FB06F02C
:10008000F5FC1C4B1B6804F1120203EB82035D6854
:1000900035B12EB3174B1B6803EB820300225A6065
:1000A000144B1B681C44002384F8503007F0E0F91F
:1000B000284670BD07F0DCF9DFE707F0D9F9012128
:1000C0002846FFF709FFFDF7ABFB0028D7D10A4B05
:1000D0004FF080521A60BFF34F8FBFF36F8FCEE7A0
:1000E000044B1B686A1E04F1120103EB81035A6082
:1000F000D6E700BFA098012004ED00E0F8B5044663
:10010000EFF311864FF0200383F31188BFF36F8F55
:10011000BFF34F8F03F0B0FE054600282ED01D4BD5
:100120001B68002B2ED11C4B1B68E26ADB6A9A42CB
:1001300083BF0125194B1D600025271D384606F099
:10014000F3FAE36A1649086801229A4002430A60FA
:10015000144A03EB830302EB83035B68A360996893
:10016000E1604F609F60E06A81000B189B00D71828
:100170006761014452F821100131D15086F3118892
:100180002846F8BD04F11801074807F0A7F8002534
:10019000F4E700BFB4980120A0980120D89801206E
:1001A000BC980120249101201496012030B441F024
:1001B00000410160C3680269416884688C6081689D
:1001C00044684C605168814204BF816851600021DD
:1001D00001611168013911605A699868D9688160B4
:1001E00098684860181D5168814204BFD968516001
:1001F00000215961116801391160DA6A134C2568D0
:100200000121914029432160114902EB820201EB57
:10021000820252689A609468DC6060609060DC6A78
:10022000A000021992008D185D61204451F8200051
:1002300001308850074A1168DA6ACB6A9A4202D9BB
:10024000054B01221A6030BC704700BFBC980120EA
:1002500024910120A0980120D898012000B58BB0EE
:100260000021234807F0EEFB224B1978224803F0C7
:100270008BFC224C06AD04F5EC730FCB07C52B802D
:1002800003AB04F5F47207CA03C323F8022B120C64
:100290001A701B4B1C6807F06BFC49F64043009337
:1002A000002302460121204603F0CEFA114C154DE1
:1002B0000EE00B2103A801F0A3FA07F0B1FB002820
:1002C000FBD02868FFF726FA40F6980004F078FB88
:1002D0002378DBB2062BECD00F2BF5D10E2106A82C
:1002E00001F08EFA07F09CFB0028FBD0ECE700BF82
:1002F000F5770300739D012038930120584D0100CC
:10030000689B0120109A0120882910B536D012DC94
:10031000812943D003DC802940D0002010BD8229F0
:100320000ED08429F9D1196802B30A1D1A60B1F9F7
:100330000020D3171EE0A0292BD00BDC9029ECD194
:100340001968073121F0070101F108021A60D1E9AB
:1003500000230FE0C02901D0F029DED11A68111D59
:100360001960136803600023436005E00A1D1A60EA
:100370000A880023C0E900230120CFE7196822B1D1
:100380000A1D1A6091F90020D3E70A1D1A600A7845
:10039000EFE71A68111D19601268CAE719681AB1E7
:1003A0000A1D1A600A68C4E70C1D1C600B68C0E9CE
:1003B0000032E1E72DE9F041D2E900230C4686B096
:1003C00007465FEAD37820684968A5680590E66823
:1003D00041D0524263EB4303002908DB20F00200C6
:1003E0000590B8F1000F02D1059948072AD5691E7A
:1003F00005A802900A20CDE90010204601F014F96A
:10040000B8F1000F02D1059B59071FD5B8F1000FB5
:1004100000F1FF3014BF2D232B2333542269059B99
:100420000093013A2B46121A3118384600F05AFE52
:100430007B68DB0503D563689842B8BF184606B0F1
:10044000BDE8F0810807D2D42946D1E71A07E5D5DF
:1004500001382023E1E70029C0DAC5E7002841D0B0
:100460000346002940D0007800283FD010B483B064
:100470009C895A6804FB02241D4AB2FBF4F2141F43
:10048000B4F5BF7F2BD293ED027ADFED1A7AB4EE8A
:10049000E77AF1EE10FA48BFC3ED027A07EE902A30
:1004A000F8EE677A93ED027A67EE877ADFED126AEB
:1004B00087EEA67AFCEEC77ACDED017A9DF804406E
:1004C000013A121BD2B28A70023CCC708A719B89AD
:1004D0008B8001230B7003B05DF8044B7047002044
:1004E0000870F8E70020704700207047704700BF91
:1004F00040420F00000048420000C842002841D09E
:100500000346002940D0007800283FD010B483B0C3
:100510009C895A6804FB02241D4AB2FBF4F2141FA2
:10052000B4F5BF7F2BD293ED027ADFED1A7AB4EEE9
:10053000E77AF1EE10FA48BFC3ED027A07EE902A8F
:10054000F8EE677A93ED027A67EE877ADFED126A4A
:1005500087EEA67AFCEEC77ACDED017A9DF80440CD
:10056000013A121BD2B28A70023CCC708A719B890C
:100570008B8001230B7003B05DF8044B70470020A3
:100580000870F8E70020704700207047704700BFF0
:1005900000879303000048420000C842224B1B68BA
:1005A0001BB1224B01221A60704710B51F4B00226D
:1005B0001A601F4B1B681B6B1A68B2F1A53F03D171
:1005C0005A68B2F1A53F23D0194B19681868343125
:1005D00006F0AEFF174B1B68B3FA83F3DBB2C3F12F
:1005E0001F03154A9900C81802EB8000446864682C
:1005F000446002460832944213D003EB83030E4A50
:1006000002EB83035B68DA68094B1A601B6810BD54
:100610009A68B2F1A53FD7D1DB68B3F1A53FD3D13A
:10062000D8E7C1684160E8E7B4980120D898012074
:10063000A0980120BC98012024910120244B00297E
:1006400008BF1946234A136823F002031360D369D5
:10065000002BFCD100282ED00368B3EB510F2CD80F
:1006600030B45B00B1FBF3F3013B1A4A116821F08F
:100670004051116014688168456829432143116025
:10068000FF2B28BFFF23DBB21373536823F007034C
:1006900053605368C1680B435360D369002BFCD18E
:1006A00001200C4A136843F002031360D369002B46
:1006B000FCD130BC7047002000E00020054A1368E0
:1006C00043F002031360D369002BFCD1704700BFD5
:1006D0000087930300340040002841D038B5044619
:1006E00050F8042C002A02DA50F8081C01B138BD79
:1006F000A0F1080522F0004240F8042C07F06AF847
:1007000054F8041C174A13680B441360164A00E09F
:100710001A4613689D42FBD850681418A5420ED0A3
:100720006968681883420ED02B60AA4218BF156012
:100730000E4A136801331360FDF772F8D7E70144DE
:1007400051601546ECE70A480068834206D05B68B2
:100750001944696013681B682B60E6E72860E4E7CA
:10076000704700BF7C980120609701208898012085
:1007700078980120002846D038B50446426C914252
:1007800038BF1146C26A8A4202D0806C012800D06C
:1007900038BDE162A0690028A4BFC1F10501A161D3
:1007A00002EB8202184901EB820261699142EFD1AA
:1007B000251D284605F0B8FF38B914490B68E06AD2
:1007C0000122824023EA02030B60E36A0F490868B2
:1007D00001229A4002430A600B4A03EB830302EBB7
:1007E00083035B68A3609968E1604D609D60E06A87
:1007F00081000B189B00D5186561014452F8211047
:100800000131D150C4E7704724910120BC980120E8
:10081000204A137843F001031370536813F0010F5B
:10082000FBD11C491C4BCB611C4B0B6241F6E673A0
:100830000B611B4B10221A81012098820220188420
:100840009A851A870520A3F844000620A3F85000D3
:100850000720A3F85C000820A3F868000920A3F88B
:1008600074000A20A3F880000B20A3F88C000C2051
:10087000A3F89800A3F8A420A3F8B020A3F8BC2004
:100880000B7843F002030B700A46536813F0020F13
:10089000FBD1704700280040300330333311030090
:1008A000C88D01202DE9F04383B04FF000091D4FA2
:1008B000DFF880801C4D0BE0204605F051FD1B4BFE
:1008C0001B78012B24D04FF00109022004F078F8A6
:1008D000D7F8203113F0800FF7D1002488F80240B8
:1008E0000A230093234622460321286802F0ACFF26
:1008F0002E6807F03DF944F6206300932346024634
:100900000121304602F0A0FFB9F1000FD7D1D3E7A3
:100910000020074B1870054B187005F021FD05F0FD
:10092000A9FE00BF00800041289B0120199C0120E6
:100930000D9C0120B49B012010B50446C822002163
:1009400006F088FF1E4A936943F00103936193699F
:1009500013F0010FFBD01A4B9A6942F002029A6120
:10096000184A1460116889B241F0004141F4202115
:10097000C3F8A01004F1A0015160516889B241F0A0
:10098000004141F48031C3F8B01004F1B001D160EE
:10099000D16889B241F08071C3F8C010C0341461CD
:1009A000126992B242F48032C3F8F0209A6922F0C0
:1009B00001029A611A46936913F0010FFBD110BD31
:1009C000000400428C9501200378002B38D0C278B7
:1009D000002A34D090F90220002A33DB8288B2F555
:1009E000007F31D290F90620002A2FDB10B4184A7C
:1009F0000121916111468A6912F0010FFBD014495F
:100A00008A6942F002028A61827802F07F02C47829
:100A100042EA0422847942EA446284880D4800EA6A
:100A200004400243CA618A6922F001028A618A692C
:100A300012F0010FFBD118465DF8044B70470023FC
:100A4000184670470023FBE70023F9E70023F7E788
:100A5000000400420000FF0110B50446C822002136
:100A600006F0F8FE4FF08442936943F0010393616E
:100A7000936913F0010FFBD04FF084439A6942F061
:100A800002029A61174A1460116889B241F000416C
:100A900041F42021C3F8A01004F1A0015160516875
:100AA00089B241F0004141F48031C3F8B01004F143
:100AB000B001D160D16889B241F08071C3F8C01033
:100AC000C0341461126992B242F48032C3F8F0204B
:100AD0009A6922F001029A611A46936913F0010F94
:100AE000FBD110BDA89501200378002B3AD0C27825
:100AF000002A36D090F90220002A35DB8288B2F530
:100B0000007F33D290F90620002A31DB10B44FF079
:100B100084420121916111468A6912F0010FFBD0D4
:100B20004FF084418A6942F002028A61827802F0C1
:100B30007F02C47842EA0422847942EA44628488CB
:100B40000C4800EA04400243CA618A6922F00102AB
:100B50008A618A6912F0010FFBD118465DF8044BD7
:100B600070470023184670470023FBE70023F9E78E
:100B70000023F7E70000FF0100283ED038B5044607
:100B8000C36B002B3BD0006CA0FB03230BB10020F8
:100B900036E00D4605F06AFF2268216CE36B03FB2B
:100BA00001F3D018A0600020A06362605B1A1344B8
:100BB000E360FF2384F8443084F84530A5B9236905
:100BC0001BB906F055FC01201AE004F11000FEF7F5
:100BD000F7FB0028F5D00B4B4FF080521A60BFF3A3
:100BE0004F8FBFF36F8FECE704F1100006F06BFB43
:100BF00004F1240006F067FBE3E7002070470020C3
:100C000038BD00BF04ED00E02DE9F04105460F4678
:100C10001646984606F0DEFD2C683946284601F057
:100C200019F93C4336EA040306D0B8F1000F08D1A5
:100C30002C68FCF7F5FD15E02B6823EA06062E600C
:100C4000F7E7424646F0A061281D02F0D9FFFCF705
:100C5000E7FD50B106F0E6FA044610F0007F0DD033
:100C600024F07F442046BDE8F0810A4B4FF08052CB
:100C70001A60BFF34F8FBFF36F8FEBE705F0F6FEFF
:100C80002C6836EA040304BF24EA06062E6006F048
:100C9000EFFBE5E704ED00E038B51F4B1B6883422E
:100CA00009D040B1044605F0E1FE204603F0E4F827
:100CB00010B906F0DDFB38BD251D284605F034FDD2
:100CC000E36A1649086801229A4002430A60144AFE
:100CD00003EB830302EB83035B68A3609968E16025
:100CE0004D609D60E06A81000B189B00D51865611E
:100CF000014452F821100131D150074B1B68DA6AC8
:100D0000E36A9A42D5D2074B4FF080521A60BFF384
:100D10004F8FBFF36F8FCCE7A0980120BC980120C4
:100D20002491012004ED00E0F8B5074606F052FDDD
:100D30001A4B1B6843B31A4A11688B4229D04FF0F3
:100D4000FF360024254601355A68944238BF1446C0
:100D5000964228BF16461B688B42F4D1FCF760FD13
:100D60007C60BE60FD6005F081FE0E4B1B683B6041
:100D70000D4B1B687B610D4B1B68BB610C4B1B68EB
:100D80003B6106F075FBF8BD4FF0FF3600242546A9
:100D9000E4E74FF0FF3600242546DFE760970120A7
:100DA000789801207C98012084980120889801205F
:100DB0008098012000B587B049238DF8083044237E
:100DC0008DF809304C238DF80A3045238DF80B300F
:100DD00000238DF80C30144A01920093802202A95E
:100DE0001248FAF7C3FF08B1012804D0104B1B6862
:100DF00007B05DF804FB02F007FD0128F6D14FF0C3
:100E0000200383F31188BFF36F8FBFF34F8F094B1C
:100E10004FF0FF321A60084B01221A60074B002284
:100E20001A6001F0FFFFE1E7C09801208161030033
:100E3000DC9D0120C4980120D0980120D498012085
:100E400000283BD070B50446826C013A8264C06AC7
:100E5000616C884234D00AB1002070BD251D28463F
:100E600005F062FC38B917490B68E06A012282403C
:100E700023EA02030B60636CE362C3F10502A26123
:100E800010490E68012000FA03F232430A600E4A4C
:100E900003EB830302EB83035B68A3609968E16063
:100EA0004D609D60E56AA9004B199B00D6186661EC
:100EB000294452F821100144D150CEE70020704758
:100EC0000020CAE7BC9801202491012008B5194BE5
:100ED0009847194B9847EFF3108172B6174AD2F82A
:100EE000883043F47003C2F88830BFF34F8FBFF3EC
:100EF0006F8F01B962B6124A936823F001039360C1
:100F00001346DA6812F0010FFBD10D4B24225A6010
:100F100001229A6002F090F80A4B23F07F03074AFF
:100F20009360094B9847094B9847094B9847DDF761
:100F300065FDFEE74B6403004B64030000ED00E039
:100F40000060004100200000712503004B64030095
:100F50004B64030010B582B0184C23780133DBB228
:100F60002370012005F0FCF90123154A1370154A7E
:100F70001370154B03221A70144B65221A60144B20
:100F800024221A70187800F031FF124B1868FFF70E
:100F900083FE2378DBB2032B01D902B010BD0E4BC8
:100FA0001C6806F0E5FD47F230530093002302462B
:100FB0000121204602F048FCEFE700BF0C9C012015
:100FC000199C01200D9C0120C89B0120E08F01206D
:100FD000FB9C012018990120289B012030B583B08B
:100FE0001F4D4FF47A7412E0232B09D92D2B2DD9E4
:100FF000372B30D9412B07D80A2002F0E5FC03E05B
:1010000044F6206002F0E0FC204603F0D9FC002208
:1010100001A92868FDF78EFD0028F5D09DF8053060
:101020009DF80620934238BF13469DF8072093424F
:1010300038BF13469DF80420934238BF1346192B3E
:10104000D2D849F6404002F0BFFCDDE742F2107012
:1010500002F0BAFCD8E7204602F0B6FCD4E700BFA5
:10106000F0990120F0B583B00024164B9C650A234B
:1010700000932346224603211348006802F0E4FB54
:10108000124F134E33783B70124B1868FFF736F847
:10109000114D286023462A4639461048006800F062
:1010A000DFF80121304602F0EFFA2B683BB10C4B20
:1010B0004FF080521A60BFF34F8FBFF36F8F03B0B2
:1010C000F0BD00BFE08F01201C9B0120BC9B0120D4
:1010D000B89B0120A0990120209B01209C99012010
:1010E00004ED00E02DE9FF471D460C9B13F00109BC
:1010F00006468A46144601D195420BD822465146EF
:10110000304605F08FF9A54204D82546284604B09C
:10111000BDE8F0872F1B102F3A464FF0200128BF63
:1011200010226846B84606F095FBB8F10F0F11D8AB
:101130003B096FF00F0202FB03726946304605F06F
:1011400071F9B9F1000FE1D122465146304605F060
:1011500069F9DBE710226946304605F063F9A8F12A
:101160001008E2E770B5054605F080FC95F84540AB
:1011700064B2002C11DD6B6A7BB105F1240606E038
:1011800006F008FD013C64B23CB16B6A2BB13046FD
:10119000FEF716F90028F5D0F2E7FF2385F8453071
:1011A00006F066F905F062FC95F8444064B2002C44
:1011B00011DD2B697BB105F1100606E006F0EAFCB3
:1011C000013C64B23CB12B692BB13046FEF7F8F814
:1011D0000028F5D0F2E7FF2385F8443006F048F9FF
:1011E00070BD2DE9F041EFF311864FF0200383F33A
:1011F0001188BFF36F8FBFF34F8F856B25B9002028
:1012000086F31188BDE8F0811746044690F84480C3
:101210004FFA88F805F0E6F9013DA563B8F1FF3F04
:101220000CD123690BB90120EAE704F11000FEF7A5
:10123000C7F878B187B101203860E1E706F0A4FC77
:1012400080450BD208F101084FFA88F884F84480F1
:101250000120D5E70120D3E70120D1E70120CFE726
:10126000F8B5EFF311864FF0200484F31188BFF333
:101270006F8FBFF34F8F856BC46BA54205D3022BD5
:1012800003D0002086F31188F8BD1746044690F875
:1012900045506DB2826B1A4600F002FAB5F1FF3F7D
:1012A0000CD1636A0BB90120ECE704F12400FEF7CE
:1012B00087F868B177B101203860E3E706F064FC95
:1012C000854209D201356DB284F845500120D9E735
:1012D0000120D7E70120D5E70120D3E7842910B505
:1012E00023D00CDC812903D0822913D080290BD193
:1012F00019680C1D1C600B6803601A6013E09029CC
:1013000021D003DC882917D0002010BDA029EFD000
:10131000C029ECE719680C1D1C600B680360D1172D
:101320001046C3E900010120EFE719680C1D1C609D
:101330000B6803601A80F6E719680C1D1C600B68C7
:1013400003601A70EFE719680C1D1C6009680160E2
:10135000D317C1E90023E6E71B4B1B7D002B31D0DF
:1013600010B5194A93685168184A127E12F0010F9D
:1013700015D0994213D9154913484A6802F007025B
:10138000012A026814BFD25C32F813208A6201334A
:1013900044680A7E12F0010F01D09C42EDD80A4A3F
:1013A000936052689A420CD8074B00221A755A6013
:1013B000064A01211175DB681BB1034B1869DB6814
:1013C000984710BD704700BF6C9301200004004394
:1013D0001B4B1B7D002B31D010B5194A9368516807
:1013E000184A127E12F0010F15D0994213D91549EF
:1013F00013484A6802F00702012A026814BFD25C4F
:1014000032F813208A62013344680A7E12F0010F19
:1014100001D09C42EDD80A4A936052689A420CD897
:10142000074B00221A755A60064A01211175DB68C4
:101430001BB1034B1869DB68984710BD704700BFAC
:101440009C930120000800431C4B1B7D002B34D0D3
:1014500010B51A4A936851684FF08642127E12F016
:10146000010F16D0994214D94FF0864113484A68AB
:1014700002F00702012A026814BFD25C32F813207E
:101480008A62013344680A7E12F0010F01D09C4247
:10149000EDD80A4A936052689A420DD8074B002251
:1014A0001A755A604FF0864201211175DB681BB135
:1014B000024B1869DB68984710BD7047CC93012038
:1014C0001B4B1B7D002B31D010B5194A9368516816
:1014D000184A127E12F0010F15D0994213D91549FE
:1014E00013484A6802F00702012A026814BFD25C5E
:1014F00032F813208A62013344680A7E12F0010F29
:1015000001D09C42EDD80A4A936052689A420CD8A6
:10151000074B00221A755A60064A01211175DB68D3
:101520001BB1034B1869DB68984710BD704700BFBB
:10153000FC930120002001411B4B1B7D002B31D06F
:1015400010B5194A93685168184A127E12F0010FBB
:1015500015D0994213D9154913484A6802F0070279
:10156000012A026814BFD25C32F813208A62013368
:1015700044680A7E12F0010F01D09C42EDD80A4A5D
:10158000936052689A420CD8074B00221A755A6031
:10159000064A01211175DB681BB1034B1869DB6832
:1015A000984710BD704700BF2C940120000C0043E9
:1015B0002DE9F04182B004460E4615469846037F59
:1015C00013F0010F14BF171D174605F05FFA0097BF
:1015D00003462A463146204601F063FB054618B90A
:1015E000284602B0BDE8F081204605F0CEFFE36852
:1015F0009842F5D3EFF311874FF0200383F311885E
:10160000BFF36F8FBFF34F8F236953B12069CDF8BC
:1016100004800026009633463246216AFCF79AFF82
:10162000266187F31188DBE72DE9F84F04460C9F0C
:101630006668D4F80CB0246910463A68013C00256D
:1016400002F0020A0B9A0BF80450002E1946B8BF9C
:101650000126012390464FEAE279002C03DCD3B146
:101660002046BDE8F88F50EA010209D1721B002A1A
:1016700006DC0A9A521B002AF1DDBAF1000FEED007
:1016800042464B4603F094FD013C134630320BF8C2
:1016900004200135E1E73B6823F010033B60DFE7FE
:1016A00070B504461646856B026C5AB903681BB1C7
:1016B00000200135A56370BD8068FFF7C1FB0023E2
:1016C000A360F6E76EB9406805F068FF6368226CB6
:1016D00013446360A268934219D323686360304661
:1016E000E7E7C06805F05AFF226C5242E3681344F2
:1016F000E36021688B4202D2A3681A44E260022EA2
:1017000001D00020D5E725B1013D0020D1E73046CA
:10171000CFE70020CDE7FEE700282ED010B4044626
:10172000184B1B7D5BBB174B1860596001221A7563
:101730005868154B1B7E13F0010F13D0A8B100237E
:1017400011494A6802F00702012A14BFE25C34F82A
:1017500013208A6201330A7E12F0010F04D09842EE
:10176000EFD102E0002000E01846064B986001200F
:10177000054B98755DF8044B7047002070470020BA
:10178000F8E700BF6C9301200004004300282ED02E
:1017900010B40446184B1B7D5BBB174B1860596097
:1017A00001221A755868154B1B7E13F0010F13D0D8
:1017B000A8B1002311494A6802F00702012A14BFA8
:1017C000E25C34F813208A6201330A7E12F0010FC2
:1017D00004D09842EFD102E0002000E01846064B0A
:1017E00098600120054B98755DF8044B7047002008
:1017F00070470020F8E700BF9C93012000080043D9
:10180000002831D010B40446194B1B7D73BB184B14
:101810001860596001221A7558684FF086431B7E84
:1018200013F0010F14D0B0B100234FF086414A6885
:1018300002F00702012A14BFE25C34F813208A6226
:1018400001330A7E12F0010F04D09842EFD102E07A
:10185000002000E01846064B986001204FF08643B8
:1018600098755DF8044B7047002070470020F8E73A
:10187000CC93012000282ED010B40446184B1B7DB9
:101880005BBB174B1860596001221A755868154BDD
:101890001B7E13F0010F13D0A8B1002311494A6831
:1018A00002F00702012A14BFE25C34F813208A62B6
:1018B00001330A7E12F0010F04D09842EFD102E00A
:1018C000002000E01846064B98600120054B9875F3
:1018D0005DF8044B7047002070470020F8E700BF18
:1018E000FC9301200020014100282ED010B40446B2
:1018F000184B1B7D5BBB174B1860596001221A7592
:101900005868154B1B7E13F0010F13D0A8B10023AC
:1019100011494A6802F00702012A14BFE25C34F858
:1019200013208A6201330A7E12F0010F04D098421C
:10193000EFD102E0002000E01846064B986001203D
:10194000054B98755DF8044B7047002070470020E8
:10195000F8E700BF2C940120000C0043F8B5EFF32A
:1019600011864FF0200383F31188BFF36F8FBFF30D
:101970004F8F836BC26B9A421FD90F46044690F873
:1019800045506DB201338363B5F1FF3F0BD1436A1C
:101990000BB9012012E02430FDF712FD88B197B198
:1019A000012038600AE006F0EFF885420DD20135DB
:1019B0006DB284F84550012000E0002086F31188C4
:1019C000F8BD0120FAE70120F8E70120F6E7FEE77D
:1019D000144B994201D0002070472DE9F0410D468B
:1019E000114B00221A80114C114F0744114EDFF8A1
:1019F00048800BE075614AF20453B38005F0ACFCFB
:101A00000028FBD110341035444508D02B463A1934
:101A100052F8041F43F8041BA342F9D1EAE701205E
:101A2000BDE8F08100408000BA9B0120104080009A
:101A3000ECBF7FFF00400041104280002DE9F041E3
:101A400082B005460E4690461F46047F04F001040E
:101A5000A40005F09AFD844204D30024204602B07D
:101A6000BDE8F081034642463146284601F040F980
:101A700004460028F2D0EFF311884FF0200383F3DF
:101A80001188BFF36F8FBFF34F8F6B694BB16869DC
:101A900001970026009633463246296AFCF75AFD24
:101AA0006E6188F31188D9E738B505460C4605F014
:101AB00091FE164B18682A68144482420BD9A24240
:101AC00002D82C60002410E0A04202D32C60002435
:101AD0000BE02C6004E0A24201D8A04212D22C609C
:101AE0000021201AFEF7F8F90124FBF799FE38B916
:101AF000074B4FF080521A60BFF34F8FBFF36F8FC9
:101B0000204638BD2C600024EFE700BFD4980120A8
:101B100004ED00E0154B01229A611A46936913F017
:101B2000010FFBD0114B9A6942F002029A61104AF0
:101B3000DA611422C3F880209A6922F001029A61C6
:101B40001A46936913F0010FFBD1084B00229A65E6
:101B50000122DA65074A5A65074B03F11C0100228E
:101B600003F8012B8B42FBD1704700BF00040042F9
:101B700001040002DDDDF23F8C9501204FF084432B
:101B800001229A611A46936913F0010FFBD04FF0BE
:101B900084439A6942F002029A610F4ADA61002294
:101BA000C3F880209A6922F001029A611A4693696B
:101BB00013F0010FFBD14FF0844300229A650122FC
:101BC000DA65064A5A65064B03F11C01002203F848
:101BD000012B8B42FBD170471D58003ADDDDF23FEF
:101BE000A895012008B5174B93F82C30CBB1154BB5
:101BF000DA691B6A934214D2124B986A124A916AAC
:101C00001B6A526802F00702012A0E4A926914BF49
:101C1000D15422F8131001330A4A1362D2699A424E
:101C200000D008BD074B002283F82C20DA61064A59
:101C3000842111755B6A002BF3D0024B5B6A9847D5
:101C4000EFE700BF6C9301200004004308B5174B79
:101C500093F82C30CBB1154BDA691B6A934214D23E
:101C6000124B986A124A916A1B6A526802F0070284
:101C7000012A0E4A926914BFD15422F8131001337D
:101C80000A4A1362D2699A4200D008BD074B00226B
:101C900083F82C20DA61064A842111755B6A002BD7
:101CA000F3D0024B5B6A9847EFE700BF9C9301209B
:101CB0000008004308B5184B93F82C30D3B1164BED
:101CC000DA691B6A934215D2134B986A4FF0864229
:101CD000916A1B6A526802F00702012A0E4A926951
:101CE00014BFD15422F8131001330B4A1362D26986
:101CF0009A4200D008BD084B002283F82C20DA61FC
:101D00004FF08642842111755B6A002BF2D0024BA2
:101D10005B6A9847EEE700BFCC93012008B5174BEC
:101D200093F82C30CBB1154BDA691B6A934214D26D
:101D3000124B986A124A916A1B6A526802F00702B3
:101D4000012A0E4A926914BFD15422F813100133AC
:101D50000A4A1362D2699A4200D008BD074B00229A
:101D600083F82C20DA61064A842111755B6A002B06
:101D7000F3D0024B5B6A9847EFE700BFFC9301206A
:101D80000020014108B5174B93F82C30CBB1154B0F
:101D9000DA691B6A934214D2124B986A124A916A0A
:101DA0001B6A526802F00702012A0E4A926914BFA8
:101DB000D15422F8131001330A4A1362D2699A42AD
:101DC00000D008BD074B002283F82C20DA61064AB8
:101DD000842111755B6A002BF3D0024B5B6A984734
:101DE000EFE700BF2C940120000C004310B5164C07
:101DF0005A222270A52363700723A3708223E37005
:101E00000023237184216171A2710122E271237286
:101E100060720E4B1868FDF77DFC0D4B4FF40022ED
:101E20009A61A17803312046FFF7B0FC05F082FCEF
:101E30000028FBD0064B4FF400225A61034B186870
:101E4000FEF72AFF10BD00BF28950120A8990120A8
:101E500000800041F8B505460C4600F10C0605F07F
:101E6000B9FC286929682143296086421CD00027D3
:101E70000FE0296832EA010108D113F0807F18BF12
:101E80001743296841F00071FEF790F92046A642F9
:101E90000BD04468036823F07F4213F0806FE8D1D1
:101EA00029680A42E9D1F1E700272B6823EA0707EE
:101EB0002F60FBF7B5FC2868F8BD4FF6FF70704740
:101EC000EFF30980BFF36F8F154B1A681EF0100FE8
:101ED00008BF20ED108A20E9F04F10602DE90900BD
:101EE0004FF0200080F31188BFF34F8FBFF36F8F47
:101EF000FEF754FB4FF0000080F3118809BC19680D
:101F00000868B0E8F04F1EF0100F08BFB0EC108A60
:101F100080F30988BFF36F8F704700BFAFF3008075
:101F2000A098012000230C4A13600C4A13600C4A4D
:101F300013600C4A13600C4A13600C4A13600C4A7D
:101F400013600C4A13600C4A13600C4A13600C4A6D
:101F500013600C4A13607047A0980120B0980120CC
:101F6000AC980120D4980120BC980120D098012081
:101F7000CC980120D8980120C8980120B898012059
:101F8000C4980120B498012039B3F0B40C46144B26
:101F9000D3F8F430C3F30423B8B10138C7B2002139
:101FA000104E00E01146326902EBC3021568526818
:101FB00025606260814208D008340133DBB2012B16
:101FC00008BF00234A1CB942ECD103F01F03044AA6
:101FD000C2F8F8300120F0BC70470020704700BF05
:101FE000000400428C95012049B3F0B40C464FF038
:101FF0008443D3F8F430C3F30423B8B10138C7B233
:102000000021104E00E01146326902EBC302156850
:10201000526825606260814208D008340133DBB227
:10202000012B08BF00234A1CB942ECD103F01F0367
:102030004FF08442C2F8F8300120F0BC7047002015
:10204000704700BFA8950120144B01221A601A4660
:10205000D369002BFCD1114B4FF480725A601A46A1
:10206000D369002BFCD10D4BFF22DA600C4A1A60B9
:102070001A46D369002BFCD1084B10225A831A460A
:10208000D369002BFCD1074B002283F8212083F871
:102090002020024B83229A75704700BF0040014107
:1020A000160010005C94012070B505460C4604F043
:1020B000DDFC134B1A682368B3F1FF3F1AD069683F
:1020C000104800682E68864205D0914203D800234C
:1020D000236001240FE0501A834203D800232360B9
:1020E000012408E09B1A0B442360284605F08EF873
:1020F000002400E0002405F0BBF9204670BD00BFBD
:10210000D4980120C898012038B5114B1868FDF704
:10211000F5FF104C2060104DAA221049284605F00A
:102120003DFA0023224629460D480068FFF798F83B
:1021300023683BB10B4B4FF080521A60BFF34F8FB7
:10214000BFF36F8F024B1868FEF7A6FD38BD00BFC6
:10215000D4990120349B0120348F0120888E0120E6
:10216000CC99012004ED00E010B582B0114B1B7832
:1021700063B1104B1B783BB10F4B01221A70002347
:102180000E4A13700E4A137002B010BD094A13783C
:102190000133DBB213700B4B1C6805F0E9FC4EF603
:1021A00060230093002302460121204601F04CFBEE
:1021B000DFE700BFEC9B0120ED9B0120DD9B0120B0
:1021C000EF9B0120D49A012000B583B0002201A921
:1021D000114B1868FCF7AEFC60B19DF80430013B70
:1021E000032B07D8DFE803F002090E130B4B186826
:1021F000FEF752FD03B05DF804FB084B1868FEF7CC
:102200004BFDF7E7064B1868FEF746FDF2E7054B76
:102210001868FEF741FDEDE7D8990120E09801200C
:10222000089901200C990120F0B40F46B1B1451E68
:102230004618013E4FF6FF734AF2010401E0B54231
:102240000ED015F8011F4B40082113F0010F14BFE9
:1022500084EA53035B080139F7D1F0E74FF6FF73C7
:10226000190A012A0BD1C2195278C05DDBB28A4229
:1022700008BF98420CBF01200020F0BC7047C35536
:10228000384441700120F8E770B515495A230B70A6
:10229000A5234B7021238B708223CB7010230B71ED
:1022A000DE234B71056844688268C668C1F8065031
:1022B000C1F80A40C1F80E20C1F8126005694469EE
:1022C0008269C1F81650C1F81A40C1F81E20828BED
:1022D0004A840023642203480068FCF70DFB70BDAC
:1022E00028950120A499012070B515495A230B7037
:1022F000A5234B7021238B708223CB7010230B718D
:10230000AE234B71056844688268C668C1F8065000
:10231000C1F80A40C1F80E20C1F81260056944698D
:102320008269C1F81650C1F81A40C1F81E20828B8C
:102330004A840023642203480068FCF7DDFA70BD7C
:1023400028950120A4990120154B01221A801A46D4
:10235000136B13F0010FFBD14FF080131B681A09A8
:1023600002F07002D90001F4E0610A43C3F3820372
:102370001A430B4BA3F848204FF400721A80032233
:10238000DA721A724FF4C0529A801022DA80072251
:1023900083F82E201A46136B002BFCD1704700BF28
:1023A000001C0043154B01221A801A46136B13F0D0
:1023B000010FFBD14FF080131B689A0C02F07002E2
:1023C000D90A01F4E0610A43C3F302431A430B4BF9
:1023D000A3F848204FF400721A800322DA721A72AE
:1023E0004FF4C0529A801222DA80072283F82E20FE
:1023F0001A46136B002BFCD1704700BF002000432E
:1024000008B54FF086439B7D0BB34FF08642137E99
:10241000DBB2927D12F0800F1AD14FF08642137E0C
:10242000DBB2927D12F0010F04D013F0010F01D046
:10243000FFF70AF84FF08642137EDBB2927D12F06E
:10244000040F04D013F0040F01D0FFF733FC08BDD4
:1024500013F0800FE1D001F09FFCDEE708B505F036
:1024600001F9FBF71DF9F9F763FAFFF7EDFD00F04D
:1024700007FA02F0E1FEF9F75AFAFFF74BFB00F01A
:1024800029FA00F0A9F900F07DF9FFF777FB00F0D9
:10249000CDF9FEF7BDF901F057F901F075F902F039
:1024A00027FA00F099FCFFF74FFFFFF77BFF01F0E1
:1024B000C7FCFAF78DFE08BDF8B5054605F058FBD8
:1024C0000446114B1B68834205D800232B600E4B3A
:1024D0001C602046F8BD0D4B1B681A685AB14FF0BE
:1024E000FF370A4EDB683946186801F06DF933682A
:1024F0001A68002AF6D1064A106804490860136079
:1025000001232B60E3E700BF949801208C98012001
:102510009098012070B5104E104D2B783370104BF1
:102520001868FDF7EBFD0F4C206000232246314672
:102530000D480068FEF794FE0121284601F0E4F8FA
:1025400023683BB1094B4FF080521A60BFF34F8FA5
:10255000BFF36F8F70BD00BFC09B0120CC9B0120DB
:1025600028990120109B01202499012004ED00E00E
:102570000E4A38B5002313600D4A0E4C13600E4A04
:102580000E4D13600E4A13600E4A13600E4A5362DA
:1025900013610123936005F0B1FB05F0AFFBAC4282
:1025A00000D338BD54F8043B9847F8E7A09B0120BE
:1025B000E89101206C220000E491012070220000CB
:1025C000DC910120E0910120EC91012008B5144B31
:1025D0009B7DF3B1124A137EDBB2927D12F0800F25
:1025E00018D10F4A137EDBB2927D12F0010F04D096
:1025F00013F0010F01D0FEF7AFFE094A137EDBB2E4
:10260000927D12F0040F04D013F0040F01D0FFF7F5
:10261000E9FA08BD13F0800FE3D001F085FBE0E795
:102620000004004308B5144B9B7DF3B1124A137E9E
:10263000DBB2927D12F0800F18D10F4A137EDBB20D
:10264000927D12F0010F04D013F0010F01D0FEF7BC
:10265000BFFE094A137EDBB2927D12F0040F04D054
:1026600013F0040F01D0FFF7F1FA08BD13F0800F4B
:10267000E3D001F075FBE0E70008004308B5144B18
:102680009B7DF3B1124A137EDBB2927D12F0800F74
:1026900018D10F4A137EDBB2927D12F0010F04D0E5
:1026A00013F0010F01D0FEF70BFF094A137EDBB2D6
:1026B000927D12F0040F04D013F0040F01D0FFF745
:1026C0002DFB08BD13F0800FE3D001F081FBE0E7A4
:1026D0000020014108B5144B9B7DF3B1124A137ED3
:1026E000DBB2927D12F0800F18D10F4A137EDBB25D
:1026F000927D12F0010F04D013F0010F01D0FEF70C
:102700001BFF094A137EDBB2927D12F0040F04D046
:1027100013F0040F01D0FFF735FB08BD13F0800F55
:10272000E3D001F071FBE0E7000C00432DE9F84332
:10273000EFF311854FF0200383F31188BFF36F8F00
:10274000BFF34F8F036923B1002085F31188BDE8E3
:10275000F88343690BB10020F7E70446D0F81890DE
:10276000D0F80880C768067F2022002105F072F8A3
:10277000C4F81890C4F80880E76026770023236225
:102780000120E2E7114B124A1A604FF622029A81A9
:102790004FF440325A601A46D369002BFCD10B4AE1
:1027A000136843F002031360D369002BFCD1094B7B
:1027B00000229A61DA611A6283F82C205A621A6048
:1027C0005A609A601A75DA60DA857047000400432F
:1027D000040110406C930120114B124A1A604FF60D
:1027E00022029A814FF440325A601A46D369002B74
:1027F000FCD10B4A136843F002031360D369002B2A
:10280000FCD1094B00229A61DA611A6283F82C200C
:102810005A621A605A609A601A75DA60DA857047EF
:1028200000080043040110409C9301204FF08643B0
:10283000114A1A604FF622029A814FF440325A60D0
:102840001A46D369002BFCD14FF08642136843F03F
:1028500002031360D369002BFCD1084B00229A615C
:10286000DA611A6283F82C205A621A605A609A6000
:102870001A75DA60DA85704704011040CC930120A4
:10288000114B124A1A604FF658729A814FF4403237
:102890005A601A46D369002BFCD10B4A136843F0E7
:1028A00002031360D369002BFCD1094B00229A610B
:1028B000DA611A6283F82C205A621A605A609A60B0
:1028C0001A75DA60DA857047002001410401104072
:1028D000FC930120114B124A1A604FF622029A8192
:1028E0004FF440325A601A46D369002BFCD10B4A90
:1028F000136843F002031360D369002BFCD1094B2A
:1029000000229A61DA611A6283F82C205A621A60F6
:102910005A609A601A75DA60DA857047000C0043D5
:10292000040110402C94012010B5134B1C68E27870
:1029300042F04002E2701A68146860F31C041460EC
:102940001A689079082464F303009071D07840F0FD
:102950004000D0701B6810221A7203225A720A0EAD
:102960001A730A0C5A7321FA04F29A73D97319462E
:10297000012000F057F810BD989B012010B5134BB3
:102980001C68E27842F04002E2701A68146860F352
:102990001C0414601A689079082464F30300907191
:1029A000D07840F04000D0701B6820221A720322B9
:1029B0005A720A0E1A730A0C5A7321FA04F29A73A5
:1029C000D9731946012000F02DF810BD989B012005
:1029D00038B5054603F072FE0F4C1223237107230E
:1029E0006371E5710D4B1868FCF794FE0C4B4FF4C6
:1029F00000229A61A17803312046FEF7C7FE04F059
:102A000099FE0028FBD0064B4FF400225A61034B7D
:102A10001868FEF741F938BD28950120A8990120D2
:102A200000800041012801D000207047E1B1F0B4DE
:102A30000E4CD4F8C430C3F304430D4AD5681801D2
:102A40002A18D1F800C04F688E68C96845F800C0E0
:102A500057609660D160012000FA03F3BFF34F8FF7
:102A6000C4F8D030F0BC704700207047000400422A
:102A70008C950120012801D000207047E9B1F0B405
:102A80004FF08444D4F8C430C3F304430C4AD568EF
:102A900018012A18D1F800C04F688E68C96845F837
:102AA00000C057609660D160012000FA03F3BFF3C5
:102AB0004F8FC4F8D030F0BC70470020704700BF83
:102AC000A895012038B503F0D1FF0D4B1B6813B159
:102AD00004F0CEFC38BD0B4D284604F0F4FB0A4C44
:102AE000204604F0F0FB094B1D60094B1C600022DE
:102AF0000C210A2000F011FB014B1860E8E700BF31
:102B000098980120C4950120D89501208C98012027
:102B100090980120F8B506460C46012A1DD0022ADD
:102B20000CBF04270027002C08BF012416F1260F34
:102B300015D806F12500FBF7ADFD054680B1202232
:102B4000002104F087FE05F12403AB610136AE607D
:102B5000EC602F7700232B6202E00127E3E70025DA
:102B60002846F8BD30B583B00E4B72221A6301209F
:102B700002F0D2FE0C4B23221A701878FFF736F9B8
:102B800001240A4B5C700A4B1D6804F0F1FF49F602
:102B900040430093002302462146284600F054FE9D
:102BA00003B030BDE08F0120FB9C0120B49B0120CD
:102BB000689B0120F8B5114C5A272770A52666702E
:102BC0000B25A5708225E570002525714FF09C0C22
:102BD00084F805C0A771E67120726172A272E37277
:102BE0009DF8183023739DF81C3063732B466422C4
:102BF000214603480068FBF77FFEF8BD28950120B9
:102C0000A499012030B589B015464FF0FF320192EA
:102C100002F20312029200B96846CDE9030151B1F4
:102C20004C1E0029059408DA094B4F221A604FF018
:102C3000FF3009B030BD0C46F3E700220270CDE949
:102C400006001A46294601A804F038F8F1E700BF4B
:102C5000A49B012070B504460D46164603F006FFFE
:102C600094F844305BB2B3F1FF3F04BF002384F813
:102C7000443094F845305BB2B3F1FF3F04BF00230A
:102C800084F8453004F0F4FBA36B1BB12046FEF73B
:102C900069FA70BD3246294604F1240000F0CEFFE7
:102CA000F4E770B582B005460E46144640682A7FA8
:102CB00012F0010F0DD00194069A934201D2002424
:102CC0000BE0034604220DEB0201284600F0DCFD78
:102CD00002E09C4228BF1C4614B9204602B070BDD9
:102CE000034622463146284600F0CEFD6860F4E7F0
:102CF000F0B583B005460F4616461C460368027FB2
:102D000012F0010F06D1B44228BF344674B92046F0
:102D100003B0F0BD04220DEB020100F013FC0346EA
:102D2000019AB24209D8043C1646ECE722463946DD
:102D3000284600F007FC2860E9E70024E7E7FEE703
:102D4000F8B5104B1D88104B00221A8011F00F0FA0
:102D500001D00020F8BDADB20C460646202004F09C
:102D6000F1FA06F110073346A11BCA1853F8040BF9
:102D70001060BB42F9D105F0300004F0E3FA012005
:102D8000E8E700BF00400041BA9B0120104B002241
:102D90009A61DA610F4B83221A765A6822F48022F4
:102DA0005A601A46D369002BFCD161B1084B03224B
:102DB00083F8202041EA4001064B59621A46D36944
:102DC000002BFCD17047024B042283F82020F1E74E
:102DD0005C94012000400141104B01221A601A4608
:102DE000936813F0010FFBD10C4B4FF480521A6023
:102DF00000225A6158690A49014359610221D96385
:102E00005A649A64DA641A655A659A6540F65F12E4
:102E10001A641A469368002BFCD170470060014188
:102E2000000F404010B50F4B1A6842F47F021A6041
:102E30001A6842F07F421A600024043B1C6003F0D1
:102E400063F9094B1C6004F009FB084A136843F05E
:102E50004043136003F044F9FDF7A0FB03F0F6FDD7
:102E6000204610BD20ED00E0D89D012034EF00E0A9
:102E7000F8B50F4B1B68D3B10E4F0F4E0C4D03F03E
:102E8000F5FDFB68DC68201D03F04EFC3368013B58
:102E900033602B68013B2B6004F0EAFA206BFDF7EE
:102EA0001BFC2046FDF718FC2B68002BE7D1F8BD72
:102EB000B09801203C960120AC98012030B583B039
:102EC0000E4B1D6804F054FE4EF66024009400235F
:102ED00002460121284600F0B7FC094B1D6804F0AA
:102EE00047FE0094002302460121284600F0ACFC76
:102EF000044B1868FDF7D0FE03B030BD3C9B0120A9
:102F0000409B0120389A012010B5114A13681968B6
:102F100060F31C01196013689979082060F30301BC
:102F20009971D97841F04001D9701468A27902F002
:102F30000F020021201804F08DFC102323720423BB
:102F400063720120E0732146FFF76CFD002010BD85
:102F5000989B012010B5114A1368196860F31C0191
:102F6000196013689979082060F303019971D97881
:102F700041F04001D9701468A27902F00F020021DB
:102F8000201804F067FC20232372042363720120BD
:102F9000E0732146FFF746FD002010BD989B0120FD
:102FA00010B5104B00245C600F4A1360224660F39A
:102FB0001C021A60120E42F04002DA7008229A7166
:102FC0005C8110221A7202225A720A0E1A730A0CBB
:102FD0005A730A0A9A73D97319460120FFF722FD22
:102FE000204610BDE0960120989B012010B5104BA3
:102FF00000245C600F4A1360224660F31C021A60D2
:10300000120E42F04002DA7008229A715C8120228E
:103010001A7202225A720A0E1A730A0C5A730A0A98
:103020009A73D97319460120FFF7FCFC204610BDA6
:10303000E0960120989B012070B50E4B0E4A0021AE
:10304000934208D30D480E4D4FF6FF76016829B91B
:1030500043681BB970BD03F8011BF1E78368426840
:10306000334000F10C0455F823302046984704EB18
:103070008000EBE710000020100000204055000009
:10308000D474030001F000428B1AA3F16051B1F532
:10309000801F0ADBB1F17F6F09D242EAC102C10091
:1030A00071F1004142EB50707047104670470128A3
:1030B0005B4113F5001F02D842F0FF407047C90082
:1030C00041EA5070104340F4800040F08040704767
:1030D00030B400F01F05430903F5020303F58073C4
:1030E000DB016C081A1992F83020D2B210F0010FEF
:1030F00019BF22F0F00242EA011122F00F0211433F
:10310000C9B21C4484F830102B4493F8402042F09C
:10311000010283F8402030BC704770B5D8B1054635
:10312000A0FB0132D2B901FB00F010F1490F17D812
:103130000C464830FBF7AEFA064668B114B100F110
:10314000480300E003463360F563346401213046F0
:10315000FDF712FD00E00026304670BD0026FBE7BB
:103160000026F9E7C1F30A5340F21E42D21A0EDDDF
:10317000202A0AD8CB0243EA505040F00040D04009
:1031800090EAE170B0EBE1707047002070474B00AF
:10319000004218BF43F0010313F5001F88BF21F060
:1031A000004111F0004058BF6FF000407047FEE74B
:1031B00008B54160006191420CD8D21A83699A42E5
:1031C00001D3012008BD011D094B186801F0DEFB89
:1031D0000020F7E79A4201D2994206D2011D054B21
:1031E000186801F0D3FB0020ECE70120EAE700BFFC
:1031F000909801208C9801202DE9F041044603F0BD
:1032000035FC23692BB1002404F032F92046BDE8D7
:10321000F08163690BB10024F6E7D4F81880A76841
:10322000E668257F20220021204604F013FBC4F825
:103230001880A760E6602577002323620124E3E776
:1032400000B58BB00E4D0F4C05E04FF400236361C9
:10325000322001F0B5FB002269462868FBF76AFCC2
:103260000028F5D04FF40023A3619DF8021003312C
:103270006846FEF78BFA04F05DFA0028FBD0E4E71D
:10328000A49901200080004138B50F4C5A252570C3
:10329000A52565700925A5708225E5701025257185
:1032A00096256571A071E171227263729DF81030EC
:1032B000A3729DF81430E372002364222146034870
:1032C0000068FBF719FB38BD28950120A49901205F
:1032D00038B50F4C5A252570A52565700925A570B0
:1032E0008225E570102525719C256571A071E1711D
:1032F000227263729DF81030A3729DF81430E3724D
:1033000000236422214603480068FBF7F5FA38BD24
:1033100028950120A499012038B50F4C5A25257015
:10332000A52565700925A5708225E57010252571F4
:10333000A2256571A071E171227263729DF810304F
:10334000A3729DF81430E3720023642221460348DF
:103350000068FBF7D1FA38BD28950120A499012017
:1033600038B50F4C5A252570A52565700925A5701F
:103370008225E57010252571A8256571A071E17180
:10338000227263729DF81030A3729DF81430E372BC
:1033900000236422214603480068FBF7ADFA38BDDC
:1033A00028950120A49901202DE9F04180460F467F
:1033B00015461E462820FBF76DF90446A0B10023F0
:1033C00080F82430FFF77EFBC4F80080A761E66137
:1033D000069B2362201D04F065FC2DB194F8243077
:1033E00043F0040384F824302046BDE8F08110B592
:1033F0000278202A034600F10100F9D0A2F1090168
:103400000429F5D92B2A07D02D2A11D10121013306
:10341000013B00200A2403E00021F8E76043801A02
:1034200013F8012F303A092AF8D901B9404210BDEA
:103430000021EDE738B5044604F068F8002C16DBEF
:1034400063090C4951F8235004F01F04E54005F0CE
:103450000105012202FA04F4203341F82340BFF3AE
:103460004F8FBFF36F8F04F05AF8284638BD002500
:10347000F9E700BF00E100E00E4B002283F82120B5
:1034800083F820200C4A136823F002031360D369E9
:10349000002BFCD1084A136843F002031360D36980
:1034A000002BFCD1044B10225A831A46D369002BFF
:1034B000FCD170475C9401200040014110B50E4BD7
:1034C00000245C600D4A1360224660F31C021A60FF
:1034D000120E42F04002DA7008229A71C3F80A40D4
:1034E000DC8110221A725F225A72D97319460120A8
:1034F000FFF798FA204610BDE0960120989B012026
:1035000010B50E4B00245C600D4A1360224660F338
:103510001C021A60120E42F04002DA7008229A7100
:10352000C3F80A40DC8120221A725F225A72D973D2
:1035300019460120FFF776FA204610BDE0960120DB
:10354000989B01202DE9F0410646884617461C4607
:103550008568ED1A954228BF154681692A461944A7
:10356000404604F01BF8AF4206D8E019B368834226
:1035700098BFC01ABDE8F0817A1BB16908EB05005D
:1035800004F00CF8F1E7FEE710B5054C227832B9EB
:10359000044B13B10448AFF300800123237010BD26
:1035A00070950120000000000000000008B5034BEA
:1035B0001BB103490348AFF3008008BD00000000C1
:1035C000749501200000000070B50D4B1B889EB261
:1035D0000C4B00221A8011F0070F01D0002070BDA3
:1035E0000C460546102003F0ADFE2B6823606B6887
:1035F000636006F0300003F0A5FE0120EFE700BF96
:1036000000400041BA9B012010B40D4B00221A80EB
:10361000031F00F5FE74081A0430C21853F8041F83
:103620001160A342F9D1074B1B8803F030031BB98B
:10363000044B4AF203529A8001205DF8044B704714
:10364000BA9B012000400041B8B138B505460C4A8C
:1036500092F82C200AB1002038BD0C4601F090FAF7
:10366000074B9D61DC6100221A62012083F82C0067
:10367000DA85044B84229A75EEE70020704700BF7C
:103680006C93012000040043B8B138B505460C4ADC
:1036900092F82C200AB1002038BD0C4601F088FABF
:1036A000074B9D61DC6100221A62012083F82C0027
:1036B000DA85044B84229A75EEE70020704700BF3C
:1036C0009C93012000080043B8B138B505460C4A68
:1036D00092F82C200AB1002038BD0C4601F098FA6F
:1036E000074B9D61DC6100221A62012083F82C00E7
:1036F000DA85044B84229A75EEE70020704700BFFC
:10370000FC93012000200141B8B138B505460C4AB0
:1037100092F82C200AB1002038BD0C4601F090FA36
:10372000074B9D61DC6100221A62012083F82C00A6
:10373000DA85044B84229A75EEE70020704700BFBB
:103740002C940120000C00430D4B01221A601A46F4
:10375000136913F0010FFBD1094B10221A600322E9
:103760001A734EF65E229A8333229A72054A00211A
:10377000116001225A721A461369002BFCD170475E
:10378000003C0040509701200D4B01221A601A4660
:10379000136913F0010FFBD1094B10221A600322A9
:1037A0001A734EF65E229A8333229A72054A0021DA
:1037B000116001225A721A461369002BFCD170471E
:1037C000001800425897012070B505460E460D4B73
:1037D0001B68DB68DC68201D02F0A6FF94F824302B
:1037E00013F0040F07D123F0010384F82430236A77
:1037F0002046984770BD32462946204602F0ECFD2F
:10380000F5E700BF8C98012000B583B0FFF75AF9A7
:10381000094B1B686BB1094B0193032300930023F1
:103820004FF4807206490748F8F7A0FA03B05DF834
:1038300004FB0020FAE700BF989801209C98012023
:10384000687C0300F1DA02000E4B1B68C3B100B5BF
:1038500085B0019102920390052903DD002005B097
:103860005DF804FB03F042F902284FF000030CBF9F
:10387000069A1A4601A903480068FBF73DF8EEE7EF
:1038800000207047989801202DE9F04106468846AF
:1038900017461C468568ED1A954228BF1546806973
:1038A0002A46184403F07AFEAF4206D8E019B368FE
:1038B000834298BFC01ABDE8F0817A1B08EB05016E
:1038C000B06903F06BFEF1E770B582B0EFF31186DB
:1038D0004FF0200383F31188BFF36F8FBFF34F8F37
:1038E00003697BB1044600690191002500952B46D0
:1038F0002A46216AFAF72EFE2561012086F31188F7
:1039000002B070BD0020F9E770B582B0EFF3118608
:103910004FF0200383F31188BFF36F8FBFF34F8FF6
:1039200043697BB1044640690191002500952B460F
:103930002A46216AFAF70EFE6561012086F3118896
:1039400002B070BD0020F9E730B585B001248DF8D4
:103950000C400223002203A909480068FAF7CCFFB3
:10396000084B1D6804F004F94EF660230093002311
:10397000024621462846FFF767FF05B030BD00BF6D
:10398000749901209099012030B585B001248DF8FB
:103990000C400223002203A909480068FAF7ACFF93
:1039A000084B1D6804F0E4F84EF6602300930023F2
:1039B000024621462846FFF747FF05B030BD00BF4D
:1039C000809901209499012010B5044603F0F2FA81
:1039D0000C4B01221A601A46136913F0010FFBD138
:1039E000084B10221A6002221A739C830022DA8389
:1039F00033229A721A461369002BFCD103F0CEFAD7
:103A000010BD00BF0018004310B50D4900244C60E4
:103A10000C4B1960234660F31C030B601B0E43F034
:103A20004003CB7008238B71C1F80A40CC8110236E
:103A30000B7204234B720120FEF7F4FF204610BDE9
:103A4000E0960120989B012010B50D4900244C60A0
:103A50000C4B1960234660F31C030B601B0E43F0F4
:103A60004003CB7008238B71C1F80A40CC8120231E
:103A70000B7204234B720120FEF7D4FF204610BDC9
:103A8000E0960120989B012008B50D4900224A606C
:103A90000C4B1960134660F31C030B6008208871FF
:103AA0001B0E43F04003CB70C1F80A20CA811223D9
:103AB0000B7248720120FEF7B5FF002008BD00BF61
:103AC000E0960120989B012008B50D4900224A602C
:103AD0000C4B1960134660F31C030B6008208871BF
:103AE0001B0E43F04003CB70C1F80A20CA81222389
:103AF0000B7248720120FEF795FF002008BD00BF41
:103B0000E0960120989B012010B50D4900244C60DF
:103B10000C4B1960234660F31C030B601B0E43F033
:103B20004003CB7008238B71C1F80A40CC8112236B
:103B30000B721E234B720120FEF774FF204610BD4E
:103B4000E0960120989B012010B50D4900244C609F
:103B50000C4B1960234660F31C030B601B0E43F0F3
:103B60004003CB7008238B71C1F80A40CC8122231B
:103B70000B721E234B720120FEF754FF204610BD2E
:103B8000E0960120989B0120C0B138B505460C4A4B
:103B900092F82C200AB1002038BD0C4601F020F824
:103BA000074B9D61DC6100221A62012083F82C0022
:103BB000DA854FF0864384229A75EDE7002070473E
:103BC000CC93012008B503F0CDFFFBF765FC0A4B51
:103BD0001868FBF761FCFFF74BF94FF0200383F304
:103BE0001188BFF36F8FBFF34F8F044B00221A6011
:103BF00004F082F808BD00BFC0980120D0980120D1
:103C000038B50D4B1C6841F00041A16141681C684A
:103C1000E1611C688D6825621C6818346C601C6842
:103C200018348C601B6898620368013303600121BB
:103C30001046FCF751F938BDA098012070B54468D2
:103C40000C4B1D68EC611D68A6682E621D68183556
:103C500075601D681835A5601B689862036801339C
:103C60000360002A0CBF08464FF0FF301146FCF7F6
:103C700033F970BDA098012010B50C4900240C60E8
:103C80004C600B4B19604023CB700B6860F31C0336
:103C90000B6008238B71C1F80A40CC8112230B7290
:103CA00001204872FEF7BEFE204610BDE0960120BE
:103CB000989B01204FF4001C1CEB410F98BF1CEB9C
:103CC000430F11D851EA030C50EA4C0C5CEA020C89
:103CD0000CD004D282428B41804101307047904227
:103CE00099418041013070470020704701207047A2
:103CF0000C4B93F820305BB20BB10020704710B52D
:103D0000084B9880D9605A6100229A601A61012498
:103D10009C701A7083F821202146FFF737F820465F
:103D200010BD00BF5C9401200B4B5B8B13F00703AD
:103D300000D1704710B5094CE38500F021FF064B18
:103D400084221A75002384F82C30636A13B1A06AA8
:103D5000636A984710BD00BF000400436C930120C4
:103D60000B4B5B8B13F0070300D1704710B5094C68
:103D7000E38500F01DFF064B84221A75002384F8AA
:103D80002C30636A13B1A06A636A984710BD00BF04
:103D9000000800439C9301204FF086435B8B13F097
:103DA000070300D1704710B5084CE38500F018FFF9
:103DB0004FF0864384221A75002384F82C30636AFE
:103DC00013B1A06A636A984710BD00BFCC9301206D
:103DD0000B4B5B8B13F0070300D1704710B5094CF8
:103DE000E38500F015FF064B84221A75002384F842
:103DF0002C30636A13B1A06A636A984710BD00BF94
:103E000000200141FC9301200B4B5B8B13F0070357
:103E100000D1704710B5094CE38500F011FF064B47
:103E200084221A75002384F82C30636A13B1A06AC7
:103E3000636A984710BD00BF000C00432C9401201A
:103E40000C4B01221A601A46936813F0010FFBD144
:103E5000084B4FF480521A600222DA6300225A643F
:103E60009A6440F65F121A641A469368002BFCD1DC
:103E7000704700BF0010004342690B4B9A4201D0CB
:103E800000207047836A094A934201D1002070479D
:103E90000BB10020704790F85000C0B210F1FF3015
:103EA00018BF0120704700BF2896012014960120FA
:103EB00038B50D46044660B102F0D8FD631993F899
:103EC0005030DBB2022B07D0002403F0D1FA204699
:103ED00038BD044B1C68EFE72C44002384F85030B5
:103EE0000124F2E7A098012010B50B4900240C60D2
:103EF0004C600A4B19604023CB700B6860F31C03C5
:103F00000B6008238B718C60CC6012230B72012034
:103F1000FEF788FD204610BDE0960120989B012009
:103F200010B5044602F0EEFB094910230B7106237D
:103F30004B71230E8B71230CCB71230A0B724C72C5
:103F40000023642203480068FAF7D6FC10BD00BFC6
:103F500028950120A499012010B5044602F0D2FB57
:103F6000094910230B710A234B71230E8B71230C0B
:103F7000CB71230A0B724C72002364220348006841
:103F8000FAF7BAFC10BD00BF28950120A4990120C2
:103F900010B5044602F0B6FB094910230B710E233D
:103FA0004B71230E8B71230CCB71230A0B724C7255
:103FB0000023642203480068FAF79EFC10BD00BF8E
:103FC00028950120A499012010B5044602F09AFB1F
:103FD000094910230B7116234B71230E8B71230C8F
:103FE000CB71230A0B724C720023642203480068D1
:103FF000FAF782FC10BD00BF28950120A49901208A
:1040000010B5044602F07EFB094910230B71122300
:104010004B71230E8B71230CCB71230A0B724C72E4
:104020000023642203480068FAF766FC10BD00BF55
:1040300028950120A499012010B5044602F062FBE6
:10404000094910230B711A234B71230E8B71230C1A
:10405000CB71230A0B724C72002364220348006860
:10406000FAF74AFC10BD00BF28950120A499012051
:1040700008B50B495A230B70A5234B7005238B7091
:104080008223CB7010230B7128234B71030A8B7191
:10409000C8710023642203480068FAF72DFC08BDAC
:1040A00028950120A499012008B50B495A230B70CB
:1040B000A5234B7005238B708223CB7010230B71CB
:1040C0002A234B71030A8B71C871002364220348B1
:1040D0000068FAF711FC08BD28950120A499012079
:1040E00008B50B495A230B70A5234B7005238B7021
:1040F0008223CB7010230B712C234B71030A8B711D
:10410000C8710023642203480068FAF7F5FB08BD74
:1041100028950120A499012008B50B495A230B705A
:10412000A5234B7005238B708223CB7010230B715A
:104130002E234B71030A8B71C8710023642203483C
:104140000068FAF7D9FB08BD28950120A499012041
:1041500008B50B495A230B70A5234B7005238B70B0
:104160008223CB7010230B7130234B71030A8B71A8
:10417000C8710023642203480068FAF7BDFB08BD3C
:1041800028950120A499012008B50B495A230B70EA
:10419000A5234B7005238B708223CB7010230B71EA
:1041A00032234B71030A8B71C871002364220348C8
:1041B0000068FAF7A1FB08BD28950120A499012009
:1041C00008B50B495A230B70A5234B7005238B7040
:1041D0008223CB7010230B711C234B71030A8B714C
:1041E000C8710023642203480068FAF785FB08BD04
:1041F00028950120A499012008B50B495A230B707A
:10420000A5234B7005238B708223CB7010230B7179
:104210001E234B71030A8B71C8710023642203486B
:104220000068FAF769FB08BD28950120A4990120D0
:1042300008B50B495A230B70A5234B7005238B70CF
:104240008223CB7010230B7120234B71030A8B71D7
:10425000C8710023642203480068FAF74DFB08BDCB
:1042600028950120A499012008B50B495A230B7009
:10427000A5234B7005238B708223CB7010230B7109
:1042800022234B71030A8B71C871002364220348F7
:104290000068FAF731FB08BD28950120A499012098
:1042A00008B50B495A230B70A5234B7005238B705F
:1042B0008223CB7010230B7124234B71030A8B7163
:1042C000C8710023642203480068FAF715FB08BD93
:1042D00028950120A499012008B50B495A230B7099
:1042E000A5234B7005238B708223CB7010230B7199
:1042F00026234B71030A8B71C87100236422034883
:104300000068FAF7F9FA08BD28950120A499012060
:1043100010B5044602F0F6F9094910230B71342355
:104320004B71230E8B71230CCB71230A0B724C72D1
:104330000023642203480068FAF7DEFA10BD00BFCC
:1043400028950120A499012010B5044602F0DAF95D
:10435000094910230B7138234B71230E8B71230CE9
:10436000CB71230A0B724C7200236422034800684D
:10437000FAF7C2FA10BD00BF28950120A4990120C8
:1043800010B5044602F0BEF9094910230B71402311
:104390004B71230E8B71230CCB71230A0B724C7261
:1043A0000023642203480068FAF7A6FA10BD00BF94
:1043B00028950120A499012010B5044602F0A2F925
:1043C000094910230B7144234B71230E8B71230C6D
:1043D000CB71230A0B724C720023642203480068DD
:1043E000FAF78AFA10BD00BF28950120A499012090
:1043F00010B5044602F086F9094910230B714823D1
:104400004B71230E8B71230CCB71230A0B724C72F0
:104410000023642203480068FAF76EFA10BD00BF5B
:1044200028950120A499012010B5044602F06AF9EC
:10443000094910230B7150234B71230E8B71230CF0
:10444000CB71230A0B724C7200236422034800686C
:10445000FAF752FA10BD00BF28950120A499012057
:1044600010B5044602F04EF9094910230B714C2394
:104470004B71230E8B71230CCB71230A0B724C7280
:104480000023642203480068FAF736FA10BD00BF23
:1044900028950120A499012010B5044602F032F9B4
:1044A000094910230B7154234B71230E8B71230C7C
:1044B000CB71230A0B724C720023642203480068FC
:1044C000FAF71AFA10BD00BF28950120A49901201F
:1044D00008B50B495A230B70A5234B7005238B702D
:1044E0008223CB7010230B715C234B71030A8B71F9
:1044F000C8710023642203480068FAF7FDF908BD7B
:1045000028950120A499012008B50B495A230B7066
:10451000A5234B7005238B708223CB7010230B7166
:104520005E234B71030A8B71C87100236422034818
:104530000068FAF7E1F908BD28950120A499012047
:1045400008B50B495A230B70A5234B7005238B70BC
:104550008223CB7010230B7160234B71030A8B7184
:10456000C8710023642203480068FAF7C5F908BD42
:1045700028950120A499012008B50B495A230B70F6
:10458000A5234B7005238B708223CB7010230B71F6
:1045900062234B71030A8B71C871002364220348A4
:1045A0000068FAF7A9F908BD28950120A49901200F
:1045B00008B50B495A230B70A5234B7005238B704C
:1045C0008223CB7010230B7164224A71030A8B7112
:1045D000C871002303480068FAF78EF908BD00BFD0
:1045E00028950120A499012008B50B495A230B7086
:1045F000A5234B7005238B708223CB7010230B7186
:1046000066234B71030A8B71C8710023642203482F
:104610000068FAF771F908BD28950120A4990120D6
:1046200008B50B495A230B70A5234B7005238B70DB
:104630008223CB7010230B7168234B71030A8B719B
:10464000C8710023642203480068FAF755F908BDD1
:1046500028950120A499012008B50B495A230B7015
:10466000A5234B7005238B708223CB7010230B7115
:104670006A234B71030A8B71C871002364220348BB
:104680000068FAF739F908BD28950120A49901209E
:1046900008B50B495A230B70A5234B7005238B706B
:1046A0008223CB7010230B716C234B71030A8B7127
:1046B000C8710023642203480068FAF71DF908BD99
:1046C00028950120A499012008B50B495A230B70A5
:1046D000A5234B7005238B708223CB7010230B71A5
:1046E0006E234B71030A8B71C87100236422034847
:1046F0000068FAF701F908BD28950120A499012066
:1047000008B50B495A230B70A5234B7005238B70FA
:104710008223CB7010230B7170234B71030A8B71B2
:10472000C8710023642203480068FAF7E5F808BD61
:1047300028950120A499012008B50B495A230B7034
:10474000A5234B7005238B708223CB7010230B7134
:1047500072234B71030A8B71C871002364220348D2
:104760000068FAF7C9F808BD28950120A49901202E
:1047700010B5044601F0C6FF094910230B717423DC
:104780004B71230E8B71230CCB71230A0B724C726D
:104790000023642203480068FAF7AEF810BD00BF9A
:1047A00028950120A499012010B5044601F0AAFF24
:1047B000094910230B7178234B71230E8B71230C45
:1047C000CB71230A0B724C720023642203480068E9
:1047D000FAF792F810BD00BF28950120A499012096
:1047E00030B50C4A002312F8134024B902EB4303FE
:1047F0005B78184630BD01680D78A54209BF02EB11
:10480000430301335B78013114BFDBB201600A2B33
:10481000E9D9EEE74C6B03004FF4001C1CEB410F91
:1048200098BF1CEB430F11D851EA030C50EA4C0C13
:104830005CEA020C0AD004D282428B4180414042A1
:104840007047904299418041404270470020704734
:104850004FF4001C1CEB410F98BF1CEB430F11D809
:1048600051EA030C50EA4C0C5CEA020C0AD004D268
:104870009042994180414042704782428B41804141
:1048800040427047002070470B4B93F820305BB2DA
:104890000BB10020704710B50C46074B98800021E3
:1048A000D96059619C601A619970197083F8211060
:1048B000FEF76CFA012010BD5C94012010B50B4C82
:1048C00094F8204064B20CB1002010BD074CA080C9
:1048D000E360029B6361A16022610021A1702170ED
:1048E00084F82110FEF752FA0120EEE75C940120D3
:1048F0000B4B01221A601A46136913F0010FFBD10A
:10490000074B10221A6002221A7300229A83DA835C
:1049100033229A721A461369002BFCD1704700BFEC
:10492000001800430B4A9368002BFCD1094B1B78FD
:1049300013F0020F04D0074B1B7813F0800F04D044
:10494000044A137843F004031370024A9368002B5F
:10495000FCD17047002000400B4A9368002BFCD12B
:10496000094B1B7813F0020F04D0074B1B7813F090
:10497000800F04D0044A137803F0FB031370024A3B
:104980009368002BFCD170470020004030B40D68C4
:10499000B5F1FF3F02D000F1080202E0026904E035
:1049A0001A4653681C68AC42FAD953684B60996048
:1049B0008A605160086103680133036030BC70474E
:1049C00010B540B90A4B4FF080521A60BFF34F8FB9
:1049D000BFF36F8F10BD044602F0FCFE002120469D
:1049E000FBF77AFAF8F71CFF0028F3D1EAE700BFDB
:1049F00004ED00E008B5094B1B78DBB2162B05D09F
:104A0000074B1B78DBB2162B00D008BD054B682284
:104A10009A60012000F0BAFEF7E700BFAD9B0120CD
:104A2000B19B0120E08F0120C0F3C75191B142003A
:104A30004FEA40704FEAD2014FEA310101F1605173
:104A4000B2F17F4F38BF704701F1605118BF41F498
:104A50000021704710F0004100207047037F13F0E1
:104A6000010F01D10020704710B582B0044602F05A
:104A70008CFD042802D8002002B010BD2368042257
:104A80000DEB02012046FEF75DFD0198F4E74FF4BF
:104A9000001C1CEB410F98BF1CEB430F0CD850EAD5
:104AA000410C08BF52EA430C08D0904208BF99421B
:104AB0000CBF012000207047002070470120704784
:104AC0000A4B586C20F4605020F018004004400C51
:104AD0009B6913F0010F08D0044A936923F0010386
:104AE0009361936913F0010FFBD1704700040042FA
:104AF0004FF08443586C20F4605020F018004004BC
:104B0000400C9B6913F0010F09D04FF08442936968
:104B100023F001039361936913F0010FFBD17047F8
:104B200030B400EB4004094B03EB84031B899BB2B8
:104B3000834201D030BC7047044B44002518AD00BF
:104B40005951204403EB80035A60F3E7C88D0120DC
:104B5000A0F50003A3F58043B3F5007F09D8064B09
:104B600000221A80054B58614FF425429A8001209B
:104B700070470020704700BFBA9B012000400041F1
:104B80000A4B5B8B13F0070F0ED0084B80221A766E
:104B900007225A831B7E13F0040F05D0034B9A6A39
:104BA0001A7E12F0040FFAD1704700BF00040043D0
:104BB0000A4B5B8B13F0070F0ED0084B80221A763E
:104BC00007225A831B7E13F0040F05D0034B9A6A09
:104BD0001A7E12F0040FFAD1704700BF000800439C
:104BE0004FF086435B8B13F0070F10D04FF08643D6
:104BF00080221A7607225A831B7E13F0040F06D0F8
:104C00004FF086439A6A1A7E12F0040FFAD1704769
:104C10000A4B5B8B13F0070F0ED0084B80221A76DD
:104C200007225A831B7E13F0040F05D0034B9A6AA8
:104C30001A7E12F0040FFAD1704700BF0020014124
:104C40000A4B5B8B13F0070F0ED0084B80221A76AD
:104C500007225A831B7E13F0040F05D0034B9A6A78
:104C60001A7E12F0040FFAD1704700BF000C004307
:104C700010B584B0094C246874B10191029203907C
:104C8000052902DC002004B010BD1A46002301A94A
:104C90002046FCF7E5FAF6E70020F4E798980120B3
:104CA00070B5EFF311854FF0200383F31188BFF344
:104CB0006F8FBFF34F8F836B1BB9002085F3118873
:104CC00070BD0446C66801F08DFCE6600120F5E782
:104CD000034668B11B6B1A78A52A0CD11A46C3F19A
:104CE0000103981812F8011FA529FAD0800870470F
:104CF000024B1B68EEE70020F8E700BFA0980120F8
:104D0000034668B11B6B1A78A52A0CD11A46C3F169
:104D10000103981812F8011FA529FAD080087047DE
:104D2000024B1B68EEE70020F8E700BFA0980120C7
:104D300070B50E461546044660B101F097FE04EBCF
:104D40008601CC6CCA6C22EA0502CA6402F090FBB0
:104D5000204670BD014B1C68EFE700BFA098012002
:104D600010B5044601F0BCFC074910230B717C23ED
:104D70004B71230A8B71CC710023642203480068B5
:104D8000F9F7BAFD10BD00BF28950120A4990120B4
:104D900010B5044601F0A4FC074910230B717E23D3
:104DA0004B71230A8B71CC71002364220348006885
:104DB000F9F7A2FD10BD00BF28950120A49901209C
:104DC00010B5044601F08CFC074910230B718023B9
:104DD0004B71230A8B71CC71002364220348006855
:104DE000F9F78AFD10BD00BF28950120A499012084
:104DF00010B5044601F074FC074910230B7182239F
:104E00004B71230A8B71CC71002364220348006824
:104E1000F9F772FD10BD00BF28950120A49901206B
:104E200010B5044601F05CFC074910230B71842384
:104E30004B71230A8B71CC710023642203480068F4
:104E4000F9F75AFD10BD00BF28950120A499012053
:104E500010B5044601F044FC074910230B7186236A
:104E60004B71230A8B71CC710023642203480068C4
:104E7000F9F742FD10BD00BF28950120A49901203B
:104E800010B5044601F02CFC074910230B71882350
:104E90004B71230A8B71CC71002364220348006894
:104EA000F9F72AFD10BD00BF28950120A499012023
:104EB00010B5044601F014FC074910230B710223BE
:104EC0004B71230A8B71CC71002364220348006864
:104ED000F9F712FD10BD00BF28950120A49901200B
:104EE00010B5044601F0FCFB074910230B710423A5
:104EF0004B71230A8B71CC71002364220348006834
:104F0000F9F7FAFC10BD00BF28950120A4990120F3
:104F100010B5044601F0E4FB074910230B7104238C
:104F20004B71230A8B71CC71002364220348006803
:104F3000F9F7E2FC10BD00BF28950120A4990120DB
:104F400010B5044601F0CCFB074910230B71022376
:104F50004B71230A8B71CC710023642203480068D3
:104F6000F9F7CAFC10BD00BF28950120A4990120C3
:104F700010B5044601F0B4FB074910230B713C2324
:104F80004B71230A8B71CC710023642203480068A3
:104F9000F9F7B2FC10BD00BF28950120A4990120AB
:104FA00010B5044601F09CFB074910230B713E230A
:104FB0004B71230A8B71CC71002364220348006873
:104FC000F9F79AFC10BD00BF28950120A499012093
:104FD00010B5044601F084FB074910230B713E23F2
:104FE0004B71230A8B71CC71002364220348006843
:104FF000F9F782FC10BD00BF28950120A49901207B
:1050000010B5044601F06CFB074910230B713C23DB
:105010004B71230A8B71CC71002364220348006812
:10502000F9F76AFC10BD00BF28950120A499012062
:1050300010B5044601F054FB074910230B718A2375
:105040004B71230A8B71CC710023642203480068E2
:10505000F9F752FC10BD00BF28950120A49901204A
:1050600010B5044601F03CFB074910230B718C235B
:105070004B71230A8B71CC710023642203480068B2
:10508000F9F73AFC10BD00BF28950120A499012032
:1050900010B5044601F024FB074910230B718E2341
:1050A0004B71230A8B71CC71002364220348006882
:1050B000F9F722FC10BD00BF28950120A49901201A
:1050C00010B5044601F00CFB074910230B71902327
:1050D0004B71230A8B71CC71002364220348006852
:1050E000F9F70AFC10BD00BF28950120A499012002
:1050F00010B5044601F0F4FA074920230B7102238E
:105100004B71230A8B71CC71002364220348006821
:10511000F9F7F2FB10BD00BF28950120A4990120EA
:1051200010B5044601F0EEFA074960230B71042321
:105130004B712368C1F806300023642203480068DD
:10514000F9F7DAFB10BD00BF28950120A4990120D2
:1051500010B5044601F0D6FA074960230B71082305
:105160004B712368C1F806300023642203480068AD
:10517000F9F7C2FB10BD00BF28950120A4990120BA
:1051800010B5044601F0BEFA074960230B710C23E9
:105190004B712368C1F8063000236422034800687D
:1051A000F9F7AAFB10BD00BF28950120A4990120A2
:1051B00053B94AB9002908BF00281CBF4FF0FF317E
:1051C0004FF0FF3002F096BDADF1080C6DE904CE52
:1051D000F5F720FCDDF804E0DDE9022304B07047B8
:1051E000094A936923F010039361936913F0080F40
:1051F000FBD1054A936923F001039361936913F08E
:10520000010FFBD1704700BF0004004210B4094BEE
:1052100000221A80031F00F5FE74081A0430C21819
:1052200053F8041F1160A342F9D101205DF8044B2B
:10523000704700BFBA9B0120084B4FF400325A6000
:105240001A46D369002BFCD1044B1D221A73044A61
:105250001A601A46D369002BFCD170470034004015
:105260000E00300008B5084B5B7A63B1064B987AA4
:10527000C0B233229A72054B1B6823B118B1034B9D
:1052800059681B68984708BD003C004050970120B2
:1052900008B5084B5B7A63B1064B987AC0B23322EB
:1052A0009A72054B1B6823B118B1034B59681B68F0
:1052B000984708BD00180042589701204FF08073AE
:1052C00040F8043C21F0010140F8081C054B40F86F
:1052D0000C3C40F8202C6FF0020340F8243C44388A
:1052E000704700BF4D6A030008B54FF0200383F3F9
:1052F0001188BFF36F8FBFF34F8FF8F709F918B11B
:10530000034B4FF080521A60002383F3118808BDCD
:1053100004ED00E00023054A1360054A1360054AC6
:105320001360054A1360054A13607047789801209E
:105330007C98012080980120849801208898012081
:1053400008B5084B1B78DBB2162B00D008BD064B06
:105350007C225A640222C3F89C20012000F042FA09
:10536000F4E700BFAD9B0120E08F012008B5084B9A
:105370001B78DBB2162B00D908BD064B7D229A6440
:105380000222C3F89C20012000F058FAF4E700BF85
:10539000B19B0120E08F012010B582B0012000F008
:1053A00055FB074B1C6802F0E3FB49F640430093B2
:1053B0000023024601212046FEF746FA02B010BD46
:1053C000389B012010B5044601F078F906491223F4
:1053D0000B7106234B71CC710023642203480068D3
:1053E000F9F78AFA10BD00BF28950120A499012081
:1053F00010B5044601F062F9064912230B7101232E
:105400004B71CC710023642203480068F9F774FAE9
:1054100010BD00BF28950120A499012010B50446B5
:1054200001F04CF9064912230B7102234B71CC7128
:105430000023642203480068F9F75EFA10BD00BF3C
:1054400028950120A499012010B5044601F036F9F1
:10545000064912230B7103234B71CC710023642284
:1054600003480068F9F748FA10BD00BF28950120ED
:10547000A499012010B5044601F020F90649122331
:105480000B7104234B71CC71002364220348006824
:10549000F9F732FA10BD00BF28950120A499012028
:1054A00010B5044601F00AF9064912230B710523D1
:1054B0004B71CC710023642203480068F9F71CFA91
:1054C00010BD00BF28950120A499012010B5044605
:1054D00001F0F4F8064912230B7106234B71CC71CD
:1054E0000023642203480068F9F706FA10BD00BFE4
:1054F00028950120A499012010B5044601F0DEF89A
:10550000064912230B7107234B71CC7100236422CF
:1055100003480068F9F7F0F910BD00BF2895012095
:10552000A499012010B5044601F0C8F806491023DB
:105530000B7100234B71220A8A71CC7164220348DB
:105540000068F9F7D9F910BD28950120A499012028
:1055500010B5044601F0B2F8064912230B710C2372
:105560004B71CC710023642203480068F9F7C4F939
:1055700010BD00BF28950120A499012010B5044654
:1055800001F09CF8064912230B710F234B71CC716B
:105590000023642203480068F9F7AEF910BD00BF8C
:1055A00028950120A499012010B5044601F086F841
:1055B000064913230B7101234B71CC710023642224
:1055C00003480068F9F798F910BD00BF289501203D
:1055D000A499012010B5044601F070F80649132380
:1055E0000B7102234B71CC710023642203480068C5
:1055F000F9F782F910BD00BF28950120A499012078
:1056000010B5044601F05AF8064913230B71032321
:105610004B71CC710023642203480068F9F76CF9E0
:1056200010BD00BF28950120A499012010B50446A3
:1056300001F044F8064913230B7104234B71CC711C
:105640000023642203480068F9F756F910BD00BF33
:1056500028950120A499012010B5044601F02EF8E8
:10566000064913230B7105234B71CC71002364226F
:1056700003480068F9F740F910BD00BF28950120E4
:10568000A499012010B5044601F018F80649132327
:105690000B7106234B71CC71002364220348006810
:1056A000F9F72AF910BD00BF28950120A49901201F
:1056B00010B5044601F002F8064913230B710723C5
:1056C0004B71CC710023642203480068F9F714F988
:1056D00010BD00BF28950120A499012010B50446F3
:1056E00000F0ECFF064913230B7108234B71CC71BA
:1056F0000023642203480068F9F7FEF810BD00BFDC
:1057000028950120A499012010B5044600F0D6FF89
:10571000064913230B7109234B71CC7100236422BA
:1057200003480068F9F7E8F810BD00BF289501208C
:10573000A499012008B500F0C1FF074912230B719D
:1057400030234B710123CB7100236422034800688E
:10575000F9F7D2F808BD00BF28950120A4990120CF
:1057600008B500F0ABFF074912230B7131234B71D1
:105770000123CB710023642203480068F9F7BCF8C9
:1057800008BD00BF28950120A499012010B504464A
:1057900000F094FF064913230B710A234B71CC715F
:1057A0000023642203480068F9F7A6F810BD00BF83
:1057B00028950120A499012010B5044600F07EFF31
:1057C000064913230B710B234B71CC710023642208
:1057D00003480068F9F790F810BD00BF2895012034
:1057E000A499012010B5044600F068FF0649132370
:1057F0000B710C234B71CC710023642203480068A9
:10580000F9F77AF810BD00BF28950120A49901206E
:1058100010B5044600F052FF064913230B710D2307
:105820004B71CC710023642203480068F9F764F8D7
:1058300010BD00BF28950120A499012010B5044691
:1058400000F03CFF064913230B710E234B71CC7102
:105850000023642203480068F9F74EF810BD00BF2A
:1058600028950120A499012010B5044600F026FFD8
:10587000064913230B710F234B71CC710023642253
:1058800003480068F9F738F810BD00BF28950120DB
:10589000A499012010B5044600F010FF0649132317
:1058A0000B7110234B71CC710023642203480068F4
:1058B000F9F722F810BD00BF28950120A499012016
:1058C00010B5044600F0FAFE064913230B711123AC
:1058D0004B71CC710023642203480068F9F70CF87F
:1058E00010BD00BF28950120A499012010B50446E1
:1058F00000F0E4FE064913230B7112234B71CC71A7
:105900000023642203480068F8F7F6FF10BD00BFCB
:1059100028950120A499012010B5044600F0CEFE80
:10592000064913230B7114234B71CC71002364229D
:1059300003480068F8F7E0FF10BD00BF289501207C
:10594000A499012010B5044600F0B8FE06491323BF
:105950000B7115234B71CC7100236422034800683E
:10596000F8F7CAFF10BD00BF28950120A4990120B7
:1059700010B5044600F0A2FE064913230B7116234E
:105980004B71CC710023642203480068F8F7B4FF20
:1059900010BD00BF28950120A499012010B5044630
:1059A00000F08CFE064913230B7125234B71CC713B
:1059B0000023642203480068F8F79EFF10BD00BF73
:1059C00028950120A499012010B5044600F076FE28
:1059D000064913230B7117234B71CC7100236422EA
:1059E00003480068F8F788FF10BD00BF2895012024
:1059F000A499012010B5044600F060FE0649132367
:105A00000B7127234B71CC7100236422034800687B
:105A1000F8F772FF10BD00BF28950120A49901205E
:105A200010B5044600F04AFE064913230B711823F3
:105A30004B71CC710023642203480068F8F75CFFC7
:105A400010BD00BF28950120A499012010B504467F
:105A500000F034FE064913230B7119234B71CC71EE
:105A60000023642203480068F8F746FF10BD00BF1A
:105A700028950120A499012010B5044600F01EFECF
:105A8000064913230B711A234B71CC710023642236
:105A900003480068F8F730FF10BD00BF28950120CB
:105AA000A499012010B5044600F008FE064913230E
:105AB0000B711B234B71CC710023642203480068D7
:105AC000F8F71AFF10BD00BF28950120A499012006
:105AD00010B5044600F0F2FD064913230B71232391
:105AE0004B71CC710023642203480068F8F704FF6F
:105AF00010BD00BF28950120A499012010B50446CF
:105B000000F0DCFD064913230B7122234B71CC718D
:105B10000023642203480068F8F7EEFE10BD00BFC2
:105B200028950120A499012010B5044600F0C6FD77
:105B3000064913230B7124234B71CC71002364227B
:105B400003480068F8F7D8FE10BD00BF2895012073
:105B5000A499012010B5044600F0B0FD06491323B6
:105B60000B7126234B71CC7100236422034800681B
:105B7000F8F7C2FE10BD00BF28950120A4990120AE
:105B800010B5044600F09AFD064913230B711C233F
:105B90004B71CC710023642203480068F8F7ACFE17
:105BA00010BD00BF28950120A499012010B504461E
:105BB00000F084FD064913230B711D234B71CC713A
:105BC0000023642203480068F8F796FE10BD00BF6A
:105BD00028950120A499012010B5044600F06EFD1F
:105BE000064913230B711E234B71CC7100236422D1
:105BF00003480068F8F780FE10BD00BF289501201B
:105C0000A499012010B5044600F058FD064913235D
:105C10000B711F234B71CC71002364220348006871
:105C2000F8F76AFE10BD00BF28950120A499012055
:105C300010B5044600F042FD064913230B712023E2
:105C40004B71CC710023642203480068F8F754FEBE
:105C500010BD00BF28950120A499012010B504466D
:105C600000F02CFD064913230B7121234B71CC71DD
:105C70000023642203480068F8F73EFE10BD00BF11
:105C800028950120A499012010B5044600F016FDC6
:105C9000064912230B7110234B71CC71002364222F
:105CA00003480068F8F728FE10BD00BF28950120C2
:105CB000A499012010B5044600F000FD0649122306
:105CC0000B7111234B71CC710023642203480068CF
:105CD000F8F712FE10BD00BF28950120A4990120FD
:105CE00010B5044600F0EAFC064920230B7102239C
:105CF0004B71CC710023642203480068F8F7FCFD67
:105D000010BD00BF28950120A499012010B50446BC
:105D100000F0E6FC064920230B7100234B71220A98
:105D20008A71CC71642203480068F8F7E5FD10BD64
:105D300028950120A499012010B5044600F0E2FC4A
:105D4000064960230B7100234B712268C1F80620BD
:105D5000642203480068F8F7CFFD10BD28950120A4
:105D6000A499012000B553EC112B83B051EC100B1A
:105D70008DED002BF8F728FD9DED002B53EC122B39
:105D8000F5F7B6FC41EC100B03B05DF804FB00BF67
:105D90004FF08442936923F010039361936913F0E9
:105DA000080FFBD14FF08442936923F00103936104
:105DB000936913F0010FFBD1704738B5044610B159
:105DC000A0FB012363B901FB04F42046F8F762FC51
:105DD000054618B12246002101F03CFD284638BD99
:105DE0000025FBE738B5044601F0F4FC636843B1D5
:105DF0004FF0007529462069FAF7D8F96368002B3F
:105E0000F8D1F7F70DFD2046FAF766FC38BD80297A
:105E100010DB812901DD83290CD11368073323F0BE
:105E2000070303F108011160D3E90023C0E900234F
:105E30000120704700207047084A936823F001034F
:105E40009360D36813F0010FFBD1044B5A6822F022
:105E500002025A6001229A60704700BF0060004150
:105E6000084A936823F001039360D36813F0010F8D
:105E7000FBD1044B5A6842F002025A6001229A6038
:105E8000704700BF00600041084A936823F0010397
:105E90009360D36813F0010FFBD1044B5A6822F0D2
:105EA00004025A6001229A60704700BF00600041FE
:105EB000084A936823F001039360D36813F0010F3D
:105EC000FBD1044B5A6842F004025A6001229A60E6
:105ED000704700BF0060004108B5074B4FF40062F7
:105EE0005A61064BD3F884302BB1044BD3F88800A9
:105EF000D3F88430984708BD00280040C88D0120A1
:105F000008B5074B4FF480525A61064BD3F89030D6
:105F10002BB1044BD3F89400D3F89030984708BDC8
:105F200000280040C88D0120074B00221A80074B33
:105F300058611B8803F030031BB9044B4AF203522B
:105F40009A800120704700BFBA9B012000400041A9
:105F5000074B93F820305BB23BB9064B588B00F0EF
:105F60003000103818BF012070470120704700BF73
:105F70005C94012000400141074B93F82C3043B161
:105F8000064B84221A75044B002283F82C20DA6118
:105F90001A620120704700BF6C9301200004004387
:105FA000074B93F82C3043B1064B84221A75044BEF
:105FB000002283F82C20DA611A620120704700BFAA
:105FC0009C93012000080043074B93F82C3043B109
:105FD000064B84221A75044B002283F82C20DA61C8
:105FE0001A620120704700BFFC930120002001418C
:105FF000074B93F82C3043B1064B84221A75044B9F
:10600000002283F82C20DA611A620120704700BF59
:106010002C940120000C0043084A537943F080037C
:106020005371136913F0040FFBD1044A537913F031
:10603000E00FFBD1014B988A704700BF0018004366
:10604000084A537943F080035371136913F0040F26
:10605000FBD1044A537913F0E00FFBD1014B988A2E
:10606000704700BF003C0040084A537943F080036A
:106070005371136913F0040FFBD1044A537913F0E1
:10608000E00FFBD1014B988A704700BF0018004217
:10609000084A537943F080035371936813F0040F57
:1060A000FBD1044A537913F0E00FFBD1014B586B3D
:1060B000704700BF00600141084A537943F08003F4
:1060C0005371936813F0040FFBD1044A537913F012
:1060D000E00FFBD1014B586B80B2704700100043BA
:1060E00008480068006880F308884FF0000080F3DB
:1060F000148862B661B6BFF34F8FBFF36F8F00DFB6
:1061000000BF000008ED00E0054B00221A600549C1
:106110000A60054A0549116007221A60704700BFEE
:1061200010E000E018E000E014E000E0BFD401005F
:1061300038B504460D4600F099FC45B194F824307A
:1061400043F0040384F8243001F092F938BD94F848
:10615000243003F0FB03F5E7074B1B681B6823B9EA
:10616000064B4FF0FF321A607047034B1B68DB6829
:106170001A68024B1A607047A4980120C498012045
:1061800008B5074C074E4FF08055FCF771FE2368A9
:10619000012BFAD93560BFF34F8FBFF36F8FF4E750
:1061A0002491012004ED00E0EFF311834FF0200271
:1061B00082F31188BFF36F8FBFF34F8F18B1C06A9E
:1061C00083F311887047014A1068F8E7A09801200E
:1061D000EFF311834FF0200282F31188BFF36F8F2A
:1061E000BFF34F8F18B1406C83F311887047014A99
:1061F0001068F8E7A0980120074B1B782BB1074BDC
:106200004FF40012C3F814217047044B4FF40012EE
:10621000C3F81821704700BF3A9D0120008000415B
:1062200010B582B0074B1C6801F0A2FC4FF4FA6372
:1062300000930023024601212046FDF705FB02B032
:1062400010BD00BF089B012010B582B0074B1C6831
:1062500001F08EFC4FF4FA63009300230246012103
:106260002046FDF7F1FA02B010BD00BF089B0120E7
:1062700010B582B0074B1C6801F07AFC4FF4FA634A
:1062800000930023024601212046FDF7DDFA02B00B
:1062900010BD00BF089B012010B582B0074B1C68E1
:1062A00001F066FC4FF4FA630093002302460121DB
:1062B0002046FDF7C9FA02B010BD00BF089B0120BF
:1062C00010B582B0074B1C6801F052FC4FF4FA6322
:1062D00000930023024601212046FDF7B5FA02B0E3
:1062E00010BD00BF089B012008B5074B1B78DBB22F
:1062F000162B00D008BD054B7C225A640120C3F840
:106300009C00FFF759FAF5E7AD9B0120E08F0120D3
:1063100008B5074B1B78DBB2162B00D008BD054B28
:106320007D229A640120C3F89C00FFF771FAF5E71B
:10633000B19B0120E08F012010B5044600F0BEF9AA
:10634000054912230B7100234B71CC716422034861
:106350000068F8F7D1FA10BD28950120A499012012
:1063600010B5044600F0AAF9054913230B71002368
:106370004B71CC71642203480068F8F7BDFA10BD78
:1063800028950120A499012010B5044600F096F943
:10639000054913230B714B71CC7100236422034810
:1063A0000068F8F7A9FA10BD28950120A4990120EA
:1063B00010B5044600F082F9054920230B71002333
:1063C0004B71CC71642203480068F8F795FA10BD50
:1063D00028950120A499012070B504460D46164663
:1063E000A1692B46324629442046FCF7E1FE28B13C
:1063F000A3691D44236A20469847F1E770BD60B148
:1064000088420CD310B50C4602220021FCF785FE11
:10641000034600B18463184610BD002300E000234A
:106420001846704738B505699542044628BF154699
:106430002A46406901F0B2F8636922692B44551B72
:106440000022636125611A7038BD7047074A93883E
:106450009BB2014323F4F85323F01F030B439380B3
:10646000136B13F0040FFBD1704700BF001C0043F7
:10647000074AD38823F4E0631B041B0CD380D38822
:1064800043EA0020D080136B002BFCD1704700BF83
:10649000001C0043074B93F82E3003F00103002B40
:1064A00014BF0120002003D0024B012283F82E20CC
:1064B000704700BF001C0043074A93889BB201430A
:1064C00023F4F85323F01F030B439380136B13F053
:1064D000040FFBD1704700BF00200043074AD38858
:1064E00023F4E0631B041B0CD380D38843EA002011
:1064F000D080136B002BFCD1704700BF00200043FD
:10650000074B93F82E3003F00103002B14BF01203A
:10651000002003D0024B012283F82E20704700BFD9
:106520000020004308B5064B4FF480725A61054BBA
:106530001B6E1BB1034B586E1B6E984708BD00BF06
:1065400000280040C88D012008B5064B4FF40072AA
:106550005A61054BDB6E1BB1034B186FDB6E98471E
:1065600008BD00BF00280040C88D012008B5064BBB
:106570004FF480625A61054B9B6F1BB1034BD86F80
:106580009B6F984708BD00BF00280040C88D0120C0
:10659000074B93F82C304BB14FF0864384221A7589
:1065A000034B002283F82C20DA611A620120704725
:1065B000CC930120014BB3F840007047001C00430E
:1065C000074B19680868B0E8F04F80F30988BFF3FB
:1065D0006F8F4FF0000080F311887047AFF3008099
:1065E000A0980120026C72B110B5C3681344C36057
:1065F0008468A34224BF0368C3600C46C168204678
:1066000000F0CCFF10BD704710B5024600210120FC
:10661000FCF783FD044638B1002181600160C16050
:106620000B460A46F8F768F9204610BD10B5044637
:1066300001F0D0F800F01AFA044B186820441860F2
:1066400000F016FFF7F7ECF810BD00BFCC98012062
:1066500010B5044600F00AFA044B1B682360044B93
:106660001B68636000F004FF10BD00BFC8980120E4
:10667000D4980120BFF34F8F0549CA6802F4E06245
:10668000044B1343CB60BFF34F8F00BFFDE700BF48
:1066900000ED00E00400FA0508B50020FFF73CF922
:1066A000044901230B700223002203480068F8F715
:1066B00023F908BDB09B0120049A012010B5074CB6
:1066C00024220021201D01F0C5F85A232370A523A0
:1066D00063700523A3708223E37010BD2895012009
:1066E00010B5074C24220021201D01F0B3F85A23D5
:1066F0002370A52363700523A3708223E37010BD6C
:106700002895012010B5074C24220021201D01F0FE
:10671000A1F85A232370A52363700723A370822353
:10672000E37010BD289501200369416882688A6082
:10673000416851605A68824204BF82685A600022F0
:106740000261186801381860704710F0004160B1AC
:1067500048BF40420A0D02F21D42B0FA80F3D21A3D
:106760009840C30A400503EB02517047064A9368FC
:1067700023F001039360D36813F0010FFBD1024BA8
:1067800001221A62704700BF0060004108B5054B46
:1067900002225A61044BDB681BB1034B1869DB68AA
:1067A000984708BD00280040C88D012008B5054B5A
:1067B00004225A61044B9B691BB1034BD8699B6946
:1067C000984708BD00280040C88D012008B5054B3A
:1067D00020225A61044BDB6B1BB1034B186CDB6B43
:1067E000984708BD00280040C88D012008B5054B1A
:1067F00040225A61044B9B6C1BB1034BD86C9B6CC1
:10680000984708BD00280040C88D012008B5054BF9
:1068100080225A61044B5B6D1BB1034B986D5B6D1D
:10682000984708BD00280040C88D012051B10028BC
:1068300008DB420900F01F00012303FA00F0024BBD
:1068400043F82200704700BF00E100E00549088AD4
:10685000054B1A8802431A801A8892B20A82188855
:10686000704700BF00400041BA9B012000F01F03A9
:10687000400900F5020000F5807003EBC01090F8AD
:10688000403003F0FE0380F840307047064B1B6831
:1068900013F0020F07D1044A136843F00203136098
:1068A000D369002BFCD1704700040043064B1B68E2
:1068B00013F0020F07D0044A136823F00203136099
:1068C000D369002BFCD1704700040043064B1B68C2
:1068D00013F0020F07D1044A136843F00203136058
:1068E000D369002BFCD1704700080043064B1B689E
:1068F00013F0020F07D0044A136823F00203136059
:10690000D369002BFCD17047000800434FF0864349
:106910001B6813F0020F08D14FF08642136843F052
:1069200002031360D369002BFCD170474FF08643FC
:106930001B6813F0020F08D04FF08642136823F053
:1069400002031360D369002BFCD17047064B1B6810
:1069500013F0020F07D1044A136843F002031360D7
:10696000D369002BFCD1704700200141064B1B6806
:1069700013F0020F07D0044A136823F002031360D8
:10698000D369002BFCD1704700200141064B1B68E6
:1069900013F0020F07D1044A136843F00203136097
:1069A000D369002BFCD17047000C0043064B1B68D9
:1069B00013F0020F07D0044A136823F00203136098
:1069C000D369002BFCD17047000C0043064B1B6BB6
:1069D00013F0800F05D120F07F40034BD8660120D3
:1069E00070470020704700BF00600141064B1B6BE1
:1069F00013F0200F06D140EA0120034BA3F86400F6
:106A0000012070470020704700600141064B1B7851
:106A100013F0800F07D1044A137843F00203137078
:106A20009368002BFCD1704700200040064A936811
:106A3000002BFCD1044A137803F0FD031370936814
:106A4000002BFCD1704700BF0020004082B0002323
:106A500001934FF0200383F31188BFF36F8FBFF3CF
:106A60004F8F019B002BFCD002B070474FF02003EA
:106A700083F31188BFF36F8FBFF34F8F024A136800
:106A800001331360704700BFD89D012030B4856882
:106A900003680468416802689A42F9D1681E20447C
:106AA000401A854298BF401B30BC704710B5044661
:106AB000FFF7DCFF24B1E46A00F0DAFC204610BDE9
:106AC000014B1C68F7E700BFA098012010B50446F1
:106AD000FFF7CCFF24B1646C00F0CAFC204610BD67
:106AE000014B1C68F7E700BFA0980120054B1B680D
:106AF00033B1054B1B68002B0CBF022000207047F0
:106B000001207047D0980120B4980120044B012245
:106B10001A700023034A1370034A1370704700BFB2
:106B2000159C0120DD9B0120169C0120044B0122B5
:106B30001A700023034A1370034A1370704700BF92
:106B4000179C0120DD9B0120189C012068076C091F
:106B50004C836A9074A07AC00080688800846C823C
:106B60000081286E696C2900250010B5002393422E
:106B700006D113F0030018BF012000EB930010BDF5
:106B8000C45CCC540133F2E7054A138823F00203B6
:106B90001B041B0C1380136B002BFCD1704700BF30
:106BA000001C0043054A138823F002031B041B0C3E
:106BB0001380136B002BFCD1704700BF00200043F3
:106BC00010B429B1044B43F8301003EBC0035A60F2
:106BD0005DF8044B704700BFA096012010B429B1A6
:106BE000044B43F8301003EBC0035A605DF8044BCC
:106BF000704700BFB0960120044B00221A80044B5E
:106C000058614AF201529A8001207047BA9B0120D4
:106C100000400041054A53699BB25361536943EAFE
:106C2000014141EA00615161704700BF00600141CC
:106C3000054A9368002BFCD1034BA5221A731A4610
:106C40009368002BFCD170470020004000B583B052
:106C500000230193FFF70AFF019B002BFCD000F0FB
:106C600007FC03B05DF804FBEFF311834FF0200243
:106C700082F31188BFF36F8FBFF34F8F006883F3E8
:106C80001188704710B50C46044B19681831FDF790
:106C90007DFE01212046F9F71FF910BDA0980120C3
:106CA00008B50A210348FCF7CFFC034B1868F9F735
:106CB000F3FF08BD14970120809B012013B5044603
:106CC000019201AAF3F722FD636813F0100F18BFB9
:106CD0004FF0FF3002B010BD10B51820F7F7DAFC06
:106CE000044620B1002340F8043B00F0ECFA2046B3
:106CF00010BD70B506460C46FFF7B8FE356825EAAC
:106D00000404346000F0B4FB284670BD08B5037F6E
:106D100013F0020F02D1F9F7DFFC08BD2422002195
:106D200000F098FDF9E730EE600A32EE612A20EEBD
:106D3000022A31EE601A82EE010A30EE210A704713
:106D40000EB403B503AA52F8041B019200F058FFD9
:106D500002B05DF804EB03B0704708B5F9F72AFB01
:106D6000DFF726FBFFF753F8F9F7CEFABDE8084046
:106D7000FAF7B4BA044A138843F002031380136B82
:106D8000002BFCD1704700BF001C0043044A137D58
:106D900043F002031375136B13F4006FFBD17047BC
:106DA000001C0043044A138843F002031380136B52
:106DB000002BFCD1704700BF00200043044A137D24
:106DC00043F002031375136B13F4006FFBD170478C
:106DD00000200043044A936943F0100393619369D0
:106DE00013F0080FFBD0704700040042044A936878
:106DF00023F001039360D36813F0010FFBD17047B8
:106E000000600041034B00221A80034B4AF23352C8
:106E10009A807047BA9B012000400041044A5368A1
:106E200043F480335360D369002BFCD1704700BF1B
:106E300000040043044A536823F480335360D36949
:106E4000002BFCD1704700BF00040043044A536884
:106E500043F400335360D369002BFCD1704700BF6B
:106E600000040043044A536823F400335360D36999
:106E7000002BFCD1704700BF00040043044A536854
:106E800043F480335360D369002BFCD1704700BFBB
:106E900000080043044A536823F480335360D369E5
:106EA000002BFCD1704700BF00080043044A536820
:106EB00043F400335360D369002BFCD1704700BF0B
:106EC00000080043044A536823F400335360D36935
:106ED000002BFCD1704700BF00080043044A5368F0
:106EE00043F480335360D369002BFCD1704700BF5B
:106EF00000200141044A536823F480335360D3696E
:106F0000002BFCD1704700BF00200141044A5368A8
:106F100043F400335360D369002BFCD1704700BFAA
:106F200000200141044A536823F400335360D369BD
:106F3000002BFCD1704700BF00200141044A536878
:106F400043F480335360D369002BFCD1704700BFFA
:106F5000000C0043044A536823F480335360D36920
:106F6000002BFCD1704700BF000C0043044A53685B
:106F700043F400335360D369002BFCD1704700BF4A
:106F8000000C0043044A536823F400335360D36970
:106F9000002BFCD1704700BF000C0043044A13686B
:106FA00043F002031360136913F0020FFBD1704723
:106FB00000180043044A136823F0020313601369A6
:106FC00013F0020FFBD17047001800434001C0B21C
:106FD000034B58711A461369002BFCD1704700BF50
:106FE00000180043044BDB7A13F0100F03BF024B71
:106FF000188601200020704700180043044BDB7AFC
:1070000013F0200F03BF024B588601200020704769
:1070100000180043044A136843F002031360136925
:1070200013F0020FFBD17047003C0040044A136884
:1070300023F002031360136913F0020FFBD17047B2
:10704000003C00404001C0B2034B58711A4613691E
:10705000002BFCD1704700BF003C0040044A13687D
:1070600043F002031360136913F0020FFBD1704762
:1070700000180042044A136823F0020313601369E6
:1070800013F0020FFBD17047001800424001C0B25C
:10709000034B58711A461369002BFCD1704700BF8F
:1070A00000180042044A136843F002031360936817
:1070B00013F0020FFBD1704700600141044A1368CE
:1070C00023F002031360936813F0020FFBD17047A3
:1070D00000600141044A936813F0800FFBD1024B1A
:1070E000186C20F07F4070470060014120F07F4025
:1070F000034B58631A46936813F0100FFBD1704787
:1071000000600141044A537943F06003537193686E
:1071100013F0040FFBD1704700600141044A13686B
:1071200043F002031360936813F0020FFBD1704722
:1071300000100043044A136823F0020313609368AD
:1071400013F0020FFBD1704700100043044B1B6B80
:1071500013F0800F03BF024BD86601200020704758
:1071600000100043044A936813F0800FFBD1024BD8
:10717000186C80B2704700BF00100043044A537976
:1071800043F060035371936813F0040FFBD1704711
:1071900000100043044A537803F0F00300F00F009E
:1071A00003435370704700BF00200040044B9B68AE
:1071B00013F0100F02D1024BA5221A73704700BFC3
:1071C0000020004010B50446FFF750FC94F824401E
:1071D000C4F3800400F04CF9204610BD10B50446FD
:1071E000FFF744FC94F8244004F0010400F040F957
:1071F000204610BD10B5047F04F00104A400FFF781
:1072000045FCA0428CBF0020012010BD034B1B6831
:107210000360034B1B684360704700BFC8980120A0
:10722000D4980120044B1A68906919681A68CB6ACF
:10723000C3F1050393617047A0980120034B01221D
:107240001A70034B00221A70704700BFEB9B01209D
:10725000DD9B0120034B01221A70034B00221A70A0
:10726000704700BFF89B0120DD9B0120034B0122EA
:107270001A70034B00221A70704700BFF99B01205F
:10728000DD9B01204FF08442936943F0100393612A
:10729000936913F0080FFBD0704710B50446FFF751
:1072A000E5FBA46B00F0E4F8B4FA84F0400910BDEB
:1072B00038B50546FFF7DAFBAB6BEC6BE41A00F070
:1072C000D7F8204638BD00F1080343604FF0FF3285
:1072D0008260C360036100230360704743684B60B2
:1072E0009A688A605160996008610368013303609D
:1072F0007047FEE7034B9881D9811A46136B002B28
:10730000FCD17047001C0043034B9881D9811A4679
:10731000136B002BFCD1704700200043034BD3F8C4
:10732000CC3023FA00F000F0010070470004004266
:10733000034B1A6C02701B6CC3F306230B7070476F
:1073400000040042034A13889BB223F03003184321
:107350001080704700400041034B588A80F00100C4
:1073600000F00100704700BF00400041034B187E51
:1073700080F00200C0F34000704700BF00340040BE
:107380004FF08642536843F480335360D369002B37
:10739000FCD170474FF08642536823F4803353602A
:1073A000D369002BFCD170474FF08642536843F4F9
:1073B00000335360D369002BFCD170474FF08642F5
:1073C000536823F400335360D369002BFCD170471A
:1073D000034B98821A46136913F0100FFBD17047C4
:1073E00000180043034B98821A46136913F0100FDC
:1073F000FBD17047003C0040034B98831A46136949
:1074000013F0400FFBD17047003C0040034B9882C3
:107410001A46136913F0100FFBD170470018004291
:10742000034B98831A46136913F0400FFBD1704742
:1074300000180042034B58631A46936813F0100F6C
:10744000FBD1704700100043034B1B7813F0820FF1
:1074500014BF01200020704700200040DFF80C001E
:10746000016841F4700101607047000088ED00E0A0
:10747000034A1368013B13600BB983F3118870470B
:10748000D89D01200023024A1360024A136070470E
:10749000989801209C980120002908BF0121836849
:1074A0008B4286BFC160012000207047034610B1A7
:1074B00003F134007047014B1B68F9E7A0980120E5
:1074C000034B186810B1836C01338364704700BFAD
:1074D000A0980120C17503006B6B0300DF7C0300E3
:1074E000DF7C0300DF7C03004FF08443D3F8CC3013
:1074F00023FA00F000F0010070474FF084431A6C4B
:1075000002701B6CC3F306230B707047EFF31080FF
:1075100072B6BFF35F8FB0FA80F04009704718B1C0
:10752000BFF35F8F62B6704772B6BFF35F8F70476D
:107530004FF0200383F31188BFF36F8FBFF34F8F9A
:10754000FEE74FF0200383F31188BFF36F8FBFF383
:107550004F8FFEE710B50446FFF788FAE469FFF79E
:1075600087FF204610BD38B504460D46FFF77EFA6A
:10757000E561FFF77DFF38BD10B50446FFF776FAE9
:10758000A46BFFF775FF204610BD82684368134463
:107590000068181A824298BF801A704710B50023FD
:1075A0009A4200D110BDCC5CC4540133F8E70346C5
:1075B00011F8012B184603F8012B002AF8D1704767
:1075C0000A440023914201D10020704701F8013B99
:1075D000F8E7FEE7024BD3F8C40000F03F00704725
:1075E0000004004210B1024B18605960704700BFA0
:1075F0003097012010B1024B18605960704700BFEE
:107600002897012010B1024B18605960704700BFE5
:107610002097012010B1024B18605960704700BFDD
:107620004897012010B1024B18605960704700BFA5
:107630004097012010B1024B18605960704700BF9D
:1076400038970120012303FA00F0014B18617047BD
:1076500000280040012303FA00F0014BD860704776
:1076600000280040024B40F204521A80704700BFCD
:107670000040004108B513460A461946FFF78EFF41
:10768000012008BD024B58614AF211529A8070479E
:1076900000400041024B58614AF212529A807047F2
:1076A00000400041024B4AF216529A80704700BFD8
:1076B00000400041024BD86AC0F38000704700BF11
:1076C00000400041024B188AC0F30020704700BF01
:1076D00000400041024B4AF217529A80704700BFA7
:1076E00000400041024B4AF232529A80704700BF7C
:1076F0000040004108B50B46024600210846F6F757
:1077000047F908BD024BD88D0022DA85704700BFCB
:107710006C930120024B187EC0F34000704700BFFD
:1077200000040043024BD88D0022DA85704700BF69
:107730009C930120024B187EC0F34000704700BFAD
:1077400000080043024BD88D0022DA85704700BF45
:10775000CC930120024BD88D0022DA85704700BF00
:10776000FC930120024B187EC0F34000704700BF1D
:1077700000200141024BD88D0022DA85704700BFFE
:107780002C940120024B187EC0F34000704700BFCC
:10779000000C0043024B987AC0B29872704700BF49
:1077A00000180043024BD86AD862DB6A704700BFFA
:1077B00000600141024BD86AD862DB6A704700BFA3
:1077C00000100043024B1878C0F38000704700BFE0
:1077D00000200040024A136801331360704700BF65
:1077E000B498012010B9024B186870470020704708
:1077F000A098012008B5024B1868F9F74DFA08BDAA
:107800000C9A012008B5024B1868F9F745FA08BD33
:10781000649A012008B5024B1868F9F73DFA08BDD3
:10782000489A012008B5024B1868F9F735FA08BDE7
:10783000589A012008B5024B1868F9F72DFA08BDCF
:10784000109A0120494E4600696E66004E414E0076
:107850006E616E0002440346934200D1704703F804
:10786000011BF9E703461A46013311780029FAD1C2
:10787000101A70474FF08443D3F8C40000F03F0063
:107880007047836BC06B984214BF00200120704783
:1078900003684068984214BF002001207047A0F19F
:1078A0004103192B98BF40F020007047014BB3F8FB
:1078B00044007047001C0043014B83F82E007047C2
:1078C000001C0043014B83F82D007047001C00434F
:1078D000014B83F82C007047001C0043014BB3F8A8
:1078E0004000704700200043014BB3F8440070474C
:1078F00000200043014B83F82E0070470020004316
:10790000014B83F82D00704700200043014B83F8A2
:107910002C00704700200043014B588A704700BF7D
:1079200000400041014B9869704700BF0040004192
:10793000014BD86A704700BF0040004103695A40BC
:107940000A405A4002617047014B58629962704781
:107950005C940120014B93F8210070475C94012056
:1079600008B500231A46F6F713F808BD014B187D39
:10797000704700BF6C930120014B9868704700BFAF
:107980006C930120014BD860196170476C93012002
:10799000014B93F82C0070476C930120014B186A3F
:1079A000704700BF6C930120014B58629962704789
:1079B0006C930120014B187D704700BF9C93012000
:1079C000014B9868704700BF9C930120014BD86021
:1079D000196170479C930120014B93F82C0070476C
:1079E0009C930120014B186A704700BF9C930120B3
:1079F000014B5862996270479C930120014B187D9E
:107A0000704700BFCC930120014B9868704700BFBE
:107A1000CC930120014BD86019617047CC930120B1
:107A20004FF08643187EC0F340007047014B93F837
:107A30002C007047CC930120014B186A704700BF9F
:107A4000CC930120014B586299627047CC9301207E
:107A5000014B187D704700BFFC930120014B9868D3
:107A6000704700BFFC930120014BD860196170473B
:107A7000FC930120014B93F82C007047FC930120EC
:107A8000014B186A704700BFFC930120014B5862FC
:107A900099627047FC930120014B187D704700BF2D
:107AA0002C940120014B9868704700BF2C94012052
:107AB000014BD860196170472C940120014B93F859
:107AC0002C0070472C940120014B186A704700BFAE
:107AD0002C940120014B5862996270472C9401202C
:107AE000014B988B704700BF003C0040014B186071
:107AF0005960704750970120014B988B704700BF29
:107B000000180042014B18605960704758970120D7
:107B1000014B01229A62704700600141014B012232
:107B20005A62704700600141014B01229A6270471E
:107B300000100043014B01225A62704700100043BD
:107B4000014B1878C009704700200040014B1868AD
:107B5000704700BF7C980120014B1868704700BF38
:107B600080980120014B1868704700BF9C98012045
:107B7000014B1868704700BFD4980120014B18686A
:107B8000704700BFD4980120014B1868704700BFB0
:107B9000AC980120014B01221A607047D89801204F
:107BA000014B1868704700BFA0980120014B0022CC
:107BB0001A707047DD9B0120014B00221A7070473C
:107BC000DD9B0120014B00221A707047DD9B0120D4
:107BD000014B83229A657047E08F0120014B0122FF
:107BE0001A707047FF9B0120014B01221A707047E9
:107BF000FD9B012010B50446FFF7D9FC204610BDBF
:107C000013460A466FF00041FAF7FCBF806BB0FAEA
:107C100080F040097047BFF35F8F62B670477047CE
:107C2000004870470087930300487047008793031C
:107C3000004870470087930300487047008793030C
:107C400000487047008793030048704700879303FC
:107C500000487047008793030048704700879303EC
:107C600008B5FFF7AFFA08BD546D72205376630074
:107C700008B5F8F731FD08BD08B5FAF7EBF808BD0F
:107C800008B5FFF736F808BD08B5FFF77EFC08BD5C
:107C900083F00043F3F72CBD4FF0FF3070474FF0F7
:107CA000FF30704700230361704781617047416175
:107CB0007047C1617047416070478160704780695B
:107CC00070474068704700687047806B7047006C71
:107CD0007047C06B7047006A7047016270470020B0
:107CE0007047002070470020704700207047FFF762
:0E7CF000D6BD7047704700BF704770477047A1
:00000001FF
